<TABLE_DEFINITIONS Table="CA1-3" Name="Personal income summary" ReleaseDate="November 2012" Source="USDOC/BEA/REIS"><LINE><Code>1</Code><Description>Personal income (thousands of dollars)</Description><Definition>Personal Income is the income that is received by all persons from all sources. It is calculated as the sum of wage and salary disbursements, supplements to wages and salaries, proprietors' income with inventory valuation and capital consumption adjustments, rental income of persons with capital consumption adjustment, personal dividend income, personal interest income, and personal current transfer receipts, less contributions for government social insurance.  The personal income of an area is the income that is received by, or on behalf of, all the   individuals who live in the area; therefore, the estimates of personal income are presented by the place of residence of the income recipients.</Definition></LINE><LINE><Code>2</Code><Description>Population (persons)</Description><Definition>BEA uses the Census Bureau's midyear population estimates.  Except for college students and other seasonal populations, which are measured on April 1, the population for all years is estimated on July 1.</Definition></LINE><LINE><Code>3</Code><Description>Per capita personal income (dollars)</Description><Definition>Personal income is the income that is received by persons from all sources. It is calculated as the sum of wage and salary disbursements, supplements to wages and salaries, proprietors' income with inventory valuation and capital consumption adjustments, rental income of persons with capital consumption adjustment, personal dividend income, personal interest income, and personal current transfer receipts, less contributions for government social insurance.  This measure of income is calculated as the personal income of the residents of a given area divided by the resident population of the area.  In computing per capita personal income, BEA uses the Census Bureau's annual midyear population estimates.</Definition></LINE></TABLE_DEFINITIONS>
