"CA1-3 Personal income summary"
"Personal income (thousands of dollars)" 
"Bureau of Economic Analysis" 
"County"
"Fips","Area","2011"
"01001","Autauga, AL",1804871
"01003","Baldwin, AL",7099655
"01005","Barbour, AL",726972
"01007","Bibb, AL",550485
"01009","Blount, AL",1569973
"01011","Bullock, AL",244451
"01013","Butler, AL",589813
"01015","Calhoun, AL",3740976
"01017","Chambers, AL",984014
"01019","Cherokee, AL",700136
"01021","Chilton, AL",1266124
"01023","Choctaw, AL",408956
"01025","Clarke, AL",791663
"01027","Clay, AL",364403
"01029","Cleburne, AL",428962
"01031","Coffee, AL",1851952
"01033","Colbert, AL",1730377
"01035","Conecuh, AL",369845
"01037","Coosa, AL",253667
"01039","Covington, AL",1118870
"01041","Crenshaw, AL",420346
"01043","Cullman, AL",2465681
"01045","Dale, AL",1521003
"01047","Dallas, AL",1239945
"01049","DeKalb, AL",1826224
"01051","Elmore, AL",2723483
"01053","Escambia, AL",1075304
"01055","Etowah, AL",3321447
"01057","Fayette, AL",461917
"01059","Franklin, AL",843544
"01061","Geneva, AL",804696
"01063","Greene, AL",282595
"01065","Hale, AL",469686
"01067","Henry, AL",555240
"01069","Houston, AL",3719061
"01071","Jackson, AL",1630235
"01073","Jefferson, AL",29041963
"01075","Lamar, AL",392553
"01077","Lauderdale, AL",2988554
"01079","Lawrence, AL",994291
"01081","Lee, AL",4190433
"01083","Limestone, AL",2923858
"01085","Lowndes, AL",358664
"01087","Macon, AL",585550
"01089","Madison, AL",14149126
"01091","Marengo, AL",692495
"01093","Marion, AL",804490
"01095","Marshall, AL",2876090
"01097","Mobile, AL",13523711
"01099","Monroe, AL",642848
"01101","Montgomery, AL",8913225
"01103","Morgan, AL",3946954
"01105","Perry, AL",300205
"01107","Pickens, AL",559387
"01109","Pike, AL",1127970
"01111","Randolph, AL",598458
"01113","Russell, AL",1741956
"01115","St. Clair, AL",2721015
"01117","Shelby, AL",8854507
"01119","Sumter, AL",346110
"01121","Talladega, AL",2516897
"01123","Tallapoosa, AL",1286125
"01125","Tuscaloosa, AL",6848028
"01127","Walker, AL",2210966
"01129","Washington, AL",493907
"01131","Wilcox, AL",298491
"01133","Winston, AL",632067
"02010","Aleutian Islands Census Area, AK","(NA)"
"02013","Aleutians East Borough, AK",88754
"02016","Aleutians West Census Area, AK",175274
"02020","Anchorage Municipality, AK",15061531
"02050","Bethel Census Area, AK",559198
"02060","Bristol Bay Borough, AK",51219
"02068","Denali Borough, AK",111654
"02070","Dillingham Census Area, AK",199231
"02090","Fairbanks North Star Borough, AK",4228145
"02100","Haines Borough, AK",174993
"02105","Hoonah-Angoon Census Area, AK",83017
"02110","Juneau City and Borough, AK",1551670
"02122","Kenai Peninsula Borough, AK",2351446
"02130","Ketchikan Gateway Borough, AK",701814
"02150","Kodiak Island Borough, AK",609689
"02164","Lake and Peninsula Borough, AK",61754
"02170","Matanuska-Susitna Borough, AK",3852961
"02180","Nome Census Area, AK",346539
"02185","North Slope Borough, AK",460392
"02188","Northwest Arctic Borough, AK",268489
"02195","Petersburg Census Area, AK",185003
"02198","Prince of Wales-Hyder Census Area, AK",177583
"02201","Prince of Wales-Outer Ketchikan Census Area, AK","(NA)"
"02220","Sitka City and Borough, AK",394286
"02230","Skagway Municipality, AK",56739
"02231","Skagway-Yakutat-Angoon Census Area, AK","(NA)"
"02232","Skagway-Hoonah-Angoon Census Area, AK","(NA)"
"02240","Southeast Fairbanks Census Area, AK",318918
"02261","Valdez-Cordova Census Area, AK",442476
"02270","Wade Hampton Census Area, AK",168506
"02275","Wrangell City and Borough, AK",83965
"02280","Wrangell-Petersburg Census Area, AK","(NA)"
"02282","Yakutat City and Borough, AK",26981
"02290","Yukon-Koyukuk Census Area, AK",210736
"02901","Aleutian Islands Division, AK","(NA)"
"02903","Angoon Division, AK","(NA)"
"02904","Barrow-North Slope Division, AK","(NA)"
"02905","Bethel Division, AK","(NA)"
"02907","Bristol Bay Division, AK","(NA)"
"02908","Cordova-McCarthy Division, AK","(NA)"
"02910","Haines Division, AK","(NA)"
"02912","Kenai-Cook Inlet Division, AK","(NA)"
"02916","Kuskokwim Division, AK","(NA)"
"02919","Outer Ketchikan Division, AK","(NA)"
"02920","Prince of Wales Division, AK","(NA)"
"02921","Seward Division, AK","(NA)"
"02922","Sitka Division, AK","(NA)"
"02923","Skagway-Yakutat Division, AK","(NA)"
"02924","Southeast Fairbanks Division, AK","(NA)"
"02925","Upper Yukon Division, AK","(NA)"
"02926","Valdez-Chitina-Whittier Division, AK","(NA)"
"02928","Wrangell-Petersburg Division, AK","(NA)"
"02929","Yukon-Koyukuk Division, AK","(NA)"
"04001","Apache, AZ",1868915
"04003","Cochise, AZ",4763499
"04005","Coconino, AZ",4620811
"04007","Gila, AZ",1692440
"04009","Graham, AZ",936660
"04011","Greenlee, AZ",269655
"04012","La Paz, AZ",593229
"04013","Maricopa, AZ",147724392
"04015","Mohave, AZ",5290530
"04017","Navajo, AZ",2744408
"04019","Pima, AZ",34596360
"04021","Pinal, AZ",9301723
"04023","Santa Cruz, AZ",1193646
"04025","Yavapai, AZ",6248490
"04027","Yuma, AZ",5441761
"05001","Arkansas, AR",758949
"05003","Ashley, AR",754645
"05005","Baxter, AR",1343046
"05007","Benton, AR",8361251
"05009","Boone, AR",1130938
"05011","Bradley, AR",349826
"05013","Calhoun, AR",145862
"05015","Carroll, AR",746145
"05017","Chicot, AR",378821
"05019","Clark, AR",694571
"05021","Clay, AR",486549
"05023","Cleburne, AR",904558
"05025","Cleveland, AR",277944
"05027","Columbia, AR",811407
"05029","Conway, AR",702349
"05031","Craighead, AR",3203890
"05033","Crawford, AR",1715803
"05035","Crittenden, AR",1609202
"05037","Cross, AR",550119
"05039","Dallas, AR",242443
"05041","Desha, AR",422463
"05043","Drew, AR",574074
"05045","Faulkner, AR",3868946
"05047","Franklin, AR",552109
"05049","Fulton, AR",328588
"05051","Garland, AR",3433790
"05053","Grant, AR",586421
"05055","Greene, AR",1226460
"05057","Hempstead, AR",655380
"05059","Hot Spring, AR",911609
"05061","Howard, AR",386174
"05063","Independence, AR",1145942
"05065","Izard, AR",355188
"05067","Jackson, AR",554820
"05069","Jefferson, AR",2411450
"05071","Johnson, AR",631997
"05073","Lafayette, AR",203868
"05075","Lawrence, AR",469353
"05077","Lee, AR",316406
"05079","Lincoln, AR",364036
"05081","Little River, AR",392240
"05083","Logan, AR",596769
"05085","Lonoke, AR",2286285
"05087","Madison, AR",345823
"05089","Marion, AR",442240
"05091","Miller, AR",1467636
"05093","Mississippi, AR",1504952
"05095","Monroe, AR",256247
"05097","Montgomery, AR",228387
"05099","Nevada, AR",269721
"05101","Newton, AR",215912
"05103","Ouachita, AR",802424
"05105","Perry, AR",333386
"05107","Phillips, AR",671445
"05109","Pike, AR",322579
"05111","Poinsett, AR",744010
"05113","Polk, AR",500060
"05115","Pope, AR",1808017
"05117","Prairie, AR",273574
"05119","Pulaski, AR",16973344
"05121","Randolph, AR",492978
"05123","St. Francis, AR",737649
"05125","Saline, AR",4275921
"05127","Scott, AR",260558
"05129","Searcy, AR",208342
"05131","Sebastian, AR",4710253
"05133","Sevier, AR",396460
"05135","Sharp, AR",438213
"05137","Stone, AR",320250
"05139","Union, AR",1753811
"05141","Van Buren, AR",503210
"05143","Washington, AR",6893898
"05145","White, AR",2315640
"05147","Woodruff, AR",226808
"05149","Yell, AR",590601
"06001","Alameda, CA",75908145
"06003","Alpine, CA",54300
"06005","Amador, CA",1354505
"06007","Butte, CA",7347286
"06009","Calaveras, CA",1614117
"06011","Colusa, CA",1007214
"06013","Contra Costa, CA",60778675
"06015","Del Norte, CA",780110
"06017","El Dorado, CA",9040926
"06019","Fresno, CA",29741055
"06021","Glenn, CA",1034988
"06023","Humboldt, CA",4488677
"06025","Imperial, CA",5019684
"06027","Inyo, CA",700416
"06029","Kern, CA",26744017
"06031","Kings, CA",4521766
"06033","Lake, CA",2146801
"06035","Lassen, CA",986835
"06037","Los Angeles, CA",420913463
"06039","Madera, CA",4378332
"06041","Marin, CA",21871623
"06043","Mariposa, CA",620363
"06045","Mendocino, CA",3170419
"06047","Merced, CA",7406375
"06049","Modoc, CA",344017
"06051","Mono, CA",591967
"06053","Monterey, CA",17355940
"06055","Napa, CA",7077381
"06057","Nevada, CA",4369841
"06059","Orange, CA",154131535
"06061","Placer, CA",17312666
"06063","Plumas, CA",777528
"06065","Riverside, CA",67024780
"06067","Sacramento, CA",54861602
"06069","San Benito, CA",1964156
"06071","San Bernardino, CA",61957654
"06073","San Diego, CA",146955781
"06075","San Francisco, CA",60432766
"06077","San Joaquin, CA",21591743
"06079","San Luis Obispo, CA",10966438
"06081","San Mateo, CA",50596839
"06083","Santa Barbara, CA",19303120
"06085","Santa Clara, CA",111880131
"06087","Santa Cruz, CA",12919550
"06089","Shasta, CA",6304893
"06091","Sierra, CA",113024
"06093","Siskiyou, CA",1510036
"06095","Solano, CA",15858521
"06097","Sonoma, CA",22126957
"06099","Stanislaus, CA",16652338
"06101","Sutter, CA",3218506
"06103","Tehama, CA",1754879
"06105","Trinity, CA",417024
"06107","Tulare, CA",13315788
"06109","Tuolumne, CA",2015683
"06111","Ventura, CA",38141164
"06113","Yolo, CA",7454973
"06115","Yuba, CA",2209059
"08001","Adams, CO",14925051
"08003","Alamosa, CO",524744
"08005","Arapahoe, CO",28656232
"08007","Archuleta, CO",378847
"08009","Baca, CO",170242
"08011","Bent, CO",148919
"08013","Boulder, CO",15535659
"08014","Broomfield, CO",2345227
"08015","Chaffee, CO",578238
"08017","Cheyenne, CO",108041
"08019","Clear Creek, CO",498678
"08021","Conejos, CO",212567
"08023","Costilla, CO",99338
"08025","Crowley, CO",96092
"08027","Custer, CO",146305
"08029","Delta, CO",953332
"08031","Denver, CO",33811096
"08033","Dolores, CO",60139
"08035","Douglas, CO",20879152
"08037","Eagle, CO",2521062
"08039","Elbert, CO",1033699
"08041","El Paso, CO",25420872
"08043","Fremont, CO",1299183
"08045","Garfield, CO",2130264
"08047","Gilpin, CO",237511
"08049","Grand, CO",560163
"08051","Gunnison, CO",528384
"08053","Hinsdale, CO",34266
"08055","Huerfano, CO",204600
"08057","Jackson, CO",61108
"08059","Jefferson, CO",24391425
"08061","Kiowa, CO",62260
"08063","Kit Carson, CO",320655
"08065","Lake, CO",217415
"08067","La Plata, CO",2255966
"08069","Larimer, CO",12149896
"08071","Las Animas, CO",480605
"08073","Lincoln, CO",169908
"08075","Logan, CO",785443
"08077","Mesa, CO",5172828
"08079","Mineral, CO",32032
"08081","Moffat, CO",550754
"08083","Montezuma, CO",865406
"08085","Montrose, CO",1268583
"08087","Morgan, CO",943561
"08089","Otero, CO",591802
"08091","Ouray, CO",182507
"08093","Park, CO",545995
"08095","Phillips, CO",176200
"08097","Pitkin, CO",1352530
"08099","Prowers, CO",426481
"08101","Pueblo, CO",5098868
"08103","Rio Blanco, CO",276650
"08105","Rio Grande, CO",407118
"08107","Routt, CO",1199787
"08109","Saguache, CO",154579
"08111","San Juan, CO",20659
"08113","San Miguel, CO",357589
"08115","Sedgwick, CO",119962
"08117","Summit, CO",1304242
"08119","Teller, CO",987900
"08121","Washington, CO",196325
"08123","Weld, CO",7755562
"08125","Yuma, CO",429975
"09001","Fairfield, CT",72687013
"09003","Hartford, CT",48291117
"09005","Litchfield, CT",10032065
"09007","Middlesex, CT",8999279
"09009","New Haven, CT",42606302
"09011","New London, CT",12978185
"09013","Tolland, CT",7110469
"09015","Windham, CT",4624539
"10001","Kent, DE",5489241
"10003","New Castle, DE",25101238
"10005","Sussex, DE",7009239
"11001","District of Columbia, DC",45597835
"12001","Alachua, FL",8931208
"12003","Baker, FL",690431
"12005","Bay, FL",6296304
"12007","Bradford, FL",821075
"12009","Brevard, FL",20670931
"12011","Broward, FL",76133577
"12013","Calhoun, FL",329184
"12015","Charlotte, FL",5643740
"12017","Citrus, FL",4575486
"12019","Clay, FL",6439788
"12021","Collier, FL",19446631
"12023","Columbia, FL",1903709
"12027","DeSoto, FL",857497
"12029","Dixie, FL",341714
"12031","Duval, FL",34704611
"12033","Escambia, FL",10782146
"12035","Flagler, FL",3229939
"12037","Franklin, FL",337992
"12039","Gadsden, FL",1281980
"12041","Gilchrist, FL",524192
"12043","Glades, FL",299769
"12045","Gulf, FL",412402
"12047","Hamilton, FL",293499
"12049","Hardee, FL",694343
"12051","Hendry, FL",1105613
"12053","Hernando, FL",5318934
"12055","Highlands, FL",2940103
"12057","Hillsborough, FL",49671035
"12059","Holmes, FL",523141
"12061","Indian River, FL",7080348
"12063","Jackson, FL",1431106
"12065","Jefferson, FL",424408
"12067","Lafayette, FL",170976
"12069","Lake, FL",10188278
"12071","Lee, FL",27161256
"12073","Leon, FL",10235670
"12075","Levy, FL",1093493
"12077","Liberty, FL",201292
"12079","Madison, FL",475059
"12081","Manatee, FL",13307545
"12083","Marion, FL",10876674
"12085","Martin, FL",7787403
"12086","Miami-Dade, FL",96657710
"12087","Monroe, FL",4354126
"12089","Nassau, FL",3420288
"12091","Okaloosa, FL",7913960
"12093","Okeechobee, FL",1036843
"12095","Orange, FL",42076361
"12097","Osceola, FL",7503530
"12099","Palm Beach, FL",71432467
"12101","Pasco, FL",14974427
"12103","Pinellas, FL",40936300
"12105","Polk, FL",20385393
"12107","Putnam, FL",2046821
"12109","St. Johns, FL",10119541
"12111","St. Lucie, FL",8626570
"12113","Santa Rosa, FL",5569461
"12115","Sarasota, FL",20551266
"12117","Seminole, FL",17391307
"12119","Sumter, FL",2719951
"12121","Suwannee, FL",1174728
"12123","Taylor, FL",612909
"12125","Union, FL",293133
"12127","Volusia, FL",16544186
"12129","Wakulla, FL",903241
"12131","Walton, FL",1863642
"12133","Washington, FL",614907
"13001","Appling, GA",493306
"13003","Atkinson, GA",186473
"13005","Bacon, GA",278517
"13007","Baker, GA",122319
"13009","Baldwin, GA",1267349
"13011","Banks, GA",510747
"13013","Barrow, GA",2136242
"13015","Bartow, GA",2787900
"13017","Ben Hill, GA",470208
"13019","Berrien, GA",547956
"13021","Bibb, GA",5580917
"13023","Bleckley, GA",395873
"13025","Brantley, GA",420603
"13027","Brooks, GA",500999
"13029","Bryan, GA",1257762
"13031","Bulloch, GA",1773587
"13033","Burke, GA",671023
"13035","Butts, GA",595507
"13037","Calhoun, GA",150216
"13039","Camden, GA",1616052
"13043","Candler, GA",282830
"13045","Carroll, GA",3219636
"13047","Catoosa, GA",1915546
"13049","Charlton, GA",248613
"13051","Chatham, GA",11263750
"13053","Chattahoochee, GA",401413
"13055","Chattooga, GA",606761
"13057","Cherokee, GA",8054368
"13059","Clarke, GA",3002539
"13061","Clay, GA",93318
"13063","Clayton, GA",6997192
"13065","Clinch, GA",175076
"13067","Cobb, GA",32033629
"13069","Coffee, GA",1076336
"13071","Colquitt, GA",1241367
"13073","Columbia, GA",5472526
"13075","Cook, GA",427170
"13077","Coweta, GA",4386887
"13079","Crawford, GA",393682
"13081","Crisp, GA",629847
"13083","Dade, GA",445827
"13085","Dawson, GA",727553
"13087","Decatur, GA",795320
"13089","DeKalb, GA",28178781
"13091","Dodge, GA",507565
"13093","Dooly, GA",297342
"13095","Dougherty, GA",2719374
"13097","Douglas, GA",3968750
"13099","Early, GA",387643
"13101","Echols, GA",95714
"13103","Effingham, GA",1815818
"13105","Elbert, GA",570984
"13107","Emanuel, GA",596540
"13109","Evans, GA",306029
"13111","Fannin, GA",681809
"13113","Fayette, GA",4792110
"13115","Floyd, GA",3182913
"13117","Forsyth, GA",7519814
"13119","Franklin, GA",633103
"13121","Fulton, GA",54555649
"13123","Gilmer, GA",782419
"13125","Glascock, GA",69879
"13127","Glynn, GA",2943629
"13129","Gordon, GA",1467371
"13131","Grady, GA",702122
"13133","Greene, GA",616055
"13135","Gwinnett, GA",27108076
"13137","Habersham, GA",1171787
"13139","Hall, GA",5857937
"13141","Hancock, GA",197952
"13143","Haralson, GA",811815
"13145","Harris, GA",1584672
"13147","Hart, GA",671890
"13149","Heard, GA",308740
"13151","Henry, GA",6250412
"13153","Houston, GA",4990432
"13155","Irwin, GA",275407
"13157","Jackson, GA",1840640
"13159","Jasper, GA",414026
"13161","Jeff Davis, GA",378735
"13163","Jefferson, GA",442042
"13165","Jenkins, GA",203829
"13167","Johnson, GA",208489
"13169","Jones, GA",974324
"13171","Lamar, GA",484507
"13173","Lanier, GA",264618
"13175","Laurens, GA",1420367
"13177","Lee, GA",1177227
"13179","Liberty, GA",1828710
"13181","Lincoln, GA",228726
"13183","Long, GA",325018
"13185","Lowndes, GA",3461515
"13187","Lumpkin, GA",828043
"13189","McDuffie, GA",675641
"13191","McIntosh, GA",329234
"13193","Macon, GA",324539
"13195","Madison, GA",818554
"13197","Marion, GA",234579
"13199","Meriwether, GA",604249
"13201","Miller, GA",206857
"13205","Mitchell, GA",621584
"13207","Monroe, GA",1048934
"13209","Montgomery, GA",237968
"13211","Morgan, GA",645986
"13213","Murray, GA",995913
"13215","Muscogee, GA",7688848
"13217","Newton, GA",2603987
"13219","Oconee, GA",1780432
"13221","Oglethorpe, GA",449657
"13223","Paulding, GA",5237155
"13225","Peach, GA",829153
"13227","Pickens, GA",1070906
"13229","Pierce, GA",528314
"13231","Pike, GA",543326
"13233","Polk, GA",1090265
"13235","Pulaski, GA",308070
"13237","Putnam, GA",683155
"13239","Quitman, GA",63465
"13241","Rabun, GA",493495
"13243","Randolph, GA",215362
"13245","Richmond, GA",6100830
"13247","Rockdale, GA",2730734
"13249","Schley, GA",103242
"13251","Screven, GA",423461
"13253","Seminole, GA",315290
"13255","Spalding, GA",1812449
"13257","Stephens, GA",793157
"13259","Stewart, GA",141022
"13261","Sumter, GA",932575
"13263","Talbot, GA",177370
"13265","Taliaferro, GA",47898
"13267","Tattnall, GA",621153
"13269","Taylor, GA",220796
"13271","Telfair, GA",279147
"13273","Terrell, GA",298652
"13275","Thomas, GA",1595292
"13277","Tift, GA",1226626
"13279","Toombs, GA",848653
"13281","Towns, GA",375394
"13283","Treutlen, GA",168480
"13285","Troup, GA",2196202
"13287","Turner, GA",260082
"13289","Twiggs, GA",283273
"13291","Union, GA",661097
"13293","Upson, GA",737726
"13295","Walker, GA",1876130
"13297","Walton, GA",2895675
"13299","Ware, GA",980357
"13301","Warren, GA",156898
"13303","Washington, GA",611154
"13305","Wayne, GA",883060
"13307","Webster, GA",68585
"13309","Wheeler, GA",137662
"13311","White, GA",702475
"13313","Whitfield, GA",2893666
"13315","Wilcox, GA",235240
"13317","Wilkes, GA",294747
"13319","Wilkinson, GA",270026
"13321","Worth, GA",700254
"15001","Hawaii, HI",5928662
"15003","Honolulu, HI",44926809
"15007","Kauai, HI",2472457
"15901","Maui + Kalawao, HI",5686143
"16001","Ada, ID",15927071
"16003","Adams, ID",111914
"16005","Bannock, ID",2411839
"16007","Bear Lake, ID",180861
"16009","Benewah, ID",293820
"16011","Bingham, ID",1263678
"16013","Blaine, ID",1260599
"16015","Boise, ID",257349
"16017","Bonner, ID",1282726
"16019","Bonneville, ID",3700888
"16021","Boundary, ID",288619
"16023","Butte, ID",99631
"16025","Camas, ID",43455
"16027","Canyon, ID",4519099
"16029","Caribou, ID",231590
"16031","Cassia, ID",800269
"16033","Clark, ID",51807
"16035","Clearwater, ID",265348
"16037","Custer, ID",148126
"16039","Elmore, ID",926673
"16041","Franklin, ID",350350
"16043","Fremont (includes Yellowstone Park), ID",322228
"16045","Gem, ID",448209
"16047","Gooding, ID",637249
"16049","Idaho, ID",457646
"16051","Jefferson, ID",726233
"16053","Jerome, ID",715449
"16055","Kootenai, ID",4646516
"16057","Latah, ID",1199314
"16059","Lemhi, ID",244847
"16061","Lewis, ID",166526
"16063","Lincoln, ID",158346
"16065","Madison, ID",726367
"16067","Minidoka, ID",634594
"16069","Nez Perce, ID",1427865
"16071","Oneida, ID",118154
"16073","Owyhee, ID",360761
"16075","Payette, ID",653121
"16077","Power, ID",240246
"16079","Shoshone, ID",419407
"16081","Teton, ID",261320
"16083","Twin Falls, ID",2506629
"16085","Valley, ID",346412
"16087","Washington, ID",283085
"17001","Adams, IL",2575226
"17003","Alexander, IL",216515
"17005","Bond, IL",614103
"17007","Boone, IL",1807789
"17009","Brown, IL",196822
"17011","Bureau, IL",1303349
"17013","Calhoun, IL",169677
"17015","Carroll, IL",544051
"17017","Cass, IL",461525
"17019","Champaign, IL",7223403
"17021","Christian, IL",1344704
"17023","Clark, IL",572555
"17025","Clay, IL",454104
"17027","Clinton, IL",1489449
"17029","Coles, IL",1772568
"17031","Cook, IL",244871968
"17033","Crawford, IL",754355
"17035","Cumberland, IL",398348
"17037","DeKalb, IL",3311084
"17039","De Witt, IL",647598
"17041","Douglas, IL",785708
"17043","DuPage, IL",50323760
"17045","Edgar, IL",645552
"17047","Edwards, IL",208813
"17049","Effingham, IL",1298583
"17051","Fayette, IL",630297
"17053","Ford, IL",621714
"17055","Franklin, IL",1175174
"17057","Fulton, IL",1246484
"17059","Gallatin, IL",204903
"17061","Greene, IL",435642
"17063","Grundy, IL",1745988
"17065","Hamilton, IL",292126
"17067","Hancock, IL",669044
"17069","Hardin, IL",124070
"17071","Henderson, IL",265330
"17073","Henry, IL",1882467
"17075","Iroquois, IL",1155100
"17077","Jackson, IL",2004889
"17079","Jasper, IL",344482
"17081","Jefferson, IL",1298653
"17083","Jersey, IL",882332
"17085","Jo Daviess, IL",964250
"17087","Johnson, IL",327993
"17089","Kane, IL",19402519
"17091","Kankakee, IL",3771473
"17093","Kendall, IL",4449601
"17095","Knox, IL",1771198
"17097","Lake, IL",39305689
"17099","LaSalle, IL",4227115
"17101","Lawrence, IL",479330
"17103","Lee, IL",1234800
"17105","Livingston, IL",1649404
"17107","Logan, IL",1057728
"17109","McDonough, IL",1060165
"17111","McHenry, IL",12608405
"17113","McLean, IL",7131939
"17115","Macon, IL",4494616
"17117","Macoupin, IL",1741058
"17119","Madison, IL",10237196
"17121","Marion, IL",1312046
"17123","Marshall, IL",516261
"17125","Mason, IL",552405
"17127","Massac, IL",491720
"17129","Menard, IL",527727
"17131","Mercer, IL",664979
"17133","Monroe, IL",1489193
"17135","Montgomery, IL",979634
"17137","Morgan, IL",1205688
"17139","Moultrie, IL",553870
"17141","Ogle, IL",1898387
"17143","Peoria, IL",8477686
"17145","Perry, IL",590894
"17147","Piatt, IL",808420
"17149","Pike, IL",540458
"17151","Pope, IL",120533
"17153","Pulaski, IL",197630
"17155","Putnam, IL",235185
"17157","Randolph, IL",990236
"17159","Richland, IL",507884
"17161","Rock Island, IL",5774185
"17163","St. Clair, IL",9913102
"17165","Saline, IL",829713
"17167","Sangamon, IL",8602169
"17169","Schuyler, IL",265989
"17171","Scott, IL",187829
"17173","Shelby, IL",788206
"17175","Stark, IL",237278
"17177","Stephenson, IL",1758882
"17179","Tazewell, IL",5685466
"17181","Union, IL",553780
"17183","Vermilion, IL",2658710
"17185","Wabash, IL",411247
"17187","Warren, IL",626193
"17189","Washington, IL",574493
"17191","Wayne, IL",563252
"17193","White, IL",556863
"17195","Whiteside, IL",2178196
"17197","Will, IL",28937682
"17199","Williamson, IL",2243416
"17201","Winnebago, IL",10106551
"17203","Woodford, IL",1663659
"18001","Adams, IN",1016197
"18003","Allen, IN",12612682
"18005","Bartholomew, IN",3087168
"18007","Benton, IN",355087
"18009","Blackford, IN",383973
"18011","Boone, IN",3045079
"18013","Brown, IN",541489
"18015","Carroll, IN",662270
"18017","Cass, IN",1228844
"18019","Clark, IN",3781998
"18021","Clay, IN",833102
"18023","Clinton, IN",1061830
"18025","Crawford, IN",296501
"18027","Daviess, IN",1054938
"18029","Dearborn, IN",1772817
"18031","Decatur, IN",891284
"18033","DeKalb, IN",1352983
"18035","Delaware, IN",3549132
"18037","Dubois, IN",1718263
"18039","Elkhart, IN",6392262
"18041","Fayette, IN",694306
"18043","Floyd, IN",3015966
"18045","Fountain, IN",574601
"18047","Franklin, IN",842394
"18049","Fulton, IN",652964
"18051","Gibson, IN",1174894
"18053","Grant, IN",2243195
"18055","Greene, IN",1021692
"18057","Hamilton, IN",14656275
"18059","Hancock, IN",3083129
"18061","Harrison, IN",1263538
"18063","Hendricks, IN",5355001
"18065","Henry, IN",1439199
"18067","Howard, IN",2671738
"18069","Huntington, IN",1199119
"18071","Jackson, IN",1415328
"18073","Jasper, IN",1203381
"18075","Jay, IN",657659
"18077","Jefferson, IN",963343
"18079","Jennings, IN",886351
"18081","Johnson, IN",5180300
"18083","Knox, IN",1398030
"18085","Kosciusko, IN",2903294
"18087","Lagrange, IN",893320
"18089","Lake, IN",17268557
"18091","LaPorte, IN",3525015
"18093","Lawrence, IN",1441517
"18095","Madison, IN",3992335
"18097","Marion, IN",34910486
"18099","Marshall, IN",1512050
"18101","Martin, IN",344860
"18103","Miami, IN",988480
"18105","Monroe, IN",4336682
"18107","Montgomery, IN",1270279
"18109","Morgan, IN",2614178
"18111","Newton, IN",468082
"18113","Noble, IN",1444587
"18115","Ohio, IN",219800
"18117","Orange, IN",599209
"18119","Owen, IN",645156
"18121","Parke, IN",485770
"18123","Perry, IN",585508
"18125","Pike, IN",401245
"18127","Porter, IN",7117866
"18129","Posey, IN",1047589
"18131","Pulaski, IN",468655
"18133","Putnam, IN",1206423
"18135","Randolph, IN",855542
"18137","Ripley, IN",864347
"18139","Rush, IN",642646
"18141","St. Joseph, IN",9678196
"18143","Scott, IN",672627
"18145","Shelby, IN",1568487
"18147","Spencer, IN",710713
"18149","Starke, IN",645954
"18151","Steuben, IN",1064530
"18153","Sullivan, IN",623055
"18155","Switzerland, IN",300528
"18157","Tippecanoe, IN",5446559
"18159","Tipton, IN",594117
"18161","Union, IN",251368
"18163","Vanderburgh, IN",6961186
"18165","Vermillion, IN",546415
"18167","Vigo, IN",3425736
"18169","Wabash, IN",1091344
"18171","Warren, IN",303159
"18173","Warrick, IN",2515029
"18175","Washington, IN",831565
"18177","Wayne, IN",2121700
"18179","Wells, IN",951867
"18181","White, IN",863855
"18183","Whitley, IN",1133917
"19001","Adair, IA",303523
"19003","Adams, IA",174385
"19005","Allamakee, IA",507983
"19007","Appanoose, IA",379257
"19009","Audubon, IA",317159
"19011","Benton, IA",1107134
"19013","Black Hawk, IA",4927973
"19015","Boone, IA",1074365
"19017","Bremer, IA",1047892
"19019","Buchanan, IA",820018
"19021","Buena Vista, IA",846156
"19023","Butler, IA",680229
"19025","Calhoun, IA",471347
"19027","Carroll, IA",942025
"19029","Cass, IA",600635
"19031","Cedar, IA",797660
"19033","Cerro Gordo, IA",1811347
"19035","Cherokee, IA",546150
"19037","Chickasaw, IA",540854
"19039","Clarke, IA",301774
"19041","Clay, IA",741293
"19043","Clayton, IA",696462
"19045","Clinton, IA",1928254
"19047","Crawford, IA",740196
"19049","Dallas, IA",3315258
"19051","Davis, IA",239484
"19053","Decatur, IA",223742
"19055","Delaware, IA",739187
"19057","Des Moines, IA",1561339
"19059","Dickinson, IA",771952
"19061","Dubuque, IA",3680443
"19063","Emmet, IA",400473
"19065","Fayette, IA",777563
"19067","Floyd, IA",613659
"19069","Franklin, IA",539836
"19071","Fremont, IA",321061
"19073","Greene, IA",435985
"19075","Grundy, IA",620248
"19077","Guthrie, IA",457525
"19079","Hamilton, IA",713896
"19081","Hancock, IA",495828
"19083","Hardin, IA",799478
"19085","Harrison, IA",621073
"19087","Henry, IA",660470
"19089","Howard, IA",386350
"19091","Humboldt, IA",445621
"19093","Ida, IA",372408
"19095","Iowa, IA",661842
"19097","Jackson, IA",714618
"19099","Jasper, IA",1259318
"19101","Jefferson, IA",564035
"19103","Johnson, IA",5500965
"19105","Jones, IA",690742
"19107","Keokuk, IA",406557
"19109","Kossuth, IA",805679
"19111","Lee, IA",1169320
"19113","Linn, IA",9277439
"19115","Louisa, IA",403696
"19117","Lucas, IA",268075
"19119","Lyon, IA",567672
"19121","Madison, IA",596705
"19123","Mahaska, IA",811365
"19125","Marion, IA",1160812
"19127","Marshall, IA",1492499
"19129","Mills, IA",669746
"19131","Mitchell, IA",493886
"19133","Monona, IA",387778
"19135","Monroe, IA",287437
"19137","Montgomery, IA",402559
"19139","Muscatine, IA",1631416
"19141","O'Brien, IA",673722
"19143","Osceola, IA",303471
"19145","Page, IA",523030
"19147","Palo Alto, IA",445775
"19149","Plymouth, IA",1173709
"19151","Pocahontas, IA",371035
"19153","Polk, IA",19829971
"19155","Pottawattamie, IA",3426457
"19157","Poweshiek, IA",777717
"19159","Ringgold, IA",165838
"19161","Sac, IA",518962
"19163","Scott, IA",7748606
"19165","Shelby, IA",585033
"19167","Sioux, IA",1433881
"19169","Story, IA",3356023
"19171","Tama, IA",683284
"19173","Taylor, IA",267521
"19175","Union, IA",443326
"19177","Van Buren, IA",225726
"19179","Wapello, IA",1143982
"19181","Warren, IA",1892467
"19183","Washington, IA",892502
"19185","Wayne, IA",195763
"19187","Webster, IA",1486329
"19189","Winnebago, IA",404667
"19191","Winneshiek, IA",829848
"19193","Woodbury, IA",3559689
"19195","Worth, IA",298146
"19197","Wright, IA",654758
"20001","Allen, KS",463787
"20003","Anderson, KS",269855
"20005","Atchison, KS",528958
"20007","Barber, KS",207879
"20009","Barton, KS",1079824
"20011","Bourbon, KS",459935
"20013","Brown, KS",410432
"20015","Butler, KS",2481133
"20017","Chase, KS",145022
"20019","Chautauqua, KS",127839
"20021","Cherokee, KS",728885
"20023","Cheyenne, KS",115568
"20025","Clark, KS",75979
"20027","Clay, KS",382847
"20029","Cloud, KS",332594
"20031","Coffey, KS",396928
"20033","Comanche, KS",68587
"20035","Cowley, KS",1196317
"20037","Crawford, KS",1158643
"20039","Decatur, KS",141917
"20041","Dickinson, KS",748297
"20043","Doniphan, KS",257131
"20045","Douglas, KS",3745526
"20047","Edwards, KS",167834
"20049","Elk, KS",95851
"20051","Ellis, KS",1194297
"20053","Ellsworth, KS",227715
"20055","Finney, KS",1239191
"20057","Ford, KS",1116854
"20059","Franklin, KS",878668
"20061","Geary, KS",1462688
"20063","Gove, KS",128583
"20065","Graham, KS",150775
"20067","Grant, KS",308897
"20069","Gray, KS",288005
"20071","Greeley, KS",79882
"20073","Greenwood, KS",228798
"20075","Hamilton, KS",115278
"20077","Harper, KS",277807
"20079","Harvey, KS",1332984
"20081","Haskell, KS",265752
"20083","Hodgeman, KS",81290
"20085","Jackson, KS",479040
"20087","Jefferson, KS",658752
"20089","Jewell, KS",152979
"20091","Johnson, KS",31271376
"20093","Kearny, KS",144913
"20095","Kingman, KS",337814
"20097","Kiowa, KS",111649
"20099","Labette, KS",753514
"20101","Lane, KS",70053
"20103","Leavenworth, KS",2651799
"20105","Lincoln, KS",139252
"20107","Linn, KS",301647
"20109","Logan, KS",137694
"20111","Lyon, KS",995811
"20113","McPherson, KS",1212247
"20115","Marion, KS",441936
"20117","Marshall, KS",466228
"20119","Meade, KS",204255
"20121","Miami, KS",1378303
"20123","Mitchell, KS",272691
"20125","Montgomery, KS",1191624
"20127","Morris, KS",210362
"20129","Morton, KS",168428
"20131","Nemaha, KS",492962
"20133","Neosho, KS",527065
"20135","Ness, KS",138238
"20137","Norton, KS",224548
"20139","Osage, KS",518650
"20141","Osborne, KS",169358
"20143","Ottawa, KS",204979
"20145","Pawnee, KS",246701
"20147","Phillips, KS",247765
"20149","Pottawatomie, KS",791996
"20151","Pratt, KS",431670
"20153","Rawlins, KS",161235
"20155","Reno, KS",2173480
"20157","Republic, KS",186169
"20159","Rice, KS",318949
"20161","Riley, KS",3422850
"20163","Rooks, KS",193032
"20165","Rush, KS",120919
"20167","Russell, KS",252320
"20169","Saline, KS",2228710
"20171","Scott, KS",185929
"20173","Sedgwick, KS",19368100
"20175","Seward, KS",714284
"20177","Shawnee, KS",6963130
"20179","Sheridan, KS",156604
"20181","Sherman, KS",306346
"20183","Smith, KS",174937
"20185","Stafford, KS",191218
"20187","Stanton, KS",101723
"20189","Stevens, KS",220557
"20191","Sumner, KS",943168
"20193","Thomas, KS",345419
"20195","Trego, KS",110614
"20197","Wabaunsee, KS",241896
"20199","Wallace, KS",99883
"20201","Washington, KS",230431
"20203","Wichita, KS",103792
"20205","Wilson, KS",302572
"20207","Woodson, KS",93693
"20209","Wyandotte, KS",4562495
"21001","Adair, KY",476954
"21003","Allen, KY",565696
"21005","Anderson, KY",672003
"21007","Ballard, KY",298993
"21009","Barren, KY",1231208
"21011","Bath, KY",292673
"21013","Bell, KY",736973
"21015","Boone, KY",4346488
"21017","Bourbon, KY",610010
"21019","Boyd, KY",1652435
"21021","Boyle, KY",876097
"21023","Bracken, KY",259636
"21025","Breathitt, KY",388797
"21027","Breckinridge, KY",555105
"21029","Bullitt, KY",2293316
"21031","Butler, KY",340158
"21033","Caldwell, KY",393447
"21035","Calloway, KY",1122163
"21037","Campbell, KY",3413061
"21039","Carlisle, KY",162726
"21041","Carroll, KY",351810
"21043","Carter, KY",697830
"21045","Casey, KY",389696
"21047","Christian, KY",2359377
"21049","Clark, KY",1196186
"21051","Clay, KY",525740
"21053","Clinton, KY",269551
"21055","Crittenden, KY",267772
"21057","Cumberland, KY",178344
"21059","Daviess, KY",3427134
"21061","Edmonson, KY",310329
"21063","Elliott, KY",149719
"21065","Estill, KY",352614
"21067","Fayette, KY",12047565
"21069","Fleming, KY",358446
"21071","Floyd, KY",1226004
"21073","Franklin, KY",1782630
"21075","Fulton, KY",207710
"21077","Gallatin, KY",228622
"21079","Garrard, KY",441448
"21081","Grant, KY",738090
"21083","Graves, KY",1104149
"21085","Grayson, KY",657460
"21087","Green, KY",296448
"21089","Greenup, KY",1341570
"21091","Hancock, KY",260930
"21093","Hardin, KY",4177892
"21095","Harlan, KY",820095
"21097","Harrison, KY",540359
"21099","Hart, KY",457546
"21101","Henderson, KY",1499439
"21103","Henry, KY",477029
"21105","Hickman, KY",181960
"21107","Hopkins, KY",1505709
"21109","Jackson, KY",281272
"21111","Jefferson, KY",31241331
"21113","Jessamine, KY",1547092
"21115","Johnson, KY",649540
"21117","Kenton, KY",6451442
"21119","Knott, KY",446746
"21121","Knox, KY",827456
"21123","Larue, KY",522120
"21125","Laurel, KY",1607429
"21127","Lawrence, KY",426586
"21129","Lee, KY",180714
"21131","Leslie, KY",324097
"21133","Letcher, KY",707510
"21135","Lewis, KY",294918
"21137","Lincoln, KY",623525
"21139","Livingston, KY",311397
"21141","Logan, KY",844752
"21143","Lyon, KY",238148
"21145","McCracken, KY",2626100
"21147","McCreary, KY",381092
"21149","McLean, KY",311283
"21151","Madison, KY",2414227
"21153","Magoffin, KY",325191
"21155","Marion, KY",552930
"21157","Marshall, KY",1043039
"21159","Martin, KY",332911
"21161","Mason, KY",550039
"21163","Meade, KY",1154841
"21165","Menifee, KY",143727
"21167","Mercer, KY",637285
"21169","Metcalfe, KY",227385
"21171","Monroe, KY",280827
"21173","Montgomery, KY",740677
"21175","Morgan, KY",311057
"21177","Muhlenberg, KY",889041
"21179","Nelson, KY",1454244
"21181","Nicholas, KY",200335
"21183","Ohio, KY",708320
"21185","Oldham, KY",2708258
"21187","Owen, KY",286704
"21189","Owsley, KY",118539
"21191","Pendleton, KY",410978
"21193","Perry, KY",904436
"21195","Pike, KY",2122003
"21197","Powell, KY",335594
"21199","Pulaski, KY",1848781
"21201","Robertson, KY",58019
"21203","Rockcastle, KY",407350
"21205","Rowan, KY",612023
"21207","Russell, KY",495485
"21209","Scott, KY",1655194
"21211","Shelby, KY",1514846
"21213","Simpson, KY",549068
"21215","Spencer, KY",604855
"21217","Taylor, KY",713169
"21219","Todd, KY",345989
"21221","Trigg, KY",534327
"21223","Trimble, KY",204693
"21225","Union, KY",538895
"21227","Warren, KY",3699388
"21229","Washington, KY",325786
"21231","Wayne, KY",482702
"21233","Webster, KY",440899
"21235","Whitley, KY",1056770
"21237","Wolfe, KY",167611
"21239","Woodford, KY",1041585
"22001","Acadia, LA",2038125
"22003","Allen, LA",617616
"22005","Ascension, LA",4552069
"22007","Assumption, LA",841014
"22009","Avoyelles, LA",1276916
"22011","Beauregard, LA",1073212
"22013","Bienville, LA",437858
"22015","Bossier, LA",4393849
"22017","Caddo, LA",10490161
"22019","Calcasieu, LA",7058263
"22021","Caldwell, LA",291909
"22023","Cameron, LA",236320
"22025","Catahoula, LA",316512
"22027","Claiborne, LA",499212
"22029","Concordia, LA",562319
"22031","De Soto, LA",815532
"22033","East Baton Rouge, LA",18528814
"22035","East Carroll, LA",241687
"22037","East Feliciana, LA",683458
"22039","Evangeline, LA",972935
"22041","Franklin, LA",600294
"22043","Grant, LA",566455
"22045","Iberia, LA",2774923
"22047","Iberville, LA",1064675
"22049","Jackson, LA",468830
"22051","Jefferson, LA",19391284
"22053","Jefferson Davis, LA",992367
"22055","Lafayette, LA",10559817
"22057","Lafourche, LA",4392199
"22059","La Salle, LA",450532
"22061","Lincoln, LA",1464552
"22063","Livingston, LA",4146155
"22065","Madison, LA",308605
"22067","Morehouse, LA",822027
"22069","Natchitoches, LA",1195367
"22071","Orleans, LA",15346678
"22073","Ouachita, LA",5306948
"22075","Plaquemines, LA",943212
"22077","Pointe Coupee, LA",832054
"22079","Rapides, LA",5112771
"22081","Red River, LA",267444
"22083","Richland, LA",649187
"22085","Sabine, LA",700136
"22087","St. Bernard, LA",1382851
"22089","St. Charles, LA",1968913
"22091","St. Helena, LA",381636
"22093","St. James, LA",702880
"22095","St. John the Baptist, LA",1652738
"22097","St. Landry, LA",2914369
"22099","St. Martin, LA",1692758
"22101","St. Mary, LA",2030833
"22103","St. Tammany, LA",11249118
"22105","Tangipahoa, LA",3889408
"22107","Tensas, LA",195658
"22109","Terrebonne, LA",4450322
"22111","Union, LA",705843
"22113","Vermilion, LA",1806432
"22115","Vernon, LA",2286829
"22117","Washington, LA",1297596
"22119","Webster, LA",1415853
"22121","West Baton Rouge, LA",895896
"22123","West Carroll, LA",274801
"22125","West Feliciana, LA",424746
"22127","Winn, LA",452482
"23001","Androscoggin, ME",3886971
"23003","Aroostook, ME",2290111
"23005","Cumberland, ME",13277134
"23007","Franklin, ME",945649
"23009","Hancock, ME",2103563
"23011","Kennebec, ME",4506458
"23013","Knox, ME",1539763
"23015","Lincoln, ME",1387251
"23017","Oxford, ME",1788511
"23019","Penobscot, ME",5219561
"23021","Piscataquis, ME",560693
"23023","Sagadahoc, ME",1445028
"23025","Somerset, ME",1640884
"23027","Waldo, ME",1255977
"23029","Washington, ME",1068458
"23031","York, ME",7952506
"24001","Allegany, MD",2453991
"24003","Anne Arundel, MD",30633776
"24005","Baltimore, MD",41247408
"24009","Calvert, MD",4238187
"24011","Caroline, MD",1082546
"24013","Carroll, MD",7612765
"24015","Cecil, MD",4036174
"24017","Charles, MD",6677709
"24019","Dorchester, MD",1134936
"24021","Frederick, MD",11034674
"24023","Garrett, MD",1155860
"24025","Harford, MD",12159148
"24027","Howard, MD",19435303
"24029","Kent, MD",898852
"24031","Montgomery, MD",69050166
"24033","Prince George's, MD",35036640
"24035","Queen Anne's, MD",2398624
"24037","St. Mary's, MD",4820539
"24039","Somerset, MD",747680
"24041","Talbot, MD",2118791
"24043","Washington, MD",5484690
"24045","Wicomico, MD",3470201
"24047","Worcester, MD",2265940
"24510","Baltimore (Independent City), MD",26040916
"25001","Barnstable, MA",11967542
"25003","Berkshire, MA",5803100
"25005","Bristol, MA",22991064
"25007","Dukes, MA",1007215
"25009","Essex, MA",39850129
"25011","Franklin, MA",3049251
"25013","Hampden, MA",18401474
"25015","Hampshire, MA",6259884
"25017","Middlesex, MA",94619078
"25019","Nantucket, MA",770250
"25021","Norfolk, MA",45123037
"25023","Plymouth, MA",25360407
"25025","Suffolk, MA",40546224
"25027","Worcester, MA",36494010
"26001","Alcona, MI",315458
"26003","Alger, MI",242757
"26005","Allegan, MI",3733618
"26007","Alpena, MI",987716
"26009","Antrim, MI",759810
"26011","Arenac, MI",474708
"26013","Baraga, MI",228509
"26015","Barry, MI",1956851
"26017","Bay, MI",3613534
"26019","Benzie, MI",542114
"26021","Berrien, MI",5623209
"26023","Branch, MI",1269932
"26025","Calhoun, MI",4544449
"26027","Cass, MI",1820995
"26029","Charlevoix, MI",945316
"26031","Cheboygan, MI",765446
"26033","Chippewa, MI",1046632
"26035","Clare, MI",878145
"26037","Clinton, MI",2711290
"26039","Crawford, MI",385399
"26041","Delta, MI",1193854
"26043","Dickinson, MI",984402
"26045","Eaton, MI",3636609
"26047","Emmet, MI",1308723
"26049","Genesee, MI",13108416
"26051","Gladwin, MI",694165
"26053","Gogebic, MI",479535
"26055","Grand Traverse, MI",3259588
"26057","Gratiot, MI",1291632
"26059","Hillsdale, MI",1324743
"26061","Houghton, MI",995407
"26063","Huron, MI",1317981
"26065","Ingham, MI",9701487
"26067","Ionia, MI",1713428
"26069","Iosco, MI",721408
"26071","Iron, MI",389290
"26073","Isabella, MI",1974606
"26075","Jackson, MI",5015497
"26077","Kalamazoo, MI",9057879
"26079","Kalkaska, MI",465678
"26081","Kent, MI",22262941
"26083","Keweenaw, MI",80154
"26085","Lake, MI",319262
"26087","Lapeer, MI",2803219
"26089","Leelanau, MI",943714
"26091","Lenawee, MI",3242795
"26093","Livingston, MI",7391934
"26095","Luce, MI",161258
"26097","Mackinac, MI",371676
"26099","Macomb, MI",30079004
"26101","Manistee, MI",738819
"26103","Marquette, MI",2203746
"26105","Mason, MI",907924
"26107","Mecosta, MI",1183304
"26109","Menominee, MI",762675
"26111","Midland, MI",3652161
"26113","Missaukee, MI",396503
"26115","Monroe, MI",5402726
"26117","Montcalm, MI",1589745
"26119","Montmorency, MI",270214
"26121","Muskegon, MI",5099031
"26123","Newaygo, MI",1371772
"26125","Oakland, MI",64496968
"26127","Oceana, MI",844387
"26129","Ogemaw, MI",591776
"26131","Ontonagon, MI",194731
"26133","Osceola, MI",629646
"26135","Oscoda, MI",218195
"26137","Otsego, MI",723063
"26139","Ottawa, MI",8994921
"26141","Presque Isle, MI",387410
"26143","Roscommon, MI",731150
"26145","Saginaw, MI",6372166
"26147","St. Clair, MI",5408369
"26149","St. Joseph, MI",1823463
"26151","Sanilac, MI",1371588
"26153","Schoolcraft, MI",259777
"26155","Shiawassee, MI",2054877
"26157","Tuscola, MI",1570715
"26159","Van Buren, MI",2361064
"26161","Washtenaw, MI",14204286
"26163","Wayne, MI",61293247
"26165","Wexford, MI",905000
"27001","Aitkin, MN",501988
"27003","Anoka, MN",13275546
"27005","Becker, MN",1212715
"27007","Beltrami, MN",1440922
"27009","Benton, MN",1325269
"27011","Big Stone, MN",207534
"27013","Blue Earth, MN",2369868
"27015","Brown, MN",1008880
"27017","Carlton, MN",1131084
"27019","Carver, MN",5357246
"27021","Cass, MN",1068841
"27023","Chippewa, MN",567057
"27025","Chisago, MN",1895680
"27027","Clay, MN",2119907
"27029","Clearwater, MN",259561
"27031","Cook, MN",213959
"27033","Cottonwood, MN",502813
"27035","Crow Wing, MN",2111338
"27037","Dakota, MN",18612486
"27039","Dodge, MN",770591
"27041","Douglas, MN",1363788
"27043","Faribault, MN",680615
"27045","Fillmore, MN",797147
"27047","Freeborn, MN",1217338
"27049","Goodhue, MN",1958539
"27051","Grant, MN",242169
"27053","Hennepin, MN",67156517
"27055","Houston, MN",767123
"27057","Hubbard, MN",649967
"27059","Isanti, MN",1399031
"27061","Itasca, MN",1513325
"27063","Jackson, MN",506694
"27065","Kanabec, MN",499900
"27067","Kandiyohi, MN",1803711
"27069","Kittson, MN",198272
"27071","Koochiching, MN",473755
"27073","Lac qui Parle, MN",341296
"27075","Lake, MN",449249
"27077","Lake of the Woods, MN",132596
"27079","Le Sueur, MN",1040080
"27081","Lincoln, MN",241871
"27083","Lyon, MN",1044508
"27085","McLeod, MN",1324635
"27087","Mahnomen, MN",166846
"27089","Marshall, MN",397899
"27091","Martin, MN",942021
"27093","Meeker, MN",821353
"27095","Mille Lacs, MN",751863
"27097","Morrison, MN",1129279
"27099","Mower, MN",1584490
"27101","Murray, MN",434814
"27103","Nicollet, MN",1267850
"27105","Nobles, MN",889032
"27107","Norman, MN",291898
"27109","Olmsted, MN",6664680
"27111","Otter Tail, MN",2105785
"27113","Pennington, MN",602008
"27115","Pine, MN",849833
"27117","Pipestone, MN",409786
"27119","Polk, MN",1221257
"27121","Pope, MN",468866
"27123","Ramsey, MN",23348969
"27125","Red Lake, MN",146526
"27127","Redwood, MN",683273
"27129","Renville, MN",663901
"27131","Rice, MN",2101746
"27133","Rock, MN",437028
"27135","Roseau, MN",631507
"27137","St. Louis, MN",7621547
"27139","Scott, MN",6018025
"27141","Sherburne, MN",2989852
"27143","Sibley, MN",594695
"27145","Stearns, MN",5373333
"27147","Steele, MN",1445080
"27149","Stevens, MN",421754
"27151","Swift, MN",384857
"27153","Todd, MN",765896
"27155","Traverse, MN",163356
"27157","Wabasha, MN",852267
"27159","Wadena, MN",418746
"27161","Waseca, MN",735429
"27163","Washington, MN",11948856
"27165","Watonwan, MN",437664
"27167","Wilkin, MN",279748
"27169","Winona, MN",1800754
"27171","Wright, MN",4702897
"27173","Yellow Medicine, MN",443052
"28001","Adams, MS",1048887
"28003","Alcorn, MS",1031690
"28005","Amite, MS",376272
"28007","Attala, MS",514912
"28009","Benton, MS",192652
"28011","Bolivar, MS",1084262
"28013","Calhoun, MS",398459
"28015","Carroll, MS",359258
"28017","Chickasaw, MS",491640
"28019","Choctaw, MS",217411
"28021","Claiborne, MS",266503
"28023","Clarke, MS",445410
"28025","Clay, MS",601758
"28027","Coahoma, MS",844940
"28029","Copiah, MS",718085
"28031","Covington, MS",553386
"28033","DeSoto, MS",5534603
"28035","Forrest, MS",2290297
"28037","Franklin, MS",212964
"28039","George, MS",583137
"28041","Greene, MS",329050
"28043","Grenada, MS",656194
"28045","Hancock, MS",1496411
"28047","Harrison, MS",6854151
"28049","Hinds, MS",8803835
"28051","Holmes, MS",523429
"28053","Humphreys, MS",268256
"28055","Issaquena, MS",60271
"28057","Itawamba, MS",697972
"28059","Jackson, MS",5001238
"28061","Jasper, MS",482407
"28063","Jefferson, MS",192958
"28065","Jefferson Davis, MS",327545
"28067","Jones, MS",2275894
"28069","Kemper, MS",277621
"28071","Lafayette, MS",1567825
"28073","Lamar, MS",1974494
"28075","Lauderdale, MS",2622049
"28077","Lawrence, MS",392552
"28079","Leake, MS",571003
"28081","Lee, MS",2897633
"28083","Leflore, MS",984107
"28085","Lincoln, MS",959998
"28087","Lowndes, MS",2023156
"28089","Madison, MS",4869621
"28091","Marion, MS",760946
"28093","Marshall, MS",965133
"28095","Monroe, MS",1044417
"28097","Montgomery, MS",309459
"28099","Neshoba, MS",1007132
"28101","Newton, MS",597705
"28103","Noxubee, MS",294031
"28105","Oktibbeha, MS",1352963
"28107","Panola, MS",957038
"28109","Pearl River, MS",1585371
"28111","Perry, MS",279539
"28113","Pike, MS",1105562
"28115","Pontotoc, MS",801261
"28117","Prentiss, MS",629975
"28119","Quitman, MS",232490
"28121","Rankin, MS",5218863
"28123","Scott, MS",738832
"28125","Sharkey, MS",152572
"28127","Simpson, MS",865754
"28129","Smith, MS",414206
"28131","Stone, MS",502561
"28133","Sunflower, MS",790072
"28135","Tallahatchie, MS",385808
"28137","Tate, MS",822612
"28139","Tippah, MS",590258
"28141","Tishomingo, MS",483819
"28143","Tunica, MS",328859
"28145","Union, MS",788978
"28147","Walthall, MS",384707
"28149","Warren, MS",1778738
"28151","Washington, MS",1583369
"28153","Wayne, MS",567329
"28155","Webster, MS",258989
"28157","Wilkinson, MS",238927
"28159","Winston, MS",505155
"28161","Yalobusha, MS",380368
"28163","Yazoo, MS",732857
"29001","Adair, MO",698101
"29003","Andrew, MO",764618
"29005","Atchison, MO",229724
"29007","Audrain, MO",815540
"29009","Barry, MO",1068268
"29011","Barton, MO",355298
"29013","Bates, MO",551545
"29015","Benton, MO",550395
"29017","Bollinger, MO",330469
"29019","Boone, MO",6195946
"29021","Buchanan, MO",3024617
"29023","Butler, MO",1491155
"29025","Caldwell, MO",338786
"29027","Callaway, MO",1274726
"29029","Camden, MO",1433829
"29031","Cape Girardeau, MO",2742848
"29033","Carroll, MO",338473
"29035","Carter, MO",165320
"29037","Cass, MO",3526189
"29039","Cedar, MO",375954
"29041","Chariton, MO",301508
"29043","Christian, MO",2515355
"29045","Clark, MO",223055
"29047","Clay, MO",8604111
"29049","Clinton, MO",740676
"29051","Cole, MO",3069148
"29053","Cooper, MO",543835
"29055","Crawford, MO",760063
"29057","Dade, MO",205052
"29059","Dallas, MO",480852
"29061","Daviess, MO",244821
"29063","DeKalb, MO",315311
"29065","Dent, MO",445757
"29067","Douglas, MO",344931
"29069","Dunklin, MO",1018542
"29071","Franklin, MO",3650522
"29073","Gasconade, MO",479221
"29075","Gentry, MO",236742
"29077","Greene, MO",9821541
"29079","Grundy, MO",324300
"29081","Harrison, MO",277540
"29083","Henry, MO",717378
"29085","Hickory, MO",219706
"29087","Holt, MO",176342
"29089","Howard, MO",371270
"29091","Howell, MO",1120531
"29093","Iron, MO",290611
"29095","Jackson, MO",27435693
"29097","Jasper, MO",3518579
"29099","Jefferson, MO",7611855
"29101","Johnson, MO",1583859
"29103","Knox, MO",129391
"29105","Laclede, MO",977277
"29107","Lafayette, MO",1256334
"29109","Lawrence, MO",1039801
"29111","Lewis, MO",295446
"29113","Lincoln, MO",1608739
"29115","Linn, MO",406425
"29117","Livingston, MO",494064
"29119","McDonald, MO",570944
"29121","Macon, MO",485882
"29123","Madison, MO",332415
"29125","Maries, MO",293054
"29127","Marion, MO",982134
"29129","Mercer, MO",104092
"29131","Miller, MO",675286
"29133","Mississippi, MO",396040
"29135","Moniteau, MO",502605
"29137","Monroe, MO",276026
"29139","Montgomery, MO",387844
"29141","Morgan, MO",606445
"29143","New Madrid, MO",602277
"29145","Newton, MO",2035961
"29147","Nodaway, MO",636305
"29149","Oregon, MO",272872
"29151","Osage, MO",488416
"29153","Ozark, MO",244589
"29155","Pemiscot, MO",616771
"29157","Perry, MO",585458
"29159","Pettis, MO",1341510
"29161","Phelps, MO",1408542
"29163","Pike, MO",552636
"29165","Platte, MO",4050770
"29167","Polk, MO",846379
"29169","Pulaski, MO",2214993
"29171","Putnam, MO",140037
"29173","Ralls, MO",347341
"29175","Randolph, MO",828482
"29177","Ray, MO",843496
"29179","Reynolds, MO",177316
"29181","Ripley, MO",364995
"29183","St. Charles, MO",15065110
"29185","St. Clair, MO",261542
"29186","Ste. Genevieve, MO",609914
"29187","St. Francois, MO",1828657
"29189","St. Louis, MO",52713697
"29195","Saline, MO",864947
"29197","Schuyler, MO",113477
"29199","Scotland, MO",143124
"29201","Scott, MO",1417461
"29203","Shannon, MO",186785
"29205","Shelby, MO",215633
"29207","Stoddard, MO",1000739
"29209","Stone, MO",1072133
"29211","Sullivan, MO",226172
"29213","Taney, MO",1435179
"29215","Texas, MO",631861
"29217","Vernon, MO",650092
"29219","Warren, MO",1096006
"29221","Washington, MO",638967
"29223","Wayne, MO",347353
"29225","Webster, MO",993530
"29227","Worth, MO",63640
"29229","Wright, MO",460042
"29510","St. Louis (Independent City), MO",11842448
"30001","Beaverhead, MT",307913
"30003","Big Horn, MT",350962
"30005","Blaine, MT",186315
"30007","Broadwater, MT",161439
"30009","Carbon, MT",359920
"30011","Carter, MT",32775
"30013","Cascade, MT",3228329
"30015","Chouteau, MT",210067
"30017","Custer, MT",407562
"30019","Daniels, MT",87506
"30021","Dawson, MT",296781
"30023","Deer Lodge, MT",271851
"30025","Fallon, MT",122578
"30027","Fergus, MT",396125
"30029","Flathead, MT",3275434
"30031","Gallatin, MT",3356725
"30033","Garfield, MT",37332
"30035","Glacier, MT",407362
"30037","Golden Valley, MT",35144
"30039","Granite, MT",97586
"30041","Hill, MT",630361
"30043","Jefferson, MT",446392
"30045","Judith Basin, MT",76357
"30047","Lake, MT",797094
"30049","Lewis and Clark, MT",2501315
"30051","Liberty, MT",87890
"30053","Lincoln, MT",547425
"30055","McCone, MT",56665
"30057","Madison, MT",274387
"30059","Meagher, MT",61956
"30061","Mineral, MT",117382
"30063","Missoula, MT",3875800
"30065","Musselshell, MT",144930
"30067","Park, MT",555886
"30069","Petroleum, MT",16055
"30071","Phillips, MT",146433
"30073","Pondera, MT",238852
"30075","Powder River, MT",49945
"30077","Powell, MT",190856
"30079","Prairie, MT",38486
"30081","Ravalli, MT",1252145
"30083","Richland, MT",518377
"30085","Roosevelt, MT",308628
"30087","Rosebud, MT",345576
"30089","Sanders, MT",298143
"30091","Sheridan, MT",149812
"30093","Silver Bow, MT",1329445
"30095","Stillwater, MT",336622
"30097","Sweet Grass, MT",104568
"30099","Teton, MT",244741
"30101","Toole, MT",220679
"30103","Treasure, MT",26901
"30105","Valley, MT",293142
"30107","Wheatland, MT",66614
"30109","Wibaux, MT",23268
"30111","Yellowstone, MT",5948706
"31001","Adams, NE",1232506
"31003","Antelope, NE",407415
"31005","Arthur, NE",15638
"31007","Banner, NE",38677
"31009","Blaine, NE",19414
"31011","Boone, NE",286866
"31013","Box Butte, NE",439070
"31015","Boyd, NE",95177
"31017","Brown, NE",119839
"31019","Buffalo, NE",1789492
"31021","Burt, NE",293822
"31023","Butler, NE",396158
"31025","Cass, NE",1057664
"31027","Cedar, NE",473475
"31029","Chase, NE",172635
"31031","Cherry, NE",229362
"31033","Cheyenne, NE",467077
"31035","Clay, NE",330205
"31037","Colfax, NE",405637
"31039","Cuming, NE",475765
"31041","Custer, NE",485299
"31043","Dakota, NE",613179
"31045","Dawes, NE",285212
"31047","Dawson, NE",812612
"31049","Deuel, NE",71348
"31051","Dixon, NE",215158
"31053","Dodge, NE",1408123
"31055","Douglas, NE",24672885
"31057","Dundy, NE",112794
"31059","Fillmore, NE",334429
"31061","Franklin, NE",142954
"31063","Frontier, NE",133326
"31065","Furnas, NE",225792
"31067","Gage, NE",902001
"31069","Garden, NE",107602
"31071","Garfield, NE",76440
"31073","Gosper, NE",109091
"31075","Grant, NE",18563
"31077","Greeley, NE",98935
"31079","Hall, NE",2219929
"31081","Hamilton, NE",454462
"31083","Harlan, NE",166945
"31085","Hayes, NE",64891
"31087","Hitchcock, NE",113117
"31089","Holt, NE",519663
"31091","Hooker, NE",24025
"31093","Howard, NE",258624
"31095","Jefferson, NE",313090
"31097","Johnson, NE",168041
"31099","Kearney, NE",355679
"31101","Keith, NE",311725
"31103","Keya Paha, NE",42270
"31105","Kimball, NE",165017
"31107","Knox, NE",340816
"31109","Lancaster, NE",11253894
"31111","Lincoln, NE",1524290
"31113","Logan, NE",38744
"31115","Loup, NE",17337
"31117","McPherson, NE",14520
"31119","Madison, NE",1305431
"31121","Merrick, NE",307353
"31123","Morrill, NE",250743
"31125","Nance, NE",169024
"31127","Nemaha, NE",298177
"31129","Nuckolls, NE",211892
"31131","Otoe, NE",605699
"31133","Pawnee, NE",112493
"31135","Perkins, NE",175178
"31137","Phelps, NE",433003
"31139","Pierce, NE",304581
"31141","Platte, NE",1289110
"31143","Polk, NE",278947
"31145","Red Willow, NE",427726
"31147","Richardson, NE",326412
"31149","Rock, NE",61837
"31151","Saline, NE",526962
"31153","Sarpy, NE",6805660
"31155","Saunders, NE",877920
"31157","Scotts Bluff, NE",1347350
"31159","Seward, NE",705136
"31161","Sheridan, NE",206398
"31163","Sherman, NE",115753
"31165","Sioux, NE",59787
"31167","Stanton, NE",264666
"31169","Thayer, NE",243028
"31171","Thomas, NE",26119
"31173","Thurston, NE",282354
"31175","Valley, NE",194381
"31177","Washington, NE",873890
"31179","Wayne, NE",366839
"31181","Webster, NE",151350
"31183","Wheeler, NE",40596
"31185","York, NE",635208
"32001","Churchill, NV",1041680
"32003","Clark, NV",70289097
"32005","Douglas, NV",2450553
"32007","Elko, NV",1987080
"32009","Esmeralda, NV",30791
"32011","Eureka, NV",75342
"32013","Humboldt, NV",719974
"32015","Lander, NV",265004
"32017","Lincoln, NV",119961
"32019","Lyon, NV",1443849
"32021","Mineral, NV",161791
"32023","Nye, NV",1372334
"32027","Pershing, NV",173548
"32029","Storey, NV",132167
"32031","Washoe, NV",17790272
"32033","White Pine, NV",403467
"32510","Carson City (Independent City), NV",2208309
"33001","Belknap, NH",2529059
"33003","Carroll, NH",2030087
"33005","Cheshire, NH",3144019
"33007","Coos, NH",1144685
"33009","Grafton, NH",4047993
"33011","Hillsborough, NH",19273673
"33013","Merrimack, NH",6383256
"33015","Rockingham, NH",15657860
"33017","Strafford, NH",4637435
"33019","Sullivan, NH",1632407
"34001","Atlantic, NJ",11045522
"34003","Bergen, NJ",60213923
"34005","Burlington, NJ",21722404
"34007","Camden, NJ",22120227
"34009","Cape May, NJ",4703885
"34011","Cumberland, NJ",5541121
"34013","Essex, NJ",41578047
"34015","Gloucester, NJ",12208251
"34017","Hudson, NJ",30379435
"34019","Hunterdon, NJ",8669417
"34021","Mercer, NJ",19984785
"34023","Middlesex, NJ",40061864
"34025","Monmouth, NJ",36823110
"34027","Morris, NJ",35504417
"34029","Ocean, NJ",23594161
"34031","Passaic, NJ",21691218
"34033","Salem, NJ",2691931
"34035","Somerset, NJ",23720712
"34037","Sussex, NJ",7393410
"34039","Union, NJ",27978150
"34041","Warren, NJ",4868497
"35001","Bernalillo, NM",24311260
"35003","Catron, NM",108678
"35005","Chaves, NM",1997721
"35006","Cibola, NM",718128
"35007","Colfax, NM",468654
"35009","Curry, NM",1978194
"35011","De Baca, NM",72849
"35013","Dona Ana, NM",6400012
"35015","Eddy, NM",2249416
"35017","Grant, NM",965250
"35019","Guadalupe, NM",122063
"35021","Harding, NM",33839
"35023","Hidalgo, NM",157617
"35025","Lea, NM",2479395
"35027","Lincoln, NM",660848
"35028","Los Alamos, NM",1106416
"35029","Luna, NM",741700
"35031","McKinley, NM",1773770
"35033","Mora, NM",133204
"35035","Otero, NM",1981177
"35037","Quay, NM",301336
"35039","Rio Arriba, NM",1168412
"35041","Roosevelt, NM",666433
"35043","Sandoval, NM",4421270
"35045","San Juan, NM",4022020
"35047","San Miguel, NM",919055
"35049","Santa Fe, NM",6310171
"35051","Sierra, NM",393805
"35053","Socorro, NM",544447
"35055","Taos, NM",1024348
"35057","Torrance, NM",497523
"35059","Union, NM",115198
"35061","Valencia, NM",2228977
"36001","Albany, NY",14657214
"36003","Allegany, NY",1375827
"36005","Bronx, NY",44249279
"36007","Broome, NY",7157673
"36009","Cattaraugus, NY",2769823
"36011","Cayuga, NY",2715936
"36013","Chautauqua, NY",4254695
"36015","Chemung, NY",3155323
"36017","Chenango, NY",1695885
"36019","Clinton, NY",2788541
"36021","Columbia, NY",2627558
"36023","Cortland, NY",1578248
"36025","Delaware, NY",1539625
"36027","Dutchess, NY",13565316
"36029","Erie, NY",37863680
"36031","Essex, NY",1347092
"36033","Franklin, NY",1535888
"36035","Fulton, NY",1960484
"36037","Genesee, NY",2029328
"36039","Greene, NY",1803859
"36041","Hamilton, NY",200107
"36043","Herkimer, NY",2121111
"36045","Jefferson, NY",5355208
"36047","Kings, NY",99662369
"36049","Lewis, NY",888209
"36051","Livingston, NY",2105731
"36053","Madison, NY",2469717
"36055","Monroe, NY",32728163
"36057","Montgomery, NY",1641314
"36059","Nassau, NY",91119989
"36061","New York, NY",194317452
"36063","Niagara, NY",7634999
"36065","Oneida, NY",8445804
"36067","Onondaga, NY",19326912
"36069","Ontario, NY",4540046
"36071","Orange, NY",15019466
"36073","Orleans, NY",1265497
"36075","Oswego, NY",3822668
"36077","Otsego, NY",2068922
"36079","Putnam, NY",5374477
"36081","Queens, NY",94446904
"36083","Rensselaer, NY",6330605
"36085","Richmond, NY",22810838
"36087","Rockland, NY",16951395
"36089","St. Lawrence, NY",3267591
"36091","Saratoga, NY",10301284
"36093","Schenectady, NY",6721432
"36095","Schoharie, NY",1157494
"36097","Schuyler, NY",648460
"36099","Seneca, NY",1189099
"36101","Steuben, NY",3691801
"36103","Suffolk, NY",78462991
"36105","Sullivan, NY",2880444
"36107","Tioga, NY",1842495
"36109","Tompkins, NY",3688831
"36111","Ulster, NY",7222960
"36113","Warren, NY",2675938
"36115","Washington, NY",2124797
"36117","Wayne, NY",3347974
"36119","Westchester, NY",72509264
"36121","Wyoming, NY",1315311
"36123","Yates, NY",817333
"37001","Alamance, NC",4807695
"37003","Alexander, NC",1131098
"37005","Alleghany, NC",344353
"37007","Anson, NC",649714
"37009","Ashe, NC",771713
"37011","Avery, NC",508515
"37013","Beaufort, NC",1561245
"37015","Bertie, NC",610819
"37017","Bladen, NC",1017610
"37019","Brunswick, NC",3674444
"37021","Buncombe, NC",8320875
"37023","Burke, NC",2734762
"37025","Cabarrus, NC",6453148
"37027","Caldwell, NC",2246138
"37029","Camden, NC",374053
"37031","Carteret, NC",2639299
"37033","Caswell, NC",733126
"37035","Catawba, NC",5137333
"37037","Chatham, NC",3093642
"37039","Cherokee, NC",700273
"37041","Chowan, NC",486653
"37043","Clay, NC",291978
"37045","Cleveland, NC",3026601
"37047","Columbus, NC",1644279
"37049","Craven, NC",3836260
"37051","Cumberland, NC",14515145
"37053","Currituck, NC",956983
"37055","Dare, NC",1325388
"37057","Davidson, NC",5388629
"37059","Davie, NC",1490184
"37061","Duplin, NC",1675634
"37063","Durham, NC",10567605
"37065","Edgecombe, NC",1525337
"37067","Forsyth, NC",13489313
"37069","Franklin, NC",1814052
"37071","Gaston, NC",6888866
"37073","Gates, NC",325407
"37075","Graham, NC",220922
"37077","Granville, NC",1715638
"37079","Greene, NC",567289
"37081","Guilford, NC",18815652
"37083","Halifax, NC",1607545
"37085","Harnett, NC",3487836
"37087","Haywood, NC",1853684
"37089","Henderson, NC",3869462
"37091","Hertford, NC",664772
"37093","Hoke, NC",1668749
"37095","Hyde, NC",172169
"37097","Iredell, NC",5409218
"37099","Jackson, NC",1136763
"37101","Johnston, NC",5893902
"37103","Jones, NC",350525
"37105","Lee, NC",1927974
"37107","Lenoir, NC",1900136
"37109","Lincoln, NC",2705370
"37111","McDowell, NC",1177836
"37113","Macon, NC",1030664
"37115","Madison, NC",594910
"37117","Martin, NC",740218
"37119","Mecklenburg, NC",43073097
"37121","Mitchell, NC",422341
"37123","Montgomery, NC",778693
"37125","Moore, NC",3438011
"37127","Nash, NC",3249373
"37129","New Hanover, NC",7445150
"37131","Northampton, NC",641074
"37133","Onslow, NC",8296419
"37135","Orange, NC",6608945
"37137","Pamlico, NC",486747
"37139","Pasquotank, NC",1166885
"37141","Pender, NC",1650390
"37143","Perquimans, NC",407400
"37145","Person, NC",1164775
"37147","Pitt, NC",5620218
"37149","Polk, NC",753316
"37151","Randolph, NC",4183246
"37153","Richmond, NC",1284617
"37155","Robeson, NC",3365400
"37157","Rockingham, NC",2880841
"37159","Rowan, NC",4111873
"37161","Rutherford, NC",1731677
"37163","Sampson, NC",1875423
"37165","Scotland, NC",1017152
"37167","Stanly, NC",1832560
"37169","Stokes, NC",1420194
"37171","Surry, NC",2208635
"37173","Swain, NC",395058
"37175","Transylvania, NC",1007674
"37177","Tyrrell, NC",109943
"37179","Union, NC",7304614
"37181","Vance, NC",1342026
"37183","Wake, NC",39566745
"37185","Warren, NC",519877
"37187","Washington, NC",386985
"37189","Watauga, NC",1521910
"37191","Wayne, NC",3864941
"37193","Wilkes, NC",2178203
"37195","Wilson, NC",2701803
"37197","Yadkin, NC",1153823
"37199","Yancey, NC",467376
"38001","Adams, ND",113630
"38003","Barnes, ND",530916
"38005","Benson, ND",281500
"38007","Billings, ND",62667
"38009","Bottineau, ND",283884
"38011","Bowman, ND",177782
"38013","Burke, ND",93071
"38015","Burleigh, ND",3636043
"38017","Cass, ND",6948277
"38019","Cavalier, ND",282869
"38021","Dickey, ND",322992
"38023","Divide, ND",82874
"38025","Dunn, ND",226872
"38027","Eddy, ND",104075
"38029","Emmons, ND",197613
"38031","Foster, ND",163038
"38033","Golden Valley, ND",46063
"38035","Grand Forks, ND",2640345
"38037","Grant, ND",138640
"38039","Griggs, ND",112740
"38041","Hettinger, ND",121174
"38043","Kidder, ND",109274
"38045","LaMoure, ND",307361
"38047","Logan, ND",120725
"38049","McHenry, ND",196993
"38051","McIntosh, ND",150611
"38053","McKenzie, ND",448945
"38055","McLean, ND",449214
"38057","Mercer, ND",387866
"38059","Morton, ND",1072754
"38061","Mountrail, ND",511790
"38063","Nelson, ND",186150
"38065","Oliver, ND",102593
"38067","Pembina, ND",399780
"38069","Pierce, ND",198412
"38071","Ramsey, ND",529006
"38073","Ransom, ND",246145
"38075","Renville, ND",112571
"38077","Richland, ND",755829
"38079","Rolette, ND",418531
"38081","Sargent, ND",217561
"38083","Sheridan, ND",79383
"38085","Sioux, ND",114650
"38087","Slope, ND",39971
"38089","Stark, ND",1378434
"38091","Steele, ND",120576
"38093","Stutsman, ND",911382
"38095","Towner, ND",138348
"38097","Traill, ND",377287
"38099","Walsh, ND",482092
"38101","Ward, ND",2945762
"38103","Wells, ND",250821
"38105","Williams, ND",1978433
"39001","Adams, OH",765736
"39003","Allen, OH",3368510
"39005","Ashland, OH",1563867
"39007","Ashtabula, OH",3176046
"39009","Athens, OH",1767907
"39011","Auglaize, OH",1771505
"39013","Belmont, OH",2194714
"39015","Brown, OH",1362575
"39017","Butler, OH",13538158
"39019","Carroll, OH",778371
"39021","Champaign, OH",1245578
"39023","Clark, OH",4788412
"39025","Clermont, OH",7176656
"39027","Clinton, OH",1342796
"39029","Columbiana, OH",3290532
"39031","Coshocton, OH",1098672
"39033","Crawford, OH",1357449
"39035","Cuyahoga, OH",55556421
"39037","Darke, OH",1812644
"39039","Defiance, OH",1295717
"39041","Delaware, OH",10427584
"39043","Erie, OH",2928925
"39045","Fairfield, OH",4936832
"39047","Fayette, OH",993152
"39049","Franklin, OH",46734763
"39051","Fulton, OH",1496805
"39053","Gallia, OH",981132
"39055","Geauga, OH",4770039
"39057","Greene, OH",6162374
"39059","Guernsey, OH",1196021
"39061","Hamilton, OH",37522065
"39063","Hancock, OH",2966459
"39065","Hardin, OH",937264
"39067","Harrison, OH",451486
"39069","Henry, OH",996033
"39071","Highland, OH",1200072
"39073","Hocking, OH",829146
"39075","Holmes, OH",1176503
"39077","Huron, OH",1880796
"39079","Jackson, OH",936239
"39081","Jefferson, OH",2184722
"39083","Knox, OH",1955717
"39085","Lake, OH",9276092
"39087","Lawrence, OH",1911873
"39089","Licking, OH",6270295
"39091","Logan, OH",1574036
"39093","Lorain, OH",10943314
"39095","Lucas, OH",15796120
"39097","Madison, OH",1532525
"39099","Mahoning, OH",8307267
"39101","Marion, OH",2130619
"39103","Medina, OH",7076583
"39105","Meigs, OH",601569
"39107","Mercer, OH",1551499
"39109","Miami, OH",3807886
"39111","Monroe, OH",441483
"39113","Montgomery, OH",20258807
"39115","Morgan, OH",367728
"39117","Morrow, OH",1068159
"39119","Muskingum, OH",2685426
"39121","Noble, OH",304125
"39123","Ottawa, OH",1637344
"39125","Paulding, OH",622585
"39127","Perry, OH",928393
"39129","Pickaway, OH",1826230
"39131","Pike, OH",839425
"39133","Portage, OH",5860451
"39135","Preble, OH",1396658
"39137","Putnam, OH",1257065
"39139","Richland, OH",3793514
"39141","Ross, OH",2356070
"39143","Sandusky, OH",2014534
"39145","Scioto, OH",2290160
"39147","Seneca, OH",1779136
"39149","Shelby, OH",1675465
"39151","Stark, OH",13251647
"39153","Summit, OH",22205788
"39155","Trumbull, OH",6660002
"39157","Tuscarawas, OH",2806402
"39159","Union, OH",1891637
"39161","Van Wert, OH",1035547
"39163","Vinton, OH",334559
"39165","Warren, OH",9202095
"39167","Washington, OH",2086403
"39169","Wayne, OH",3526003
"39171","Williams, OH",1251152
"39173","Wood, OH",4699133
"39175","Wyandot, OH",768456
"40001","Adair, OK",505702
"40003","Alfalfa, OK",177113
"40005","Atoka, OK",382515
"40007","Beaver, OK",223152
"40009","Beckham, OK",816097
"40011","Blaine, OK",312115
"40013","Bryan, OK",1244878
"40015","Caddo, OK",820692
"40017","Canadian, OK",4720103
"40019","Carter, OK",1801787
"40021","Cherokee, OK",1393969
"40023","Choctaw, OK",430975
"40025","Cimarron, OK",100589
"40027","Cleveland, OK",9477924
"40029","Coal, OK",163423
"40031","Comanche, OK",4653216
"40033","Cotton, OK",218959
"40035","Craig, OK",465297
"40037","Creek, OK",2310385
"40039","Custer, OK",1007325
"40041","Delaware, OK",1273753
"40043","Dewey, OK",186748
"40045","Ellis, OK",162493
"40047","Garfield, OK",2414868
"40049","Garvin, OK",958870
"40051","Grady, OK",1642496
"40053","Grant, OK",178203
"40055","Greer, OK",168081
"40057","Harmon, OK",86482
"40059","Harper, OK",121807
"40061","Haskell, OK",393928
"40063","Hughes, OK",380406
"40065","Jackson, OK",855070
"40067","Jefferson, OK",179331
"40069","Johnston, OK",308887
"40071","Kay, OK",1656823
"40073","Kingfisher, OK",587159
"40075","Kiowa, OK",281230
"40077","Latimer, OK",361800
"40079","Le Flore, OK",1388379
"40081","Lincoln, OK",1014227
"40083","Logan, OK",1634789
"40085","Love, OK",368945
"40087","McClain, OK",1523541
"40089","McCurtain, OK",936389
"40091","McIntosh, OK",609755
"40093","Major, OK",290365
"40095","Marshall, OK",437792
"40097","Mayes, OK",1185500
"40099","Murray, OK",485794
"40101","Muskogee, OK",2246466
"40103","Noble, OK",357271
"40105","Nowata, OK",310478
"40107","Okfuskee, OK",294150
"40109","Oklahoma, OK",31111297
"40111","Okmulgee, OK",1181089
"40113","Osage, OK",1684214
"40115","Ottawa, OK",1025225
"40117","Pawnee, OK",515670
"40119","Payne, OK",2523379
"40121","Pittsburg, OK",1514322
"40123","Pontotoc, OK",1301973
"40125","Pottawatomie, OK",2344933
"40127","Pushmataha, OK",330447
"40129","Roger Mills, OK",135013
"40131","Rogers, OK",3229838
"40133","Seminole, OK",773980
"40135","Sequoyah, OK",1170688
"40137","Stephens, OK",1733020
"40139","Texas, OK",729167
"40141","Tillman, OK",200343
"40143","Tulsa, OK",28578582
"40145","Wagoner, OK",2496049
"40147","Washington, OK",2271704
"40149","Washita, OK",364427
"40151","Woods, OK",310674
"40153","Woodward, OK",827134
"41001","Baker, OR",489246
"41003","Benton, OR",3323437
"41005","Clackamas, OR",17457115
"41007","Clatsop, OR",1301131
"41009","Columbia, OR",1675060
"41011","Coos, OR",2037157
"41013","Crook, OR",635497
"41015","Curry, OR",715555
"41017","Deschutes, OR",5946037
"41019","Douglas, OR",3356033
"41021","Gilliam, OR",69977
"41023","Grant, OR",225804
"41025","Harney, OR",212801
"41027","Hood River, OR",797178
"41029","Jackson, OR",7087194
"41031","Jefferson, OR",606875
"41033","Josephine, OR",2498196
"41035","Klamath, OR",1986406
"41037","Lake, OR",254580
"41039","Lane, OR",12214306
"41041","Lincoln, OR",1572179
"41043","Linn, OR",3553431
"41045","Malheur, OR",773352
"41047","Marion, OR",10790917
"41049","Morrow, OR",424748
"41051","Multnomah, OR",31161157
"41053","Polk, OR",2388985
"41055","Sherman, OR",94759
"41057","Tillamook, OR",868635
"41059","Umatilla, OR",2355523
"41061","Union, OR",826169
"41063","Wallowa, OR",238347
"41065","Wasco, OR",880102
"41067","Washington, OR",23042656
"41069","Wheeler, OR",41040
"41071","Yamhill, OR",3398043
"42001","Adams, PA",3383848
"42003","Allegheny, PA",59895223
"42005","Armstrong, PA",2337726
"42007","Beaver, PA",6479948
"42009","Bedford, PA",1569975
"42011","Berks, PA",15551509
"42013","Blair, PA",4386291
"42015","Bradford, PA",2105315
"42017","Bucks, PA",34232169
"42019","Butler, PA",8110383
"42021","Cambria, PA",4715784
"42023","Cameron, PA",168548
"42025","Carbon, PA",2110598
"42027","Centre, PA",5468940
"42029","Chester, PA",29965229
"42031","Clarion, PA",1317658
"42033","Clearfield, PA",2620988
"42035","Clinton, PA",1251219
"42037","Columbia, PA",2093457
"42039","Crawford, PA",2793999
"42041","Cumberland, PA",10122876
"42043","Dauphin, PA",11046026
"42045","Delaware, PA",27859873
"42047","Elk, PA",1158033
"42049","Erie, PA",9756169
"42051","Fayette, PA",4562935
"42053","Forest, PA",182240
"42055","Franklin, PA",5169364
"42057","Fulton, PA",470786
"42059","Greene, PA",1371077
"42061","Huntingdon, PA",1335307
"42063","Indiana, PA",3090916
"42065","Jefferson, PA",1482378
"42067","Juniata, PA",765792
"42069","Lackawanna, PA",8175011
"42071","Lancaster, PA",19653012
"42073","Lawrence, PA",3030634
"42075","Lebanon, PA",5169469
"42077","Lehigh, PA",14431990
"42079","Luzerne, PA",11684809
"42081","Lycoming, PA",4119201
"42083","McKean, PA",1476943
"42085","Mercer, PA",3850611
"42087","Mifflin, PA",1406517
"42089","Monroe, PA",5362473
"42091","Montgomery, PA",52046625
"42093","Montour, PA",761690
"42095","Northampton, PA",11663742
"42097","Northumberland, PA",3151440
"42099","Perry, PA",1582335
"42101","Philadelphia, PA",59985889
"42103","Pike, PA",2019551
"42105","Potter, PA",560582
"42107","Schuylkill, PA",4830163
"42109","Snyder, PA",1235636
"42111","Somerset, PA",2596874
"42113","Sullivan, PA",204517
"42115","Susquehanna, PA",1337867
"42117","Tioga, PA",1276814
"42119","Union, PA",1422598
"42121","Venango, PA",1838900
"42123","Warren, PA",1378657
"42125","Washington, PA",9630255
"42127","Wayne, PA",1718982
"42129","Westmoreland, PA",15129266
"42131","Wyoming, PA",916811
"42133","York, PA",16326281
"44001","Bristol, RI",2734976
"44003","Kent, RI",7642174
"44005","Newport, RI",4303320
"44007","Providence, RI",25236113
"44009","Washington, RI",6208811
"45001","Abbeville, SC",683606
"45003","Aiken, SC",5646463
"45005","Allendale, SC",266371
"45007","Anderson, SC",5854207
"45009","Bamberg, SC",412437
"45011","Barnwell, SC",582732
"45013","Beaufort, SC",6861132
"45015","Berkeley, SC",6090127
"45017","Calhoun, SC",521452
"45019","Charleston, SC",14900450
"45021","Cherokee, SC",1491556
"45023","Chester, SC",929451
"45025","Chesterfield, SC",1143144
"45027","Clarendon, SC",848376
"45029","Colleton, SC",1131725
"45031","Darlington, SC",2004891
"45033","Dillon, SC",749993
"45035","Dorchester, SC",4715390
"45037","Edgefield, SC",896510
"45039","Fairfield, SC",637881
"45041","Florence, SC",4749296
"45043","Georgetown, SC",2303848
"45045","Greenville, SC",17385834
"45047","Greenwood, SC",2122839
"45049","Hampton, SC",567069
"45051","Horry, SC",8054854
"45053","Jasper, SC",677643
"45055","Kershaw, SC",2075622
"45057","Lancaster, SC",2049128
"45059","Laurens, SC",1969835
"45061","Lee, SC",500574
"45063","Lexington, SC",9405981
"45065","McCormick, SC",276057
"45067","Marion, SC",867042
"45069","Marlboro, SC",688650
"45071","Newberry, SC",1120215
"45073","Oconee, SC",2378718
"45075","Orangeburg, SC",2662173
"45077","Pickens, SC",3328152
"45079","Richland, SC",14143021
"45081","Saluda, SC",686809
"45083","Spartanburg, SC",9085133
"45085","Sumter, SC",3214636
"45087","Union, SC",770296
"45089","Williamsburg, SC",929246
"45091","York, SC",7850232
"46003","Aurora, SD",159206
"46005","Beadle, SD",843393
"46007","Bennett, SD",115966
"46009","Bon Homme, SD",276305
"46011","Brookings, SD",1312580
"46013","Brown, SD",1851197
"46015","Brule, SD",268499
"46017","Buffalo, SD",61289
"46019","Butte, SD",319146
"46021","Campbell, SD",89838
"46023","Charles Mix, SD",369425
"46025","Clark, SD",196439
"46027","Clay, SD",605687
"46029","Codington, SD",1133946
"46031","Corson, SD",157618
"46033","Custer, SD",300044
"46035","Davison, SD",867547
"46037","Day, SD",263147
"46039","Deuel, SD",207826
"46041","Dewey, SD",216416
"46043","Douglas, SD",175987
"46045","Edmunds, SD",260555
"46047","Fall River, SD",272651
"46049","Faulk, SD",146462
"46051","Grant, SD",328834
"46053","Gregory, SD",203877
"46055","Haakon, SD",124842
"46057","Hamlin, SD",248481
"46059","Hand, SD",200635
"46061","Hanson, SD",202369
"46063","Harding, SD",61766
"46065","Hughes, SD",803236
"46067","Hutchinson, SD",383692
"46069","Hyde, SD",91867
"46071","Jackson, SD",99531
"46073","Jerauld, SD",135961
"46075","Jones, SD",60201
"46077","Kingsbury, SD",295977
"46079","Lake, SD",537006
"46081","Lawrence, SD",846044
"46083","Lincoln, SD",2599647
"46085","Lyman, SD",196949
"46087","McCook, SD",276724
"46089","McPherson, SD",108871
"46091","Marshall, SD",218819
"46093","Meade, SD",1016765
"46095","Mellette, SD",80855
"46097","Miner, SD",120949
"46099","Minnehaha, SD",7166153
"46101","Moody, SD",341510
"46103","Pennington, SD",4282722
"46105","Perkins, SD",113783
"46107","Potter, SD",167150
"46109","Roberts, SD",390060
"46111","Sanborn, SD",118468
"46113","Shannon, SD",298766
"46115","Spink, SD",461342
"46117","Stanley, SD",147255
"46119","Sully, SD",159592
"46121","Todd, SD",239669
"46123","Tripp, SD",281697
"46125","Turner, SD",437081
"46127","Union, SD",945828
"46129","Walworth, SD",223194
"46135","Yankton, SD",869616
"46137","Ziebach, SD",79604
"47001","Anderson, TN",2730119
"47003","Bedford, TN",1403114
"47005","Benton, TN",463308
"47007","Bledsoe, TN",309879
"47009","Blount, TN",3964164
"47011","Bradley, TN",3170403
"47013","Campbell, TN",1132919
"47015","Cannon, TN",415810
"47017","Carroll, TN",883793
"47019","Carter, TN",1599016
"47021","Cheatham, TN",1300052
"47023","Chester, TN",480926
"47025","Claiborne, TN",893217
"47027","Clay, TN",212329
"47029","Cocke, TN",913323
"47031","Coffee, TN",1802454
"47033","Crockett, TN",470187
"47035","Cumberland, TN",1691634
"47037","Davidson, TN",30069470
"47039","Decatur, TN",394307
"47041","DeKalb, TN",578663
"47043","Dickson, TN",1546850
"47045","Dyer, TN",1234878
"47047","Fayette, TN",1678353
"47049","Fentress, TN",507114
"47051","Franklin, TN",1210299
"47053","Gibson, TN",1519810
"47055","Giles, TN",879534
"47057","Grainger, TN",650351
"47059","Greene, TN",2241821
"47061","Grundy, TN",349298
"47063","Hamblen, TN",1894032
"47065","Hamilton, TN",13636649
"47067","Hancock, TN",135270
"47069","Hardeman, TN",711248
"47071","Hardin, TN",854825
"47073","Hawkins, TN",1621374
"47075","Haywood, TN",585679
"47077","Henderson, TN",767467
"47079","Henry, TN",990912
"47081","Hickman, TN",587328
"47083","Houston, TN",247406
"47085","Humphreys, TN",583022
"47087","Jackson, TN",348195
"47089","Jefferson, TN",1484971
"47091","Johnson, TN",452241
"47093","Knox, TN",16994073
"47095","Lake, TN",157550
"47097","Lauderdale, TN",639125
"47099","Lawrence, TN",1098897
"47101","Lewis, TN",295590
"47103","Lincoln, TN",1070493
"47105","Loudon, TN",1856138
"47107","McMinn, TN",1501620
"47109","McNairy, TN",698571
"47111","Macon, TN",637517
"47113","Madison, TN",3469897
"47115","Marion, TN",906147
"47117","Marshall, TN",791999
"47119","Maury, TN",2567369
"47121","Meigs, TN",341754
"47123","Monroe, TN",1186150
"47125","Montgomery, TN",7680293
"47127","Moore, TN",219337
"47129","Morgan, TN",541655
"47131","Obion, TN",1029108
"47133","Overton, TN",565609
"47135","Perry, TN",215363
"47137","Pickett, TN",135099
"47139","Polk, TN",459948
"47141","Putnam, TN",2288083
"47143","Rhea, TN",866996
"47145","Roane, TN",1891994
"47147","Robertson, TN",2261373
"47149","Rutherford, TN",8714005
"47151","Scott, TN",521124
"47153","Sequatchie, TN",456072
"47155","Sevier, TN",2932819
"47157","Shelby, TN",38116646
"47159","Smith, TN",610470
"47161","Stewart, TN",441422
"47163","Sullivan, TN",5509632
"47165","Sumner, TN",6007000
"47167","Tipton, TN",2142722
"47169","Trousdale, TN",293749
"47171","Unicoi, TN",565034
"47173","Union, TN",492719
"47175","Van Buren, TN",151183
"47177","Warren, TN",1093832
"47179","Washington, TN",4379032
"47181","Wayne, TN",375936
"47183","Weakley, TN",1038164
"47185","White, TN",660893
"47187","Williamson, TN",11200357
"47189","Wilson, TN",4485232
"48001","Anderson, TX",1688944
"48003","Andrews, TX",609066
"48005","Angelina, TX",2930199
"48007","Aransas, TX",993678
"48009","Archer, TX",403985
"48011","Armstrong, TX",83152
"48013","Atascosa, TX",1378230
"48015","Austin, TX",1128669
"48017","Bailey, TX",254482
"48019","Bandera, TX",747372
"48021","Bastrop, TX",2138712
"48023","Baylor, TX",135825
"48025","Bee, TX",856856
"48027","Bell, TX",12677681
"48029","Bexar, TX",63532926
"48031","Blanco, TX",498659
"48033","Borden, TX",25474
"48035","Bosque, TX",593690
"48037","Bowie, TX",3281136
"48039","Brazoria, TX",12375726
"48041","Brazos, TX",5740301
"48043","Brewster, TX",367356
"48045","Briscoe, TX",45846
"48047","Brooks, TX",219712
"48049","Brown, TX",1227149
"48051","Burleson, TX",591553
"48053","Burnet, TX",1756336
"48055","Caldwell, TX",983222
"48057","Calhoun, TX",695003
"48059","Callahan, TX",451568
"48061","Cameron, TX",9622728
"48063","Camp, TX",419707
"48065","Carson, TX",243189
"48067","Cass, TX",995394
"48069","Castro, TX",391878
"48071","Chambers, TX",1740947
"48073","Cherokee, TX",1479124
"48075","Childress, TX",158915
"48077","Clay, TX",469528
"48079","Cochran, TX",103621
"48081","Coke, TX",107494
"48083","Coleman, TX",289240
"48085","Collin, TX",42576156
"48087","Collingsworth, TX",98438
"48089","Colorado, TX",812441
"48091","Comal, TX",4984481
"48093","Comanche, TX",506695
"48095","Concho, TX",92358
"48097","Cooke, TX",1757175
"48099","Coryell, TX",2825588
"48101","Cottle, TX",53528
"48103","Crane, TX",159374
"48105","Crockett, TX",133805
"48107","Crosby, TX",190564
"48109","Culberson, TX",72733
"48111","Dallam, TX",299053
"48113","Dallas, TX",109691908
"48115","Dawson, TX",366127
"48117","Deaf Smith, TX",703068
"48119","Delta, TX",162546
"48121","Denton, TX",29084012
"48123","DeWitt, TX",703393
"48125","Dickens, TX",65138
"48127","Dimmit, TX",347848
"48129","Donley, TX",133883
"48131","Duval, TX",411065
"48133","Eastland, TX",959981
"48135","Ector, TX",5378120
"48137","Edwards, TX",66180
"48139","Ellis, TX",5328740
"48141","El Paso, TX",24695912
"48143","Erath, TX",1206612
"48145","Falls, TX",503744
"48147","Fannin, TX",1008810
"48149","Fayette, TX",988534
"48151","Fisher, TX",133420
"48153","Floyd, TX",228094
"48155","Foard, TX",45172
"48157","Fort Bend, TX",29464671
"48159","Franklin, TX",349669
"48161","Freestone, TX",621490
"48163","Frio, TX",449550
"48165","Gaines, TX",520901
"48167","Galveston, TX",12848571
"48169","Garza, TX",191903
"48171","Gillespie, TX",1194175
"48173","Glasscock, TX",40352
"48175","Goliad, TX",215367
"48177","Gonzales, TX",622392
"48179","Gray, TX",885246
"48181","Grayson, TX",4055831
"48183","Gregg, TX",5319858
"48185","Grimes, TX",844731
"48187","Guadalupe, TX",5044267
"48189","Hale, TX",1026334
"48191","Hall, TX",79905
"48193","Hamilton, TX",299631
"48195","Hansford, TX",287355
"48197","Hardeman, TX",130944
"48199","Hardin, TX",2148084
"48201","Harris, TX",204593445
"48203","Harrison, TX",2742736
"48205","Hartley, TX",292101
"48207","Haskell, TX",170352
"48209","Hays, TX",5364409
"48211","Hemphill, TX",231295
"48213","Henderson, TX",2513876
"48215","Hidalgo, TX",17248431
"48217","Hill, TX",1141969
"48219","Hockley, TX",859956
"48221","Hood, TX",2105023
"48223","Hopkins, TX",1158966
"48225","Houston, TX",709807
"48227","Howard, TX",1116221
"48229","Hudspeth, TX",102427
"48231","Hunt, TX",2746118
"48233","Hutchinson, TX",825471
"48235","Irion, TX",89059
"48237","Jack, TX",342450
"48239","Jackson, TX",476202
"48241","Jasper, TX",1190414
"48243","Jeff Davis, TX",80704
"48245","Jefferson, TX",9786379
"48247","Jim Hogg, TX",197133
"48249","Jim Wells, TX",1645287
"48251","Johnson, TX",5081300
"48253","Jones, TX",538588
"48255","Karnes, TX",409172
"48257","Kaufman, TX",3571691
"48259","Kendall, TX",2007104
"48261","Kenedy, TX",22303
"48263","Kent, TX",25878
"48265","Kerr, TX",2119346
"48267","Kimble, TX",171464
"48269","King, TX",15828
"48271","Kinney, TX",111002
"48273","Kleberg, TX",1086107
"48275","Knox, TX",122705
"48277","Lamar, TX",1657062
"48279","Lamb, TX",422742
"48281","Lampasas, TX",972625
"48283","La Salle, TX",191307
"48285","Lavaca, TX",731180
"48287","Lee, TX",636167
"48289","Leon, TX",593994
"48291","Liberty, TX",2617939
"48293","Limestone, TX",718981
"48295","Lipscomb, TX",141233
"48297","Live Oak, TX",412272
"48299","Llano, TX",713759
"48301","Loving, TX",4823
"48303","Lubbock, TX",9835768
"48305","Lynn, TX",149589
"48307","McCulloch, TX",323525
"48309","McLennan, TX",8097533
"48311","McMullen, TX",36439
"48313","Madison, TX",352262
"48315","Marion, TX",323309
"48317","Martin, TX",158188
"48319","Mason, TX",141677
"48321","Matagorda, TX",1225279
"48323","Maverick, TX",1229327
"48325","Medina, TX",1513307
"48327","Menard, TX",68275
"48329","Midland, TX",9144318
"48331","Milam, TX",790449
"48333","Mills, TX",173025
"48335","Mitchell, TX",235665
"48337","Montague, TX",791582
"48339","Montgomery, TX",22882899
"48341","Moore, TX",747763
"48343","Morris, TX",448450
"48345","Motley, TX",43684
"48347","Nacogdoches, TX",1927413
"48349","Navarro, TX",1591179
"48351","Newton, TX",405293
"48353","Nolan, TX",502560
"48355","Nueces, TX",13196232
"48357","Ochiltree, TX",452957
"48359","Oldham, TX",94820
"48361","Orange, TX",3147945
"48363","Palo Pinto, TX",941758
"48365","Panola, TX",953996
"48367","Parker, TX",4961594
"48369","Parmer, TX",413870
"48371","Pecos, TX",470099
"48373","Polk, TX",1735258
"48375","Potter, TX",4122727
"48377","Presidio, TX",218928
"48379","Rains, TX",333215
"48381","Randall, TX",4934141
"48383","Reagan, TX",126040
"48385","Real, TX",103793
"48387","Red River, TX",402233
"48389","Reeves, TX",323359
"48391","Refugio, TX",291332
"48393","Roberts, TX",41419
"48395","Robertson, TX",600273
"48397","Rockwall, TX",4155207
"48399","Runnels, TX",308931
"48401","Rusk, TX",1656894
"48403","Sabine, TX",337042
"48405","San Augustine, TX",254714
"48407","San Jacinto, TX",847093
"48409","San Patricio, TX",2465196
"48411","San Saba, TX",189025
"48413","Schleicher, TX",109647
"48415","Scurry, TX",642420
"48417","Shackelford, TX",170863
"48419","Shelby, TX",817929
"48421","Sherman, TX",175170
"48423","Smith, TX",8218435
"48425","Somervell, TX",311074
"48427","Starr, TX",1187110
"48429","Stephens, TX",386205
"48431","Sterling, TX",41503
"48433","Stonewall, TX",59319
"48435","Sutton, TX",316967
"48437","Swisher, TX",284450
"48439","Tarrant, TX",75776982
"48441","Taylor, TX",4929477
"48443","Terrell, TX",44616
"48445","Terry, TX",384214
"48447","Throckmorton, TX",77464
"48449","Titus, TX",930371
"48451","Tom Green, TX",4168641
"48453","Travis, TX",45925294
"48455","Trinity, TX",416249
"48457","Tyler, TX",641462
"48459","Upshur, TX",1420328
"48461","Upton, TX",150669
"48463","Uvalde, TX",859853
"48465","Val Verde, TX",1507636
"48467","Van Zandt, TX",1791308
"48469","Victoria, TX",3716460
"48471","Walker, TX",1736768
"48473","Waller, TX",1290457
"48475","Ward, TX",414695
"48477","Washington, TX",1494553
"48479","Webb, TX",6408612
"48481","Wharton, TX",1468965
"48483","Wheeler, TX",242993
"48485","Wichita, TX",4636734
"48487","Wilbarger, TX",463394
"48489","Willacy, TX",584680
"48491","Williamson, TX",17740758
"48493","Wilson, TX",1524305
"48495","Winkler, TX",254768
"48497","Wise, TX",2123689
"48499","Wood, TX",1331319
"48501","Yoakum, TX",328686
"48503","Young, TX",739316
"48505","Zapata, TX",359364
"48507","Zavala, TX",247953
"49001","Beaver, UT",197783
"49003","Box Elder, UT",1516131
"49005","Cache, UT",3169251
"49007","Carbon, UT",701067
"49009","Daggett, UT",33230
"49011","Davis, UT",10837002
"49013","Duchesne, UT",693671
"49015","Emery, UT",354482
"49017","Garfield, UT",139948
"49019","Grand, UT",320801
"49021","Iron, UT",1100323
"49023","Juab, UT",251667
"49025","Kane, UT",230618
"49027","Millard, UT",375170
"49029","Morgan, UT",322294
"49031","Piute, UT",37281
"49033","Rich, UT",72051
"49035","Salt Lake, UT",40995436
"49037","San Juan, UT",330961
"49039","Sanpete, UT",614499
"49041","Sevier, UT",560268
"49043","Summit, UT",2730934
"49045","Tooele, UT",1646184
"49047","Uintah, UT",1037268
"49049","Utah, UT",13723793
"49051","Wasatch, UT",670049
"49053","Washington, UT",3847551
"49055","Wayne, UT",74812
"49057","Weber, UT",7816545
"50001","Addison, VT",1419119
"50003","Bennington, VT",1534346
"50005","Caledonia, VT",1058803
"50007","Chittenden, VT",7042288
"50009","Essex, VT",166289
"50011","Franklin, VT",1976891
"50013","Grand Isle, VT",301035
"50015","Lamoille, VT",1018596
"50017","Orange, VT",1053171
"50019","Orleans, VT",973118
"50021","Rutland, VT",2527128
"50023","Washington, VT",2634893
"50025","Windham, VT",1792206
"50027","Windsor, VT",2543977
"51001","Accomack, VA",1112362
"51007","Amelia, VA",446791
"51009","Amherst, VA",968867
"51011","Appomattox, VA",466155
"51013","Arlington, VA",17818465
"51017","Bath, VA",178712
"51021","Bland, VA",207916
"51023","Botetourt, VA",1401422
"51025","Brunswick, VA",468093
"51027","Buchanan, VA",770192
"51029","Buckingham, VA",427153
"51033","Caroline, VA",1036864
"51036","Charles City, VA",237182
"51037","Charlotte, VA",346110
"51041","Chesterfield, VA",14155553
"51043","Clarke, VA",589801
"51045","Craig, VA",160621
"51047","Culpeper, VA",1702003
"51049","Cumberland, VA",303642
"51051","Dickenson, VA",477048
"51057","Essex, VA",377984
"51061","Fauquier, VA",3594251
"51063","Floyd, VA",434575
"51065","Fluvanna, VA",951419
"51067","Franklin, VA",1840735
"51071","Giles, VA",515818
"51073","Gloucester, VA",1434937
"51075","Goochland, VA",1390441
"51077","Grayson, VA",377858
"51079","Greene, VA",710441
"51083","Halifax, VA",1070802
"51085","Hanover, VA",4598907
"51087","Henrico, VA",13823694
"51091","Highland, VA",82229
"51093","Isle of Wight, VA",1516168
"51097","King and Queen, VA",231025
"51099","King George, VA",980590
"51101","King William, VA",621368
"51103","Lancaster, VA",548383
"51105","Lee, VA",717983
"51107","Loudoun, VA",18626729
"51109","Louisa, VA",1372405
"51111","Lunenburg, VA",342840
"51113","Madison, VA",479209
"51115","Mathews, VA",472640
"51117","Mecklenburg, VA",1008394
"51119","Middlesex, VA",445404
"51125","Nelson, VA",601790
"51127","New Kent, VA",690856
"51131","Northampton, VA",445705
"51133","Northumberland, VA",522568
"51135","Nottoway, VA",485718
"51137","Orange, VA",1183902
"51139","Page, VA",706266
"51141","Patrick, VA",481002
"51145","Powhatan, VA",1232900
"51147","Prince Edward, VA",524221
"51155","Pulaski, VA",1140192
"51157","Rappahannock, VA",321375
"51159","Richmond, VA",248397
"51167","Russell, VA",828274
"51169","Scott, VA",646181
"51171","Shenandoah, VA",1380817
"51173","Smyth, VA",918227
"51179","Stafford, VA",5538561
"51181","Surry, VA",241616
"51183","Sussex, VA",359413
"51185","Tazewell, VA",1484687
"51187","Warren, VA",1483107
"51193","Westmoreland, VA",643218
"51197","Wythe, VA",847945
"51510","Alexandria (Independent City), VA",11310698
"51550","Chesapeake (Independent City), VA",9565620
"51650","Hampton (Independent City), VA",5456189
"51700","Newport News (Independent City), VA",6241927
"51710","Norfolk (Independent City), VA",8946520
"51740","Portsmouth (Independent City), VA",3596088
"51760","Richmond (Independent City), VA",8887105
"51770","Roanoke (Independent City), VA",3889328
"51800","Suffolk (Independent City), VA",3335932
"51810","Virginia Beach (Independent City), VA",20718174
"51901","Albemarle + Charlottesville, VA",6778562
"51903","Alleghany + Covington, VA",741097
"51907","Augusta, Staunton + Waynesboro, VA",4085833
"51909","Bedford + Bedford City, VA",2911097
"51911","Campbell + Lynchburg, VA",4210250
"51913","Carroll + Galax, VA",1097742
"51918","Dinwiddie, Colonial Heights + Petersburg, VA",2951555
"51919","Fairfax, Fairfax City + Falls Church, VA",78392046
"51921","Frederick + Winchester, VA",3971941
"51923","Greensville + Emporia, VA",434441
"51929","Henry + Martinsville, VA",2025548
"51931","James City + Williamsburg, VA",4316358
"51933","Montgomery + Radford, VA",3175190
"51939","Pittsylvania + Danville, VA",3307949
"51941","Prince George + Hopewell, VA",2301743
"51942","Prince William, Manassas + Manassas Park, VA",21307192
"51944","Roanoke + Salem, VA",4789030
"51945","Rockbridge, Buena Vista + Lexington, VA",1153183
"51947","Rockingham + Harrisonburg, VA",3964444
"51949","Southampton + Franklin, VA",845339
"51951","Spotsylvania + Fredericksburg, VA",6134760
"51953","Washington + Bristol, VA",2456827
"51955","Wise + Norton, VA",1496522
"51958","York + Poquoson, VA",3716378
"53001","Adams, WA",603223
"53003","Asotin, WA",772703
"53005","Benton, WA",7172962
"53007","Chelan, WA",2764115
"53009","Clallam, WA",2596047
"53011","Clark, WA",16337847
"53013","Columbia, WA",159000
"53015","Cowlitz, WA",3341482
"53017","Douglas, WA",1188610
"53019","Ferry, WA",202626
"53021","Franklin, WA",2479492
"53023","Garfield, WA",81429
"53025","Grant, WA",2829145
"53027","Grays Harbor, WA",2202146
"53029","Island, WA",3022032
"53031","Jefferson, WA",1254416
"53033","King, WA",113922436
"53035","Kitsap, WA",10842161
"53037","Kittitas, WA",1375042
"53039","Klickitat, WA",797443
"53041","Lewis, WA",2367518
"53043","Lincoln, WA",371540
"53045","Mason, WA",1851604
"53047","Okanogan, WA",1466319
"53049","Pacific, WA",683332
"53051","Pend Oreille, WA",395339
"53053","Pierce, WA",33117849
"53055","San Juan, WA",830842
"53057","Skagit, WA",4552329
"53059","Skamania, WA",377292
"53061","Snohomish, WA",31266357
"53063","Spokane, WA",17027067
"53065","Stevens, WA",1242192
"53067","Thurston, WA",10584595
"53069","Wahkiakum, WA",128915
"53071","Walla Walla, WA",2102032
"53073","Whatcom, WA",7759117
"53075","Whitman, WA",1369413
"53077","Yakima, WA",8247254
"54001","Barbour, WV",431324
"54003","Berkeley, WV",3351815
"54005","Boone, WV",706737
"54007","Braxton, WV",379853
"54009","Brooke, WV",740036
"54011","Cabell, WV",3293803
"54013","Calhoun, WV",176019
"54015","Clay, WV",221840
"54017","Doddridge, WV",166783
"54019","Fayette, WV",1337914
"54021","Gilmer, WV",195702
"54023","Grant, WV",358654
"54025","Greenbrier, WV",1150251
"54027","Hampshire, WV",586576
"54029","Hancock, WV",937606
"54031","Hardy, WV",366663
"54033","Harrison, WV",2687358
"54035","Jackson, WV",778520
"54037","Jefferson, WV",2067414
"54039","Kanawha, WV",8212684
"54041","Lewis, WV",575783
"54043","Lincoln, WV",532756
"54045","Logan, WV",1227326
"54047","McDowell, WV",594507
"54049","Marion, WV",2056247
"54051","Marshall, WV",1189812
"54053","Mason, WV",714313
"54055","Mercer, WV",2039854
"54057","Mineral, WV",894616
"54059","Mingo, WV",819780
"54061","Monongalia, WV",3707765
"54063","Monroe, WV",368119
"54065","Morgan, WV",558141
"54067","Nicholas, WV",816630
"54069","Ohio, WV",1679956
"54071","Pendleton, WV",237966
"54073","Pleasants, WV",241403
"54075","Pocahontas, WV",267500
"54077","Preston, WV",950876
"54079","Putnam, WV",2274865
"54081","Raleigh, WV",2915958
"54083","Randolph, WV",902311
"54085","Ritchie, WV",300115
"54087","Roane, WV",373557
"54089","Summers, WV",341534
"54091","Taylor, WV",457243
"54093","Tucker, WV",202468
"54095","Tyler, WV",241433
"54097","Upshur, WV",712337
"54099","Wayne, WV",1236868
"54101","Webster, WV",227620
"54103","Wetzel, WV",510061
"54105","Wirt, WV",130794
"54107","Wood, WV",2845888
"54109","Wyoming, WV",681643
"55001","Adams, WI",691246
"55003","Ashland, WI",521119
"55005","Barron, WI",1517970
"55007","Bayfield, WI",503757
"55009","Brown, WI",9928992
"55011","Buffalo, WI",547459
"55013","Burnett, WI",532903
"55015","Calumet, WI",2151501
"55017","Chippewa, WI",2157978
"55019","Clark, WI",1061043
"55021","Columbia, WI",2309367
"55023","Crawford, WI",541950
"55025","Dane, WI",23268610
"55027","Dodge, WI",3110733
"55029","Door, WI",1178429
"55031","Douglas, WI",1388342
"55033","Dunn, WI",1425788
"55035","Eau Claire, WI",3715802
"55037","Florence, WI",159261
"55039","Fond du Lac, WI",3766440
"55041","Forest, WI",289951
"55043","Grant, WI",1719051
"55045","Green, WI",1413794
"55047","Green Lake, WI",724819
"55049","Iowa, WI",918946
"55051","Iron, WI",217232
"55053","Jackson, WI",707089
"55055","Jefferson, WI",2939310
"55057","Juneau, WI",789879
"55059","Kenosha, WI",5983459
"55061","Kewaunee, WI",786645
"55063","La Crosse, WI",4368103
"55065","Lafayette, WI",587297
"55067","Langlade, WI",677146
"55069","Lincoln, WI",957111
"55071","Manitowoc, WI",3119148
"55073","Marathon, WI",5001622
"55075","Marinette, WI",1453003
"55077","Marquette, WI",464793
"55078","Menominee, WI",113426
"55079","Milwaukee, WI",37035130
"55081","Monroe, WI",1504743
"55083","Oconto, WI",1367896
"55085","Oneida, WI",1376196
"55087","Outagamie, WI",6831847
"55089","Ozaukee, WI",5247351
"55091","Pepin, WI",268527
"55093","Pierce, WI",1388877
"55095","Polk, WI",1459689
"55097","Portage, WI",2493944
"55099","Price, WI",477401
"55101","Racine, WI",7507705
"55103","Richland, WI",573699
"55105","Rock, WI",5331834
"55107","Rusk, WI",399138
"55109","St. Croix, WI",3374277
"55111","Sauk, WI",2291137
"55113","Sawyer, WI",569758
"55115","Shawano, WI",1374165
"55117","Sheboygan, WI",4595577
"55119","Taylor, WI",611317
"55121","Trempealeau, WI",1008099
"55123","Vernon, WI",901431
"55125","Vilas, WI",750864
"55127","Walworth, WI",3585050
"55129","Washburn, WI",530067
"55131","Washington, WI",5978473
"55133","Waukesha, WI",21430201
"55135","Waupaca, WI",1942241
"55137","Waushara, WI",748507
"55139","Winnebago, WI",6446995
"55141","Wood, WI",2929491
"55901","Shawano (includes Menominee), WI","(NA)"
"56001","Albany, WY",1359879
"56003","Big Horn, WY",396062
"56005","Campbell, WY",2218288
"56007","Carbon, WY",649829
"56009","Converse, WY",626981
"56011","Crook, WY",312006
"56013","Fremont, WY",1598381
"56015","Goshen, WY",468995
"56017","Hot Springs, WY",209308
"56019","Johnson, WY",352474
"56021","Laramie, WY",4345022
"56023","Lincoln, WY",681985
"56025","Natrona, WY",4132022
"56027","Niobrara, WY",105644
"56029","Park, WY",1309479
"56031","Platte, WY",387203
"56033","Sheridan, WY",1485422
"56035","Sublette, WY",634700
"56037","Sweetwater, WY",2290895
"56039","Teton, WY",2065613
"56041","Uinta, WY",877863
"56043","Washakie, WY",355070
"56045","Weston, WY",350567
"Legend / Footnotes:"
"Geographic Note-- Cibola, NM was separated from Valencia in June 1981, but in these estimates, Valencia includes Cibola through the end of 1981."
"Geographic Note-- La Paz County, AZ was separated from Yuma County on January 1, 1983. The Yuma, AZ MSA contains the area that became La Paz County, AZ through 1982 and excludes it beginning with 1983."
"Geographic Note-- Shawano, WI and Menominee, WI are combined as Shawano (incl. Menominee), WI for the years prior to 1989."
"Geographic Note-- Broomfield County, CO, was created from parts of Adams, Boulder, Jefferson, and Weld counties effective November 15, 2001. Estimates for Broomfield county begin with 2002."
"Geographic Note-- Estimates for 1979 forward reflect Alaska Census Areas as defined by the Census Bureau; those for prior years reflect Alaska Census Divisions as defined in the 1970 Decennial Census. Estimates from 1988 forward separate Aleutian Islands Census Area into Aleutians East Borough and Aleutians West Census Area. Estimates for 1991 forward separate Denali Borough from Yukon-Koyukuk Census Area and Lake and Peninsula Borough from Dillingham Census Area. Estimates from 1993 forward separate Skagway-Yakutat-Angoon Census Area into Skagway-Hoonah-Angoon Census Area and Yakutat Borough. Estimates from 2008 forward separate Skagway-Hoonah-Angoon Census Area into Skagway Borough and Hoonah-Angoon Census Area. Estimates from 2009 forward separate Wrangell-Petersburg Census Area into Petersburg Census Area and Wrangell City and Borough. In addition, a part of the Prince of Wales-Outer Ketchikan Census Area was annexed by Ketchikan Gateway Borough and part (Meyers Chuck Area) was included in the new Wrangell City and Borough. The remainder of the Prince of Wales-Outer Ketchikan Census Area was renamed Prince of Wales-Hyder Census Area."
"Geographic Note-- Virginia combination areas consist of one or two independent cities with 1980 populations of less than 100,000 combined with an adjacent county. The county name appears first, followed by the city name(s). Separate estimates for the jurisdictions making up the combination area are not available."
"Note-- All state and local area dollar estimates are in current dollars (not adjusted for inflation)."
"(NA) Data not available for this year."
"Last updated: November 26, 2012 - new estimates for 2011; revised estimates for 2009-2010."
