"CA1-3 Personal income summary"
"Population (number of persons) 1/" 
"Bureau of Economic Analysis" 
"County"
"Fips","Area","2011"
"01001","Autauga, AL",55267
"01003","Baldwin, AL",186717
"01005","Barbour, AL",27119
"01007","Bibb, AL",22766
"01009","Blount, AL",57677
"01011","Bullock, AL",10542
"01013","Butler, AL",20650
"01015","Calhoun, AL",117797
"01017","Chambers, AL",33939
"01019","Cherokee, AL",26057
"01021","Chilton, AL",43895
"01023","Choctaw, AL",13609
"01025","Clarke, AL",25695
"01027","Clay, AL",13862
"01029","Cleburne, AL",14835
"01031","Coffee, AL",50526
"01033","Colbert, AL",54512
"01035","Conecuh, AL",13105
"01037","Coosa, AL",10713
"01039","Covington, AL",38058
"01041","Crenshaw, AL",13911
"01043","Cullman, AL",80536
"01045","Dale, AL",50044
"01047","Dallas, AL",43332
"01049","DeKalb, AL",71375
"01051","Elmore, AL",80162
"01053","Escambia, AL",38095
"01055","Etowah, AL",104303
"01057","Fayette, AL",17182
"01059","Franklin, AL",31884
"01061","Geneva, AL",26781
"01063","Greene, AL",8921
"01065","Hale, AL",15421
"01067","Henry, AL",17412
"01069","Houston, AL",102369
"01071","Jackson, AL",53291
"01073","Jefferson, AL",658931
"01075","Lamar, AL",14311
"01077","Lauderdale, AL",92781
"01079","Lawrence, AL",34117
"01081","Lee, AL",143468
"01083","Limestone, AL",85369
"01085","Lowndes, AL",11147
"01087","Macon, AL",21182
"01089","Madison, AL",340111
"01091","Marengo, AL",20692
"01093","Marion, AL",30663
"01095","Marshall, AL",94166
"01097","Mobile, AL",412577
"01099","Monroe, AL",22760
"01101","Montgomery, AL",232032
"01103","Morgan, AL",119953
"01105","Perry, AL",10373
"01107","Pickens, AL",19349
"01109","Pike, AL",32915
"01111","Randolph, AL",22787
"01113","Russell, AL",54572
"01115","St. Clair, AL",84398
"01117","Shelby, AL",197936
"01119","Sumter, AL",13478
"01121","Talladega, AL",81664
"01123","Tallapoosa, AL",41623
"01125","Tuscaloosa, AL",197211
"01127","Walker, AL",66661
"01129","Washington, AL",17344
"01131","Wilcox, AL",11482
"01133","Winston, AL",24327
"02010","Aleutian Islands Census Area, AK","(NA)"
"02013","Aleutians East Borough, AK",3172
"02016","Aleutians West Census Area, AK",5504
"02020","Anchorage Municipality, AK",295570
"02050","Bethel Census Area, AK",17416
"02060","Bristol Bay Borough, AK",1030
"02068","Denali Borough, AK",1855
"02070","Dillingham Census Area, AK",4975
"02090","Fairbanks North Star Borough, AK",99192
"02100","Haines Borough, AK",2554
"02105","Hoonah-Angoon Census Area, AK",2112
"02110","Juneau City and Borough, AK",32164
"02122","Kenai Peninsula Borough, AK",56293
"02130","Ketchikan Gateway Borough, AK",13593
"02150","Kodiak Island Borough, AK",13872
"02164","Lake and Peninsula Borough, AK",1668
"02170","Matanuska-Susitna Borough, AK",91946
"02180","Nome Census Area, AK",9856
"02185","North Slope Borough, AK",9503
"02188","Northwest Arctic Borough, AK",7733
"02195","Petersburg Census Area, AK",3838
"02198","Prince of Wales-Hyder Census Area, AK",5737
"02201","Prince of Wales-Outer Ketchikan Census Area, AK","(NA)"
"02220","Sitka City and Borough, AK",8952
"02230","Skagway Municipality, AK",935
"02231","Skagway-Yakutat-Angoon Census Area, AK","(NA)"
"02232","Skagway-Hoonah-Angoon Census Area, AK","(NA)"
"02240","Southeast Fairbanks Census Area, AK",7132
"02261","Valdez-Cordova Census Area, AK",9770
"02270","Wade Hampton Census Area, AK",7662
"02275","Wrangell City and Borough, AK",2382
"02280","Wrangell-Petersburg Census Area, AK","(NA)"
"02282","Yakutat City and Borough, AK",646
"02290","Yukon-Koyukuk Census Area, AK",5656
"02901","Aleutian Islands Division, AK","(NA)"
"02903","Angoon Division, AK","(NA)"
"02904","Barrow-North Slope Division, AK","(NA)"
"02905","Bethel Division, AK","(NA)"
"02907","Bristol Bay Division, AK","(NA)"
"02908","Cordova-McCarthy Division, AK","(NA)"
"02910","Haines Division, AK","(NA)"
"02912","Kenai-Cook Inlet Division, AK","(NA)"
"02916","Kuskokwim Division, AK","(NA)"
"02919","Outer Ketchikan Division, AK","(NA)"
"02920","Prince of Wales Division, AK","(NA)"
"02921","Seward Division, AK","(NA)"
"02922","Sitka Division, AK","(NA)"
"02923","Skagway-Yakutat Division, AK","(NA)"
"02924","Southeast Fairbanks Division, AK","(NA)"
"02925","Upper Yukon Division, AK","(NA)"
"02926","Valdez-Chitina-Whittier Division, AK","(NA)"
"02928","Wrangell-Petersburg Division, AK","(NA)"
"02929","Yukon-Koyukuk Division, AK","(NA)"
"04001","Apache, AZ",72401
"04003","Cochise, AZ",133289
"04005","Coconino, AZ",134511
"04007","Gila, AZ",53144
"04009","Graham, AZ",37147
"04011","Greenlee, AZ",8606
"04012","La Paz, AZ",20419
"04013","Maricopa, AZ",3880244
"04015","Mohave, AZ",202351
"04017","Navajo, AZ",107398
"04019","Pima, AZ",989569
"04021","Pinal, AZ",382992
"04023","Santa Cruz, AZ",47676
"04025","Yavapai, AZ",211888
"04027","Yuma, AZ",200870
"05001","Arkansas, AR",18892
"05003","Ashley, AR",21692
"05005","Baxter, AR",41536
"05007","Benton, AR",227556
"05009","Boone, AR",37051
"05011","Bradley, AR",11482
"05013","Calhoun, AR",5144
"05015","Carroll, AR",27512
"05017","Chicot, AR",11721
"05019","Clark, AR",22858
"05021","Clay, AR",15880
"05023","Cleburne, AR",25901
"05025","Cleveland, AR",8672
"05027","Columbia, AR",24401
"05029","Conway, AR",21270
"05031","Craighead, AR",98315
"05033","Crawford, AR",61944
"05035","Crittenden, AR",50525
"05037","Cross, AR",17781
"05039","Dallas, AR",8072
"05041","Desha, AR",12763
"05043","Drew, AR",18467
"05045","Faulkner, AR",116342
"05047","Franklin, AR",18047
"05049","Fulton, AR",12296
"05051","Garland, AR",97124
"05053","Grant, AR",17988
"05055","Greene, AR",42720
"05057","Hempstead, AR",22541
"05059","Hot Spring, AR",32881
"05061","Howard, AR",13886
"05063","Independence, AR",36861
"05065","Izard, AR",13419
"05067","Jackson, AR",17866
"05069","Jefferson, AR",76246
"05071","Johnson, AR",25742
"05073","Lafayette, AR",7516
"05075","Lawrence, AR",17178
"05077","Lee, AR",10326
"05079","Lincoln, AR",14006
"05081","Little River, AR",12996
"05083","Logan, AR",22290
"05085","Lonoke, AR",69341
"05087","Madison, AR",15776
"05089","Marion, AR",16573
"05091","Miller, AR",43759
"05093","Mississippi, AR",45966
"05095","Monroe, AR",8075
"05097","Montgomery, AR",9433
"05099","Nevada, AR",9017
"05101","Newton, AR",8264
"05103","Ouachita, AR",25880
"05105","Perry, AR",10405
"05107","Phillips, AR",21442
"05109","Pike, AR",11259
"05111","Poinsett, AR",24514
"05113","Polk, AR",20610
"05115","Pope, AR",62331
"05117","Prairie, AR",8618
"05119","Pulaski, AR",386299
"05121","Randolph, AR",18017
"05123","St. Francis, AR",27970
"05125","Saline, AR",109526
"05127","Scott, AR",11272
"05129","Searcy, AR",8036
"05131","Sebastian, AR",127127
"05133","Sevier, AR",17293
"05135","Sharp, AR",17380
"05137","Stone, AR",12603
"05139","Union, AR",41427
"05141","Van Buren, AR",17083
"05143","Washington, AR",207521
"05145","White, AR",78167
"05147","Woodruff, AR",7229
"05149","Yell, AR",22060
"06001","Alameda, CA",1529875
"06003","Alpine, CA",1102
"06005","Amador, CA",37953
"06007","Butte, CA",220266
"06009","Calaveras, CA",45052
"06011","Colusa, CA",21549
"06013","Contra Costa, CA",1066096
"06015","Del Norte, CA",28659
"06017","El Dorado, CA",180938
"06019","Fresno, CA",942904
"06021","Glenn, CA",28128
"06023","Humboldt, CA",134761
"06025","Imperial, CA",177057
"06027","Inyo, CA",18478
"06029","Kern, CA",851710
"06031","Kings, CA",153765
"06033","Lake, CA",64323
"06035","Lassen, CA",34200
"06037","Los Angeles, CA",9889056
"06039","Madera, CA",152925
"06041","Marin, CA",255031
"06043","Mariposa, CA",18191
"06045","Mendocino, CA",87553
"06047","Merced, CA",259898
"06049","Modoc, CA",9517
"06051","Mono, CA",14309
"06053","Monterey, CA",421898
"06055","Napa, CA",138088
"06057","Nevada, CA",98612
"06059","Orange, CA",3055745
"06061","Placer, CA",357138
"06063","Plumas, CA",19765
"06065","Riverside, CA",2239620
"06067","Sacramento, CA",1436105
"06069","San Benito, CA",56072
"06071","San Bernardino, CA",2065377
"06073","San Diego, CA",3140069
"06075","San Francisco, CA",812826
"06077","San Joaquin, CA",696214
"06079","San Luis Obispo, CA",271969
"06081","San Mateo, CA",727209
"06083","Santa Barbara, CA",426878
"06085","Santa Clara, CA",1809378
"06087","Santa Cruz, CA",264298
"06089","Shasta, CA",177774
"06091","Sierra, CA",3113
"06093","Siskiyou, CA",44507
"06095","Solano, CA",416471
"06097","Sonoma, CA",488116
"06099","Stanislaus, CA",518522
"06101","Sutter, CA",94919
"06103","Tehama, CA",63601
"06105","Trinity, CA",13723
"06107","Tulare, CA",449253
"06109","Tuolumne, CA",54953
"06111","Ventura, CA",831771
"06113","Yolo, CA",202054
"06115","Yuba, CA",72578
"08001","Adams, CO",451443
"08003","Alamosa, CO",15710
"08005","Arapahoe, CO",584948
"08007","Archuleta, CO",12013
"08009","Baca, CO",3795
"08011","Bent, CO",6250
"08013","Boulder, CO",299378
"08014","Broomfield, CO",57352
"08015","Chaffee, CO",17932
"08017","Cheyenne, CO",1876
"08019","Clear Creek, CO",9012
"08021","Conejos, CO",8291
"08023","Costilla, CO",3662
"08025","Crowley, CO",5736
"08027","Custer, CO",4205
"08029","Delta, CO",30451
"08031","Denver, CO",619968
"08033","Dolores, CO",2056
"08035","Douglas, CO",292167
"08037","Eagle, CO",51854
"08039","Elbert, CO",23174
"08041","El Paso, CO",636963
"08043","Fremont, CO",47347
"08045","Garfield, CO",56270
"08047","Gilpin, CO",5467
"08049","Grand, CO",14548
"08051","Gunnison, CO",15408
"08053","Hinsdale, CO",830
"08055","Huerfano, CO",6520
"08057","Jackson, CO",1370
"08059","Jefferson, CO",539884
"08061","Kiowa, CO",1433
"08063","Kit Carson, CO",8142
"08065","Lake, CO",7427
"08067","La Plata, CO",51917
"08069","Larimer, CO",305525
"08071","Las Animas, CO",15037
"08073","Lincoln, CO",5454
"08075","Logan, CO",22619
"08077","Mesa, CO",147083
"08079","Mineral, CO",708
"08081","Moffat, CO",13451
"08083","Montezuma, CO",25442
"08085","Montrose, CO",41011
"08087","Morgan, CO",28175
"08089","Otero, CO",18865
"08091","Ouray, CO",4356
"08093","Park, CO",16089
"08095","Phillips, CO",4399
"08097","Pitkin, CO",17102
"08099","Prowers, CO",12549
"08101","Pueblo, CO",160545
"08103","Rio Blanco, CO",6782
"08105","Rio Grande, CO",11956
"08107","Routt, CO",23239
"08109","Saguache, CO",6228
"08111","San Juan, CO",692
"08113","San Miguel, CO",7490
"08115","Sedgwick, CO",2364
"08117","Summit, CO",27972
"08119","Teller, CO",23356
"08121","Washington, CO",4770
"08123","Weld, CO",258638
"08125","Yuma, CO",10100
"09001","Fairfield, CT",925899
"09003","Hartford, CT",894705
"09005","Litchfield, CT",188789
"09007","Middlesex, CT",166043
"09009","New Haven, CT",861113
"09011","New London, CT",273502
"09013","Tolland, CT",152507
"09015","Windham, CT",118151
"10001","Kent, DE",164834
"10003","New Castle, DE",541971
"10005","Sussex, DE",200330
"11001","District of Columbia, DC",617996
"12001","Alachua, FL",249365
"12003","Baker, FL",27154
"12005","Bay, FL",169856
"12007","Bradford, FL",28255
"12009","Brevard, FL",543566
"12011","Broward, FL",1780172
"12013","Calhoun, FL",14750
"12015","Charlotte, FL",160511
"12017","Citrus, FL",140031
"12019","Clay, FL",192370
"12021","Collier, FL",328134
"12023","Columbia, FL",67485
"12027","DeSoto, FL",34894
"12029","Dixie, FL",16486
"12031","Duval, FL",870709
"12033","Escambia, FL",299114
"12035","Flagler, FL",97376
"12037","Franklin, FL",11596
"12039","Gadsden, FL",46151
"12041","Gilchrist, FL",17004
"12043","Glades, FL",12635
"12045","Gulf, FL",15844
"12047","Hamilton, FL",14671
"12049","Hardee, FL",27887
"12051","Hendry, FL",39089
"12053","Hernando, FL",173094
"12055","Highlands, FL",98630
"12057","Hillsborough, FL",1267775
"12059","Holmes, FL",19873
"12061","Indian River, FL",138894
"12063","Jackson, FL",49292
"12065","Jefferson, FL",14658
"12067","Lafayette, FL",8942
"12069","Lake, FL",301019
"12071","Lee, FL",631330
"12073","Leon, FL",277971
"12075","Levy, FL",40156
"12077","Liberty, FL",8314
"12079","Madison, FL",19115
"12081","Manatee, FL",327142
"12083","Marion, FL",332529
"12085","Martin, FL",147495
"12086","Miami-Dade, FL",2554766
"12087","Monroe, FL",73873
"12089","Nassau, FL",74195
"12091","Okaloosa, FL",183482
"12093","Okeechobee, FL",40140
"12095","Orange, FL",1169107
"12097","Osceola, FL",276163
"12099","Palm Beach, FL",1335187
"12101","Pasco, FL",466457
"12103","Pinellas, FL",917398
"12105","Polk, FL",609492
"12107","Putnam, FL",74041
"12109","St. Johns, FL",195823
"12111","St. Lucie, FL",280379
"12113","Santa Rosa, FL",154104
"12115","Sarasota, FL",382213
"12117","Seminole, FL",425071
"12119","Sumter, FL",97756
"12121","Suwannee, FL",41972
"12123","Taylor, FL",22691
"12125","Union, FL",15388
"12127","Volusia, FL",494804
"12129","Wakulla, FL",30978
"12131","Walton, FL",55793
"12133","Washington, FL",24935
"13001","Appling, GA",18420
"13003","Atkinson, GA",8413
"13005","Bacon, GA",11203
"13007","Baker, GA",3085
"13009","Baldwin, GA",44417
"13011","Banks, GA",18251
"13013","Barrow, GA",69912
"13015","Bartow, GA",100421
"13017","Ben Hill, GA",17673
"13019","Berrien, GA",19372
"13021","Bibb, GA",156433
"13023","Bleckley, GA",13290
"13025","Brantley, GA",18367
"13027","Brooks, GA",15889
"13029","Bryan, GA",31377
"13031","Bulloch, GA",72881
"13033","Burke, GA",23504
"13035","Butts, GA",23504
"13037","Calhoun, GA",6740
"13039","Camden, GA",50410
"13043","Candler, GA",11276
"13045","Carroll, GA",111159
"13047","Catoosa, GA",64530
"13049","Charlton, GA",13422
"13051","Chatham, GA",271544
"13053","Chattahoochee, GA",11749
"13055","Chattooga, GA",25736
"13057","Cherokee, GA",218286
"13059","Clarke, GA",117344
"13061","Clay, GA",3111
"13063","Clayton, GA",261532
"13065","Clinch, GA",6777
"13067","Cobb, GA",697553
"13069","Coffee, GA",42864
"13071","Colquitt, GA",45645
"13073","Columbia, GA",128112
"13075","Cook, GA",17125
"13077","Coweta, GA",129629
"13079","Crawford, GA",12567
"13081","Crisp, GA",23710
"13083","Dade, GA",16570
"13085","Dawson, GA",22459
"13087","Decatur, GA",27694
"13089","DeKalb, GA",699893
"13091","Dodge, GA",21894
"13093","Dooly, GA",14587
"13095","Dougherty, GA",94788
"13097","Douglas, GA",133355
"13099","Early, GA",10778
"13101","Echols, GA",4129
"13103","Effingham, GA",52655
"13105","Elbert, GA",19886
"13107","Emanuel, GA",22567
"13109","Evans, GA",11065
"13111","Fannin, GA",23708
"13113","Fayette, GA",107784
"13115","Floyd, GA",95989
"13117","Forsyth, GA",181840
"13119","Franklin, GA",21864
"13121","Fulton, GA",949599
"13123","Gilmer, GA",28324
"13125","Glascock, GA",3084
"13127","Glynn, GA",80386
"13129","Gordon, GA",55621
"13131","Grady, GA",25255
"13133","Greene, GA",16031
"13135","Gwinnett, GA",824941
"13137","Habersham, GA",43279
"13139","Hall, GA",183052
"13141","Hancock, GA",9400
"13143","Haralson, GA",28638
"13145","Harris, GA",32265
"13147","Hart, GA",25305
"13149","Heard, GA",11744
"13151","Henry, GA",207360
"13153","Houston, GA",143925
"13155","Irwin, GA",9679
"13157","Jackson, GA",61257
"13159","Jasper, GA",13885
"13161","Jeff Davis, GA",15162
"13163","Jefferson, GA",16675
"13165","Jenkins, GA",8148
"13167","Johnson, GA",9975
"13169","Jones, GA",28516
"13171","Lamar, GA",18194
"13173","Lanier, GA",10404
"13175","Laurens, GA",47949
"13177","Lee, GA",28575
"13179","Liberty, GA",65451
"13181","Lincoln, GA",7862
"13183","Long, GA",15136
"13185","Lowndes, GA",111885
"13187","Lumpkin, GA",30031
"13189","McDuffie, GA",21673
"13191","McIntosh, GA",14170
"13193","Macon, GA",14405
"13195","Madison, GA",27921
"13197","Marion, GA",8746
"13199","Meriwether, GA",21617
"13201","Miller, GA",6141
"13205","Mitchell, GA",23462
"13207","Monroe, GA",26625
"13209","Montgomery, GA",9065
"13211","Morgan, GA",17961
"13213","Murray, GA",39557
"13215","Muscogee, GA",194107
"13217","Newton, GA",100814
"13219","Oconee, GA",33366
"13221","Oglethorpe, GA",14686
"13223","Paulding, GA",143542
"13225","Peach, GA",27823
"13227","Pickens, GA",29415
"13229","Pierce, GA",18770
"13231","Pike, GA",17751
"13233","Polk, GA",41211
"13235","Pulaski, GA",11735
"13237","Putnam, GA",21345
"13239","Quitman, GA",2464
"13241","Rabun, GA",16274
"13243","Randolph, GA",7558
"13245","Richmond, GA",201217
"13247","Rockdale, GA",85765
"13249","Schley, GA",5020
"13251","Screven, GA",14367
"13253","Seminole, GA",8791
"13255","Spalding, GA",64033
"13257","Stephens, GA",25960
"13259","Stewart, GA",5910
"13261","Sumter, GA",32511
"13263","Talbot, GA",6751
"13265","Taliaferro, GA",1703
"13267","Tattnall, GA",25688
"13269","Taylor, GA",8499
"13271","Telfair, GA",16057
"13273","Terrell, GA",9319
"13275","Thomas, GA",44702
"13277","Tift, GA",41461
"13279","Toombs, GA",27434
"13281","Towns, GA",10611
"13283","Treutlen, GA",6825
"13285","Troup, GA",67764
"13287","Turner, GA",8875
"13289","Twiggs, GA",8779
"13291","Union, GA",21134
"13293","Upson, GA",26977
"13295","Walker, GA",68848
"13297","Walton, GA",84580
"13299","Ware, GA",36474
"13301","Warren, GA",5721
"13303","Washington, GA",21111
"13305","Wayne, GA",30327
"13307","Webster, GA",2791
"13309","Wheeler, GA",7939
"13311","White, GA",27273
"13313","Whitfield, GA",103184
"13315","Wilcox, GA",9298
"13317","Wilkes, GA",10211
"13319","Wilkinson, GA",9444
"13321","Worth, GA",21921
"15001","Hawaii, HI",186738
"15003","Honolulu, HI",963607
"15007","Kauai, HI",67701
"15901","Maui + Kalawao, HI",156764
"16001","Ada, ID",400842
"16003","Adams, ID",3977
"16005","Bannock, ID",83691
"16007","Bear Lake, ID",6001
"16009","Benewah, ID",9209
"16011","Bingham, ID",45952
"16013","Blaine, ID",21199
"16015","Boise, ID",7025
"16017","Bonner, ID",40808
"16019","Bonneville, ID",105772
"16021","Boundary, ID",10804
"16023","Butte, ID",2822
"16025","Camas, ID",1124
"16027","Canyon, ID",191694
"16029","Caribou, ID",6850
"16031","Cassia, ID",23186
"16033","Clark, ID",949
"16035","Clearwater, ID",8702
"16037","Custer, ID",4333
"16039","Elmore, ID",26346
"16041","Franklin, ID",12850
"16043","Fremont (includes Yellowstone Park), ID",13128
"16045","Gem, ID",16665
"16047","Gooding, ID",15475
"16049","Idaho, ID",16446
"16051","Jefferson, ID",26301
"16053","Jerome, ID",22682
"16055","Kootenai, ID",141132
"16057","Latah, ID",37704
"16059","Lemhi, ID",7967
"16061","Lewis, ID",3822
"16063","Lincoln, ID",5186
"16065","Madison, ID",37864
"16067","Minidoka, ID",20155
"16069","Nez Perce, ID",39543
"16071","Oneida, ID",4215
"16073","Owyhee, ID",11438
"16075","Payette, ID",22624
"16077","Power, ID",7766
"16079","Shoshone, ID",12672
"16081","Teton, ID",10166
"16083","Twin Falls, ID",78005
"16085","Valley, ID",9638
"16087","Washington, ID",10255
"17001","Adams, IL",67159
"17003","Alexander, IL",8036
"17005","Bond, IL",17727
"17007","Boone, IL",54367
"17009","Brown, IL",6878
"17011","Bureau, IL",34606
"17013","Calhoun, IL",5048
"17015","Carroll, IL",15163
"17017","Cass, IL",13579
"17019","Champaign, IL",201685
"17021","Christian, IL",34865
"17023","Clark, IL",16161
"17025","Clay, IL",13728
"17027","Clinton, IL",37956
"17029","Coles, IL",53916
"17031","Cook, IL",5217080
"17033","Crawford, IL",19857
"17035","Cumberland, IL",11096
"17037","DeKalb, IL",104743
"17039","De Witt, IL",16578
"17041","Douglas, IL",19836
"17043","DuPage, IL",923222
"17045","Edgar, IL",18393
"17047","Edwards, IL",6618
"17049","Effingham, IL",34280
"17051","Fayette, IL",22133
"17053","Ford, IL",13976
"17055","Franklin, IL",39627
"17057","Fulton, IL",36962
"17059","Gallatin, IL",5528
"17061","Greene, IL",13798
"17063","Grundy, IL",50130
"17065","Hamilton, IL",8425
"17067","Hancock, IL",19031
"17069","Hardin, IL",4281
"17071","Henderson, IL",7196
"17073","Henry, IL",50328
"17075","Iroquois, IL",29475
"17077","Jackson, IL",60365
"17079","Jasper, IL",9717
"17081","Jefferson, IL",38713
"17083","Jersey, IL",22916
"17085","Jo Daviess, IL",22712
"17087","Johnson, IL",12654
"17089","Kane, IL",520271
"17091","Kankakee, IL",113698
"17093","Kendall, IL",116631
"17095","Knox, IL",52917
"17097","Lake, IL",706222
"17099","LaSalle, IL",113518
"17101","Lawrence, IL",16745
"17103","Lee, IL",35467
"17105","Livingston, IL",38885
"17107","Logan, IL",30140
"17109","McDonough, IL",32582
"17111","McHenry, IL",308944
"17113","McLean, IL",170556
"17115","Macon, IL",110730
"17117","Macoupin, IL",47687
"17119","Madison, IL",268459
"17121","Marion, IL",39335
"17123","Marshall, IL",12533
"17125","Mason, IL",14485
"17127","Massac, IL",15442
"17129","Menard, IL",12703
"17131","Mercer, IL",16363
"17133","Monroe, IL",33306
"17135","Montgomery, IL",29848
"17137","Morgan, IL",35543
"17139","Moultrie, IL",14824
"17141","Ogle, IL",53115
"17143","Peoria, IL",186834
"17145","Perry, IL",22264
"17147","Piatt, IL",16675
"17149","Pike, IL",16398
"17151","Pope, IL",4370
"17153","Pulaski, IL",6046
"17155","Putnam, IL",5968
"17157","Randolph, IL",33361
"17159","Richland, IL",16230
"17161","Rock Island, IL",147556
"17163","St. Clair, IL",270259
"17165","Saline, IL",24981
"17167","Sangamon, IL",198844
"17169","Schuyler, IL",7479
"17171","Scott, IL",5271
"17173","Shelby, IL",22212
"17175","Stark, IL",5667
"17177","Stephenson, IL",47563
"17179","Tazewell, IL",135661
"17181","Union, IL",17708
"17183","Vermilion, IL",81509
"17185","Wabash, IL",11834
"17187","Warren, IL",17818
"17189","Washington, IL",14533
"17191","Wayne, IL",16651
"17193","White, IL",14663
"17195","Whiteside, IL",58388
"17197","Will, IL",681545
"17199","Williamson, IL",66622
"17201","Winnebago, IL",293993
"17203","Woodford, IL",38861
"18001","Adams, IN",34370
"18003","Allen, IN",358327
"18005","Bartholomew, IN",77870
"18007","Benton, IN",8853
"18009","Blackford, IN",12594
"18011","Boone, IN",57481
"18013","Brown, IN",15099
"18015","Carroll, IN",20031
"18017","Cass, IN",38828
"18019","Clark, IN",111570
"18021","Clay, IN",26894
"18023","Clinton, IN",33104
"18025","Crawford, IN",10658
"18027","Daviess, IN",31978
"18029","Dearborn, IN",50113
"18031","Decatur, IN",25944
"18033","DeKalb, IN",42462
"18035","Delaware, IN",117660
"18037","Dubois, IN",42199
"18039","Elkhart, IN",198941
"18041","Fayette, IN",24285
"18043","Floyd, IN",74989
"18045","Fountain, IN",17213
"18047","Franklin, IN",23041
"18049","Fulton, IN",20872
"18051","Gibson, IN",33505
"18053","Grant, IN",69793
"18055","Greene, IN",32895
"18057","Hamilton, IN",282810
"18059","Hancock, IN",70529
"18061","Harrison, IN",39336
"18063","Hendricks, IN",147979
"18065","Henry, IN",49264
"18067","Howard, IN",82800
"18069","Huntington, IN",37211
"18071","Jackson, IN",42966
"18073","Jasper, IN",33416
"18075","Jay, IN",21310
"18077","Jefferson, IN",32249
"18079","Jennings, IN",28196
"18081","Johnson, IN",141656
"18083","Knox, IN",38500
"18085","Kosciusko, IN",77336
"18087","Lagrange, IN",37382
"18089","Lake, IN",495558
"18091","LaPorte, IN",111374
"18093","Lawrence, IN",46195
"18095","Madison, IN",131235
"18097","Marion, IN",911296
"18099","Marshall, IN",47050
"18101","Martin, IN",10332
"18103","Miami, IN",36611
"18105","Monroe, IN",139799
"18107","Montgomery, IN",38441
"18109","Morgan, IN",69464
"18111","Newton, IN",14161
"18113","Noble, IN",47553
"18115","Ohio, IN",6065
"18117","Orange, IN",19969
"18119","Owen, IN",21499
"18121","Parke, IN",17237
"18123","Perry, IN",19354
"18125","Pike, IN",12728
"18127","Porter, IN",165537
"18129","Posey, IN",25720
"18131","Pulaski, IN",13363
"18133","Putnam, IN",37917
"18135","Randolph, IN",26105
"18137","Ripley, IN",28759
"18139","Rush, IN",17287
"18141","St. Joseph, IN",266700
"18143","Scott, IN",23987
"18145","Shelby, IN",44337
"18147","Spencer, IN",20961
"18149","Starke, IN",23199
"18151","Steuben, IN",34028
"18153","Sullivan, IN",21356
"18155","Switzerland, IN",10569
"18157","Tippecanoe, IN",174724
"18159","Tipton, IN",15788
"18161","Union, IN",7513
"18163","Vanderburgh, IN",180305
"18165","Vermillion, IN",16231
"18167","Vigo, IN",108182
"18169","Wabash, IN",32608
"18171","Warren, IN",8431
"18173","Warrick, IN",60275
"18175","Washington, IN",28147
"18177","Wayne, IN",68643
"18179","Wells, IN",27734
"18181","White, IN",24694
"18183","Whitley, IN",33392
"19001","Adair, IA",7527
"19003","Adams, IA",4004
"19005","Allamakee, IA",14274
"19007","Appanoose, IA",12797
"19009","Audubon, IA",6034
"19011","Benton, IA",26092
"19013","Black Hawk, IA",131549
"19015","Boone, IA",26255
"19017","Bremer, IA",24281
"19019","Buchanan, IA",20923
"19021","Buena Vista, IA",20406
"19023","Butler, IA",14939
"19025","Calhoun, IA",9626
"19027","Carroll, IA",20861
"19029","Cass, IA",13817
"19031","Cedar, IA",18400
"19033","Cerro Gordo, IA",43938
"19035","Cherokee, IA",12069
"19037","Chickasaw, IA",12449
"19039","Clarke, IA",9356
"19041","Clay, IA",16590
"19043","Clayton, IA",18014
"19045","Clinton, IA",49015
"19047","Crawford, IA",17277
"19049","Dallas, IA",69444
"19051","Davis, IA",8787
"19053","Decatur, IA",8284
"19055","Delaware, IA",17658
"19057","Des Moines, IA",40169
"19059","Dickinson, IA",16899
"19061","Dubuque, IA",94648
"19063","Emmet, IA",10104
"19065","Fayette, IA",20973
"19067","Floyd, IA",16070
"19069","Franklin, IA",10730
"19071","Fremont, IA",7367
"19073","Greene, IA",9285
"19075","Grundy, IA",12459
"19077","Guthrie, IA",10901
"19079","Hamilton, IA",15538
"19081","Hancock, IA",11287
"19083","Hardin, IA",17426
"19085","Harrison, IA",14828
"19087","Henry, IA",20284
"19089","Howard, IA",9565
"19091","Humboldt, IA",9802
"19093","Ida, IA",7086
"19095","Iowa, IA",16320
"19097","Jackson, IA",19796
"19099","Jasper, IA",36547
"19101","Jefferson, IA",16815
"19103","Johnson, IA",133038
"19105","Jones, IA",20608
"19107","Keokuk, IA",10378
"19109","Kossuth, IA",15396
"19111","Lee, IA",35621
"19113","Linn, IA",213875
"19115","Louisa, IA",11369
"19117","Lucas, IA",8847
"19119","Lyon, IA",11670
"19121","Madison, IA",15779
"19123","Mahaska, IA",22530
"19125","Marion, IA",33335
"19127","Marshall, IA",40980
"19129","Mills, IA",14992
"19131","Mitchell, IA",10783
"19133","Monona, IA",9239
"19135","Monroe, IA",8056
"19137","Montgomery, IA",10640
"19139","Muscatine, IA",42815
"19141","O'Brien, IA",14210
"19143","Osceola, IA",6357
"19145","Page, IA",15987
"19147","Palo Alto, IA",9419
"19149","Plymouth, IA",24896
"19151","Pocahontas, IA",7180
"19153","Polk, IA",437399
"19155","Pottawattamie, IA",93518
"19157","Poweshiek, IA",18804
"19159","Ringgold, IA",5119
"19161","Sac, IA",10241
"19163","Scott, IA",167095
"19165","Shelby, IA",12039
"19167","Sioux, IA",33900
"19169","Story, IA",89663
"19171","Tama, IA",17695
"19173","Taylor, IA",6305
"19175","Union, IA",12545
"19177","Van Buren, IA",7510
"19179","Wapello, IA",35421
"19181","Warren, IA",46732
"19183","Washington, IA",21855
"19185","Wayne, IA",6309
"19187","Webster, IA",37660
"19189","Winnebago, IA",10789
"19191","Winneshiek, IA",21024
"19193","Woodbury, IA",102509
"19195","Worth, IA",7544
"19197","Wright, IA",13068
"20001","Allen, KS",13331
"20003","Anderson, KS",8070
"20005","Atchison, KS",16793
"20007","Barber, KS",4888
"20009","Barton, KS",27841
"20011","Bourbon, KS",14985
"20013","Brown, KS",10010
"20015","Butler, KS",65817
"20017","Chase, KS",2817
"20019","Chautauqua, KS",3584
"20021","Cherokee, KS",21385
"20023","Cheyenne, KS",2718
"20025","Clark, KS",2143
"20027","Clay, KS",8573
"20029","Cloud, KS",9365
"20031","Coffey, KS",8533
"20033","Comanche, KS",1884
"20035","Cowley, KS",36272
"20037","Crawford, KS",39220
"20039","Decatur, KS",2915
"20041","Dickinson, KS",19739
"20043","Doniphan, KS",7945
"20045","Douglas, KS",112211
"20047","Edwards, KS",3020
"20049","Elk, KS",2811
"20051","Ellis, KS",28742
"20053","Ellsworth, KS",6483
"20055","Finney, KS",37083
"20057","Ford, KS",34568
"20059","Franklin, KS",25931
"20061","Geary, KS",35323
"20063","Gove, KS",2697
"20065","Graham, KS",2641
"20067","Grant, KS",7964
"20069","Gray, KS",6113
"20071","Greeley, KS",1258
"20073","Greenwood, KS",6644
"20075","Hamilton, KS",2666
"20077","Harper, KS",5993
"20079","Harvey, KS",34846
"20081","Haskell, KS",4285
"20083","Hodgeman, KS",1966
"20085","Jackson, KS",13433
"20087","Jefferson, KS",18941
"20089","Jewell, KS",3096
"20091","Johnson, KS",552991
"20093","Kearny, KS",3987
"20095","Kingman, KS",7853
"20097","Kiowa, KS",2549
"20099","Labette, KS",21511
"20101","Lane, KS",1749
"20103","Leavenworth, KS",77176
"20105","Lincoln, KS",3215
"20107","Linn, KS",9612
"20109","Logan, KS",2783
"20111","Lyon, KS",33764
"20113","McPherson, KS",29241
"20115","Marion, KS",12538
"20117","Marshall, KS",10005
"20119","Meade, KS",4531
"20121","Miami, KS",32715
"20123","Mitchell, KS",6295
"20125","Montgomery, KS",34911
"20127","Morris, KS",5888
"20129","Morton, KS",3198
"20131","Nemaha, KS",10113
"20133","Neosho, KS",16449
"20135","Ness, KS",3120
"20137","Norton, KS",5635
"20139","Osage, KS",16306
"20141","Osborne, KS",3847
"20143","Ottawa, KS",6119
"20145","Pawnee, KS",7011
"20147","Phillips, KS",5555
"20149","Pottawatomie, KS",21920
"20151","Pratt, KS",9676
"20153","Rawlins, KS",2512
"20155","Reno, KS",64607
"20157","Republic, KS",4907
"20159","Rice, KS",10076
"20161","Riley, KS",72997
"20163","Rooks, KS",5182
"20165","Rush, KS",3238
"20167","Russell, KS",6956
"20169","Saline, KS",55844
"20171","Scott, KS",4910
"20173","Sedgwick, KS",501076
"20175","Seward, KS",23328
"20177","Shawnee, KS",178941
"20179","Sheridan, KS",2552
"20181","Sherman, KS",6054
"20183","Smith, KS",3834
"20185","Stafford, KS",4371
"20187","Stanton, KS",2250
"20189","Stevens, KS",5613
"20191","Sumner, KS",23787
"20193","Thomas, KS",7977
"20195","Trego, KS",2930
"20197","Wabaunsee, KS",7026
"20199","Wallace, KS",1527
"20201","Washington, KS",5845
"20203","Wichita, KS",2276
"20205","Wilson, KS",9300
"20207","Woodson, KS",3292
"20209","Wyandotte, KS",158224
"21001","Adair, KY",18686
"21003","Allen, KY",20140
"21005","Anderson, KY",21644
"21007","Ballard, KY",8253
"21009","Barren, KY",42269
"21011","Bath, KY",11742
"21013","Bell, KY",28725
"21015","Boone, KY",121737
"21017","Bourbon, KY",19998
"21019","Boyd, KY",49466
"21021","Boyle, KY",28550
"21023","Bracken, KY",8513
"21025","Breathitt, KY",13842
"21027","Breckinridge, KY",20256
"21029","Bullitt, KY",75109
"21031","Butler, KY",12827
"21033","Caldwell, KY",12973
"21035","Calloway, KY",37544
"21037","Campbell, KY",90940
"21039","Carlisle, KY",5048
"21041","Carroll, KY",11013
"21043","Carter, KY",27586
"21045","Casey, KY",15909
"21047","Christian, KY",73591
"21049","Clark, KY",35537
"21051","Clay, KY",21720
"21053","Clinton, KY",10201
"21055","Crittenden, KY",9336
"21057","Cumberland, KY",6832
"21059","Daviess, KY",97234
"21061","Edmonson, KY",12090
"21063","Elliott, KY",7707
"21065","Estill, KY",14666
"21067","Fayette, KY",301569
"21069","Fleming, KY",14512
"21071","Floyd, KY",39207
"21073","Franklin, KY",49393
"21075","Fulton, KY",6755
"21077","Gallatin, KY",8612
"21079","Garrard, KY",16885
"21081","Grant, KY",24816
"21083","Graves, KY",37519
"21085","Grayson, KY",25957
"21087","Green, KY",11220
"21089","Greenup, KY",36865
"21091","Hancock, KY",8572
"21093","Hardin, KY",107456
"21095","Harlan, KY",29060
"21097","Harrison, KY",18777
"21099","Hart, KY",18235
"21101","Henderson, KY",46406
"21103","Henry, KY",15443
"21105","Hickman, KY",4784
"21107","Hopkins, KY",46909
"21109","Jackson, KY",13443
"21111","Jefferson, KY",746906
"21113","Jessamine, KY",49046
"21115","Johnson, KY",23396
"21117","Kenton, KY",160406
"21119","Knott, KY",16289
"21121","Knox, KY",31888
"21123","Larue, KY",14315
"21125","Laurel, KY",59355
"21127","Lawrence, KY",16035
"21129","Lee, KY",7817
"21131","Leslie, KY",11233
"21133","Letcher, KY",24446
"21135","Lewis, KY",13878
"21137","Lincoln, KY",24731
"21139","Livingston, KY",9531
"21141","Logan, KY",26792
"21143","Lyon, KY",8317
"21145","McCracken, KY",65864
"21147","McCreary, KY",18285
"21149","McLean, KY",9527
"21151","Madison, KY",84188
"21153","Magoffin, KY",13216
"21155","Marion, KY",19982
"21157","Marshall, KY",31308
"21159","Martin, KY",12751
"21161","Mason, KY",17653
"21163","Meade, KY",29562
"21165","Menifee, KY",6317
"21167","Mercer, KY",21282
"21169","Metcalfe, KY",10073
"21171","Monroe, KY",10937
"21173","Montgomery, KY",26743
"21175","Morgan, KY",13943
"21177","Muhlenberg, KY",31272
"21179","Nelson, KY",43974
"21181","Nicholas, KY",7071
"21183","Ohio, KY",24103
"21185","Oldham, KY",60642
"21187","Owen, KY",10858
"21189","Owsley, KY",4820
"21191","Pendleton, KY",14698
"21193","Perry, KY",28751
"21195","Pike, KY",64904
"21197","Powell, KY",12651
"21199","Pulaski, KY",63657
"21201","Robertson, KY",2229
"21203","Rockcastle, KY",17069
"21205","Rowan, KY",23582
"21207","Russell, KY",17610
"21209","Scott, KY",48149
"21211","Shelby, KY",43068
"21213","Simpson, KY",17378
"21215","Spencer, KY",17378
"21217","Taylor, KY",24731
"21219","Todd, KY",12463
"21221","Trigg, KY",14305
"21223","Trimble, KY",8725
"21225","Union, KY",15067
"21227","Warren, KY",115517
"21229","Washington, KY",11846
"21231","Wayne, KY",20969
"21233","Webster, KY",13668
"21235","Whitley, KY",35823
"21237","Wolfe, KY",7342
"21239","Woodford, KY",24945
"22001","Acadia, LA",61982
"22003","Allen, LA",25757
"22005","Ascension, LA",109985
"22007","Assumption, LA",23153
"22009","Avoyelles, LA",41895
"22011","Beauregard, LA",36129
"22013","Bienville, LA",14335
"22015","Bossier, LA",119732
"22017","Caddo, LA",257051
"22019","Calcasieu, LA",194092
"22021","Caldwell, LA",10057
"22023","Cameron, LA",6730
"22025","Catahoula, LA",10325
"22027","Claiborne, LA",16914
"22029","Concordia, LA",20876
"22031","De Soto, LA",26812
"22033","East Baton Rouge, LA",441438
"22035","East Carroll, LA",7630
"22037","East Feliciana, LA",20117
"22039","Evangeline, LA",33896
"22041","Franklin, LA",20785
"22043","Grant, LA",22131
"22045","Iberia, LA",73400
"22047","Iberville, LA",33230
"22049","Jackson, LA",16323
"22051","Jefferson, LA",432640
"22053","Jefferson Davis, LA",31694
"22055","Lafayette, LA",224390
"22057","Lafourche, LA",96666
"22059","La Salle, LA",14985
"22061","Lincoln, LA",46856
"22063","Livingston, LA",130251
"22065","Madison, LA",12004
"22067","Morehouse, LA",27608
"22069","Natchitoches, LA",39442
"22071","Orleans, LA",360740
"22073","Ouachita, LA",154919
"22075","Plaquemines, LA",23628
"22077","Pointe Coupee, LA",22703
"22079","Rapides, LA",132374
"22081","Red River, LA",8890
"22083","Richland, LA",20938
"22085","Sabine, LA",24526
"22087","St. Bernard, LA",39558
"22089","St. Charles, LA",52517
"22091","St. Helena, LA",10949
"22093","St. James, LA",21784
"22095","St. John the Baptist, LA",45221
"22097","St. Landry, LA",83552
"22099","St. Martin, LA",52917
"22101","St. Mary, LA",54210
"22103","St. Tammany, LA",236785
"22105","Tangipahoa, LA",122571
"22107","Tensas, LA",5066
"22109","Terrebonne, LA",111917
"22111","Union, LA",22732
"22113","Vermilion, LA",58276
"22115","Vernon, LA",52107
"22117","Washington, LA",47139
"22119","Webster, LA",41288
"22121","West Baton Rouge, LA",24109
"22123","West Carroll, LA",11569
"22125","West Feliciana, LA",15460
"22127","Winn, LA",15080
"23001","Androscoggin, ME",107398
"23003","Aroostook, ME",71482
"23005","Cumberland, ME",282401
"23007","Franklin, ME",30746
"23009","Hancock, ME",54578
"23011","Kennebec, ME",121935
"23013","Knox, ME",39708
"23015","Lincoln, ME",34224
"23017","Oxford, ME",57695
"23019","Penobscot, ME",153786
"23021","Piscataquis, ME",17419
"23023","Sagadahoc, ME",35207
"23025","Somerset, ME",52028
"23027","Waldo, ME",38745
"23029","Washington, ME",32637
"23031","York, ME",198199
"24001","Allegany, MD",74692
"24003","Anne Arundel, MD",544403
"24005","Baltimore, MD",809941
"24009","Calvert, MD",89256
"24011","Caroline, MD",32985
"24013","Carroll, MD",167288
"24015","Cecil, MD",101694
"24017","Charles, MD",149130
"24019","Dorchester, MD",32640
"24021","Frederick, MD",236745
"24023","Garrett, MD",30051
"24025","Harford, MD",246489
"24027","Howard, MD",293142
"24029","Kent, MD",20204
"24031","Montgomery, MD",989794
"24033","Prince George's, MD",871233
"24035","Queen Anne's, MD",48354
"24037","St. Mary's, MD",107484
"24039","Somerset, MD",26339
"24041","Talbot, MD",38025
"24043","Washington, MD",148203
"24045","Wicomico, MD",99190
"24047","Worcester, MD",51514
"24510","Baltimore (Independent City), MD",619493
"25001","Barnstable, MA",215769
"25003","Berkshire, MA",130458
"25005","Bristol, MA",548922
"25007","Dukes, MA",16766
"25009","Essex, MA",748930
"25011","Franklin, MA",71599
"25013","Hampden, MA",463783
"25015","Hampshire, MA",157822
"25017","Middlesex, MA",1518171
"25019","Nantucket, MA",10142
"25021","Norfolk, MA",675436
"25023","Plymouth, MA",497579
"25025","Suffolk, MA",730932
"25027","Worcester, MA",801227
"26001","Alcona, MI",10800
"26003","Alger, MI",9513
"26005","Allegan, MI",111234
"26007","Alpena, MI",29386
"26009","Antrim, MI",23316
"26011","Arenac, MI",15649
"26013","Baraga, MI",8808
"26015","Barry, MI",58820
"26017","Bay, MI",107110
"26019","Benzie, MI",17443
"26021","Berrien, MI",156941
"26023","Branch, MI",45197
"26025","Calhoun, MI",135490
"26027","Cass, MI",51988
"26029","Charlevoix, MI",25998
"26031","Cheboygan, MI",25918
"26033","Chippewa, MI",38797
"26035","Clare, MI",31033
"26037","Clinton, MI",75469
"26039","Crawford, MI",14014
"26041","Delta, MI",37105
"26043","Dickinson, MI",26185
"26045","Eaton, MI",108056
"26047","Emmet, MI",32848
"26049","Genesee, MI",422080
"26051","Gladwin, MI",25851
"26053","Gogebic, MI",16281
"26055","Grand Traverse, MI",88349
"26057","Gratiot, MI",42145
"26059","Hillsdale, MI",46514
"26061","Houghton, MI",36638
"26063","Huron, MI",32675
"26065","Ingham, MI",281613
"26067","Ionia, MI",63979
"26069","Iosco, MI",25541
"26071","Iron, MI",11796
"26073","Isabella, MI",70622
"26075","Jackson, MI",159748
"26077","Kalamazoo, MI",252074
"26079","Kalkaska, MI",17160
"26081","Kent, MI",608453
"26083","Keweenaw, MI",2173
"26085","Lake, MI",11539
"26087","Lapeer, MI",88082
"26089","Leelanau, MI",21459
"26091","Lenawee, MI",99440
"26093","Livingston, MI",181722
"26095","Luce, MI",6584
"26097","Mackinac, MI",11037
"26099","Macomb, MI",842145
"26101","Manistee, MI",24709
"26103","Marquette, MI",67694
"26105","Mason, MI",28678
"26107","Mecosta, MI",43300
"26109","Menominee, MI",23930
"26111","Midland, MI",84063
"26113","Missaukee, MI",14911
"26115","Monroe, MI",151560
"26117","Montcalm, MI",63185
"26119","Montmorency, MI",9653
"26121","Muskegon, MI",171302
"26123","Newaygo, MI",48352
"26125","Oakland, MI",1210145
"26127","Oceana, MI",26523
"26129","Ogemaw, MI",21570
"26131","Ontonagon, MI",6598
"26133","Osceola, MI",23510
"26135","Oscoda, MI",8608
"26137","Otsego, MI",24078
"26139","Ottawa, MI",266300
"26141","Presque Isle, MI",13155
"26143","Roscommon, MI",24414
"26145","Saginaw, MI",199088
"26147","St. Clair, MI",161642
"26149","St. Joseph, MI",61136
"26151","Sanilac, MI",42605
"26153","Schoolcraft, MI",8490
"26155","Shiawassee, MI",69841
"26157","Tuscola, MI",55422
"26159","Van Buren, MI",76131
"26161","Washtenaw, MI",347962
"26163","Wayne, MI",1802096
"26165","Wexford, MI",32718
"27001","Aitkin, MN",16220
"27003","Anoka, MN",333140
"27005","Becker, MN",32778
"27007","Beltrami, MN",45264
"27009","Benton, MN",38671
"27011","Big Stone, MN",5238
"27013","Blue Earth, MN",64384
"27015","Brown, MN",25734
"27017","Carlton, MN",35455
"27019","Carver, MN",92638
"27021","Cass, MN",28390
"27023","Chippewa, MN",12319
"27025","Chisago, MN",53916
"27027","Clay, MN",59803
"27029","Clearwater, MN",8774
"27031","Cook, MN",5218
"27033","Cottonwood, MN",11686
"27035","Crow Wing, MN",62763
"27037","Dakota, MN",402006
"27039","Dodge, MN",20243
"27041","Douglas, MN",36172
"27043","Faribault, MN",14508
"27045","Fillmore, MN",20876
"27047","Freeborn, MN",31172
"27049","Goodhue, MN",46217
"27051","Grant, MN",5989
"27053","Hennepin, MN",1168431
"27055","Houston, MN",18916
"27057","Hubbard, MN",20303
"27059","Isanti, MN",38283
"27061","Itasca, MN",45034
"27063","Jackson, MN",10202
"27065","Kanabec, MN",16169
"27067","Kandiyohi, MN",42173
"27069","Kittson, MN",4515
"27071","Koochiching, MN",13213
"27073","Lac qui Parle, MN",7193
"27075","Lake, MN",10824
"27077","Lake of the Woods, MN",4007
"27079","Le Sueur, MN",27656
"27081","Lincoln, MN",5820
"27083","Lyon, MN",25891
"27085","McLeod, MN",36432
"27087","Mahnomen, MN",5456
"27089","Marshall, MN",9481
"27091","Martin, MN",20689
"27093","Meeker, MN",23265
"27095","Mille Lacs, MN",25979
"27097","Morrison, MN",33229
"27099","Mower, MN",39349
"27101","Murray, MN",8630
"27103","Nicollet, MN",32820
"27105","Nobles, MN",21397
"27107","Norman, MN",6869
"27109","Olmsted, MN",145769
"27111","Otter Tail, MN",57252
"27113","Pennington, MN",14072
"27115","Pine, MN",29604
"27117","Pipestone, MN",9501
"27119","Polk, MN",31456
"27121","Pope, MN",10894
"27123","Ramsey, MN",514696
"27125","Red Lake, MN",4105
"27127","Redwood, MN",15972
"27129","Renville, MN",15500
"27131","Rice, MN",64409
"27133","Rock, MN",9614
"27135","Roseau, MN",15540
"27137","St. Louis, MN",200255
"27139","Scott, MN",132556
"27141","Sherburne, MN",89319
"27143","Sibley, MN",15169
"27145","Stearns, MN",151343
"27147","Steele, MN",36534
"27149","Stevens, MN",9685
"27151","Swift, MN",9640
"27153","Todd, MN",24836
"27155","Traverse, MN",3523
"27157","Wabasha, MN",21600
"27159","Wadena, MN",13749
"27161","Waseca, MN",19273
"27163","Washington, MN",241280
"27165","Watonwan, MN",11201
"27167","Wilkin, MN",6592
"27169","Winona, MN",51378
"27171","Wright, MN",126437
"27173","Yellow Medicine, MN",10307
"28001","Adams, MS",32067
"28003","Alcorn, MS",37052
"28005","Amite, MS",13064
"28007","Attala, MS",19466
"28009","Benton, MS",8732
"28011","Bolivar, MS",33771
"28013","Calhoun, MS",14917
"28015","Carroll, MS",10373
"28017","Chickasaw, MS",17124
"28019","Choctaw, MS",8412
"28021","Claiborne, MS",9585
"28023","Clarke, MS",16743
"28025","Clay, MS",20456
"28027","Coahoma, MS",25913
"28029","Copiah, MS",29247
"28031","Covington, MS",19629
"28033","DeSoto, MS",164053
"28035","Forrest, MS",75842
"28037","Franklin, MS",8017
"28039","George, MS",22889
"28041","Greene, MS",14338
"28043","Grenada, MS",21706
"28045","Hancock, MS",44649
"28047","Harrison, MS",191040
"28049","Hinds, MS",248184
"28051","Holmes, MS",18818
"28053","Humphreys, MS",9312
"28055","Issaquena, MS",1392
"28057","Itawamba, MS",23332
"28059","Jackson, MS",139901
"28061","Jasper, MS",16777
"28063","Jefferson, MS",7605
"28065","Jefferson Davis, MS",12118
"28067","Jones, MS",68075
"28069","Kemper, MS",10146
"28071","Lafayette, MS",48472
"28073","Lamar, MS",57422
"28075","Lauderdale, MS",80475
"28077","Lawrence, MS",12687
"28079","Leake, MS",23572
"28081","Lee, MS",84156
"28083","Leflore, MS",31861
"28085","Lincoln, MS",34889
"28087","Lowndes, MS",59671
"28089","Madison, MS",96941
"28091","Marion, MS",26809
"28093","Marshall, MS",36786
"28095","Monroe, MS",36626
"28097","Montgomery, MS",10872
"28099","Neshoba, MS",29818
"28101","Newton, MS",21499
"28103","Noxubee, MS",11351
"28105","Oktibbeha, MS",47741
"28107","Panola, MS",34602
"28109","Pearl River, MS",55718
"28111","Perry, MS",12164
"28113","Pike, MS",40406
"28115","Pontotoc, MS",29900
"28117","Prentiss, MS",25330
"28119","Quitman, MS",8134
"28121","Rankin, MS",143702
"28123","Scott, MS",28388
"28125","Sharkey, MS",4892
"28127","Simpson, MS",27320
"28129","Smith, MS",16442
"28131","Stone, MS",17822
"28133","Sunflower, MS",29296
"28135","Tallahatchie, MS",15318
"28137","Tate, MS",28719
"28139","Tippah, MS",22143
"28141","Tishomingo, MS",19603
"28143","Tunica, MS",10628
"28145","Union, MS",27340
"28147","Walthall, MS",15406
"28149","Warren, MS",48346
"28151","Washington, MS",50406
"28153","Wayne, MS",20589
"28155","Webster, MS",10319
"28157","Wilkinson, MS",9679
"28159","Winston, MS",19069
"28161","Yalobusha, MS",12552
"28163","Yazoo, MS",27886
"29001","Adair, MO",25552
"29003","Andrew, MO",17196
"29005","Atchison, MO",5569
"29007","Audrain, MO",25566
"29009","Barry, MO",35282
"29011","Barton, MO",12327
"29013","Bates, MO",17008
"29015","Benton, MO",19115
"29017","Bollinger, MO",12356
"29019","Boone, MO",165627
"29021","Buchanan, MO",89666
"29023","Butler, MO",43082
"29025","Caldwell, MO",9315
"29027","Callaway, MO",44420
"29029","Camden, MO",43679
"29031","Cape Girardeau, MO",76632
"29033","Carroll, MO",9260
"29035","Carter, MO",6365
"29037","Cass, MO",100052
"29039","Cedar, MO",13948
"29041","Chariton, MO",7734
"29043","Christian, MO",78570
"29045","Clark, MO",7019
"29047","Clay, MO",225161
"29049","Clinton, MO",20789
"29051","Cole, MO",76448
"29053","Cooper, MO",17663
"29055","Crawford, MO",24800
"29057","Dade, MO",7807
"29059","Dallas, MO",16749
"29061","Daviess, MO",8313
"29063","DeKalb, MO",12767
"29065","Dent, MO",15676
"29067","Douglas, MO",13548
"29069","Dunklin, MO",31974
"29071","Franklin, MO",101938
"29073","Gasconade, MO",15168
"29075","Gentry, MO",6786
"29077","Greene, MO",277214
"29079","Grundy, MO",10228
"29081","Harrison, MO",8866
"29083","Henry, MO",22219
"29085","Hickory, MO",9628
"29087","Holt, MO",4814
"29089","Howard, MO",10204
"29091","Howell, MO",40665
"29093","Iron, MO",10656
"29095","Jackson, MO",676360
"29097","Jasper, MO",118435
"29099","Jefferson, MO",219480
"29101","Johnson, MO",53439
"29103","Knox, MO",4126
"29105","Laclede, MO",35636
"29107","Lafayette, MO",33209
"29109","Lawrence, MO",38660
"29111","Lewis, MO",10155
"29113","Lincoln, MO",53076
"29115","Linn, MO",12566
"29117","Livingston, MO",15074
"29119","McDonald, MO",22977
"29121","Macon, MO",15591
"29123","Madison, MO",12195
"29125","Maries, MO",9171
"29127","Marion, MO",28717
"29129","Mercer, MO",3804
"29131","Miller, MO",24770
"29133","Mississippi, MO",14306
"29135","Moniteau, MO",15697
"29137","Monroe, MO",8734
"29139","Montgomery, MO",12270
"29141","Morgan, MO",20502
"29143","New Madrid, MO",18783
"29145","Newton, MO",58414
"29147","Nodaway, MO",23468
"29149","Oregon, MO",11017
"29151","Osage, MO",13915
"29153","Ozark, MO",9595
"29155","Pemiscot, MO",18174
"29157","Perry, MO",19041
"29159","Pettis, MO",42178
"29161","Phelps, MO",45020
"29163","Pike, MO",18572
"29165","Platte, MO",90903
"29167","Polk, MO",31170
"29169","Pulaski, MO",53175
"29171","Putnam, MO",4978
"29173","Ralls, MO",10281
"29175","Randolph, MO",25346
"29177","Ray, MO",23230
"29179","Reynolds, MO",6588
"29181","Ripley, MO",14143
"29183","St. Charles, MO",365151
"29185","St. Clair, MO",9641
"29186","Ste. Genevieve, MO",18124
"29187","St. Francois, MO",65577
"29189","St. Louis, MO",998692
"29195","Saline, MO",23280
"29197","Schuyler, MO",4381
"29199","Scotland, MO",4828
"29201","Scott, MO",39136
"29203","Shannon, MO",8432
"29205","Shelby, MO",6280
"29207","Stoddard, MO",29807
"29209","Stone, MO",32263
"29211","Sullivan, MO",6659
"29213","Taney, MO",52736
"29215","Texas, MO",25936
"29217","Vernon, MO",20963
"29219","Warren, MO",32515
"29221","Washington, MO",25076
"29223","Wayne, MO",13475
"29225","Webster, MO",36439
"29227","Worth, MO",2150
"29229","Wright, MO",18716
"29510","St. Louis (Independent City), MO",318069
"30001","Beaverhead, MT",9198
"30003","Big Horn, MT",13093
"30005","Blaine, MT",6565
"30007","Broadwater, MT",5752
"30009","Carbon, MT",10028
"30011","Carter, MT",1152
"30013","Cascade, MT",81837
"30015","Chouteau, MT",5793
"30017","Custer, MT",11752
"30019","Daniels, MT",1763
"30021","Dawson, MT",8989
"30023","Deer Lodge, MT",9299
"30025","Fallon, MT",2956
"30027","Fergus, MT",11506
"30029","Flathead, MT",91301
"30031","Gallatin, MT",91377
"30033","Garfield, MT",1251
"30035","Glacier, MT",13624
"30037","Golden Valley, MT",865
"30039","Granite, MT",3068
"30041","Hill, MT",16397
"30043","Jefferson, MT",11381
"30045","Judith Basin, MT",2004
"30047","Lake, MT",28947
"30049","Lewis and Clark, MT",64318
"30051","Liberty, MT",2402
"30053","Lincoln, MT",19566
"30055","McCone, MT",1711
"30057","Madison, MT",7660
"30059","Meagher, MT",1911
"30061","Mineral, MT",4208
"30063","Missoula, MT",110138
"30065","Musselshell, MT",4701
"30067","Park, MT",15469
"30069","Petroleum, MT",491
"30071","Phillips, MT",4250
"30073","Pondera, MT",6257
"30075","Powder River, MT",1738
"30077","Powell, MT",7063
"30079","Prairie, MT",1159
"30081","Ravalli, MT",40450
"30083","Richland, MT",10128
"30085","Roosevelt, MT",10527
"30087","Rosebud, MT",9379
"30089","Sanders, MT",11440
"30091","Sheridan, MT",3460
"30093","Silver Bow, MT",34383
"30095","Stillwater, MT",9131
"30097","Sweet Grass, MT",3623
"30099","Teton, MT",6091
"30101","Toole, MT",5239
"30103","Treasure, MT",727
"30105","Valley, MT",7487
"30107","Wheatland, MT",2140
"30109","Wibaux, MT",985
"30111","Yellowstone, MT",150069
"31001","Adams, NE",31216
"31003","Antelope, NE",6619
"31005","Arthur, NE",469
"31007","Banner, NE",684
"31009","Blaine, NE",473
"31011","Boone, NE",5412
"31013","Box Butte, NE",11383
"31015","Boyd, NE",2082
"31017","Brown, NE",3117
"31019","Buffalo, NE",46690
"31021","Burt, NE",6802
"31023","Butler, NE",8287
"31025","Cass, NE",25188
"31027","Cedar, NE",8730
"31029","Chase, NE",4011
"31031","Cherry, NE",5761
"31033","Cheyenne, NE",9978
"31035","Clay, NE",6486
"31037","Colfax, NE",10614
"31039","Cuming, NE",9181
"31041","Custer, NE",10903
"31043","Dakota, NE",20913
"31045","Dawes, NE",9196
"31047","Dawson, NE",24388
"31049","Deuel, NE",1984
"31051","Dixon, NE",5989
"31053","Dodge, NE",36773
"31055","Douglas, NE",524861
"31057","Dundy, NE",1976
"31059","Fillmore, NE",5866
"31061","Franklin, NE",3207
"31063","Frontier, NE",2723
"31065","Furnas, NE",4943
"31067","Gage, NE",22031
"31069","Garden, NE",2069
"31071","Garfield, NE",2032
"31073","Gosper, NE",2010
"31075","Grant, NE",630
"31077","Greeley, NE",2519
"31079","Hall, NE",59477
"31081","Hamilton, NE",9069
"31083","Harlan, NE",3417
"31085","Hayes, NE",960
"31087","Hitchcock, NE",2857
"31089","Holt, NE",10399
"31091","Hooker, NE",729
"31093","Howard, NE",6342
"31095","Jefferson, NE",7519
"31097","Johnson, NE",5211
"31099","Kearney, NE",6588
"31101","Keith, NE",8301
"31103","Keya Paha, NE",813
"31105","Kimball, NE",3775
"31107","Knox, NE",8575
"31109","Lancaster, NE",289800
"31111","Lincoln, NE",36142
"31113","Logan, NE",762
"31115","Loup, NE",610
"31117","McPherson, NE",552
"31119","Madison, NE",34931
"31121","Merrick, NE",7732
"31123","Morrill, NE",4998
"31125","Nance, NE",3740
"31127","Nemaha, NE",7280
"31129","Nuckolls, NE",4478
"31131","Otoe, NE",15798
"31133","Pawnee, NE",2735
"31135","Perkins, NE",2955
"31137","Phelps, NE",9184
"31139","Pierce, NE",7216
"31141","Platte, NE",32593
"31143","Polk, NE",5322
"31145","Red Willow, NE",11032
"31147","Richardson, NE",8345
"31149","Rock, NE",1494
"31151","Saline, NE",14345
"31153","Sarpy, NE",162561
"31155","Saunders, NE",20867
"31157","Scotts Bluff, NE",37044
"31159","Seward, NE",16703
"31161","Sheridan, NE",5392
"31163","Sherman, NE",3093
"31165","Sioux, NE",1336
"31167","Stanton, NE",6155
"31169","Thayer, NE",5160
"31171","Thomas, NE",716
"31173","Thurston, NE",7006
"31175","Valley, NE",4218
"31177","Washington, NE",20295
"31179","Wayne, NE",9504
"31181","Webster, NE",3775
"31183","Wheeler, NE",818
"31185","York, NE",13726
"32001","Churchill, NV",24637
"32003","Clark, NV",1969975
"32005","Douglas, NV",46886
"32007","Elko, NV",49491
"32009","Esmeralda, NV",775
"32011","Eureka, NV",1979
"32013","Humboldt, NV",16735
"32015","Lander, NV",5841
"32017","Lincoln, NV",5311
"32019","Lyon, NV",51871
"32021","Mineral, NV",4593
"32023","Nye, NV",43351
"32027","Pershing, NV",6734
"32029","Storey, NV",3896
"32031","Washoe, NV",425710
"32033","White Pine, NV",10098
"32510","Carson City (Independent City), NV",55439
"33001","Belknap, NH",60223
"33003","Carroll, NH",47641
"33005","Cheshire, NH",76918
"33007","Coos, NH",32688
"33009","Grafton, NH",88923
"33011","Hillsborough, NH",401696
"33013","Merrimack, NH",146579
"33015","Rockingham, NH",296207
"33017","Strafford, NH",123857
"33019","Sullivan, NH",43462
"34001","Atlantic, NJ",274338
"34003","Bergen, NJ",911004
"34005","Burlington, NJ",449576
"34007","Camden, NJ",513241
"34009","Cape May, NJ",96601
"34011","Cumberland, NJ",157095
"34013","Essex, NJ",785137
"34015","Gloucester, NJ",289104
"34017","Hudson, NJ",641224
"34019","Hunterdon, NJ",128038
"34021","Mercer, NJ",367063
"34023","Middlesex, NJ",814217
"34025","Monmouth, NJ",631020
"34027","Morris, NJ",494976
"34029","Ocean, NJ",579369
"34031","Passaic, NJ",502007
"34033","Salem, NJ",65902
"34035","Somerset, NJ",324893
"34037","Sussex, NJ",148517
"34039","Union, NJ",539494
"34041","Warren, NJ",108339
"35001","Bernalillo, NM",670968
"35003","Catron, NM",3733
"35005","Chaves, NM",65890
"35006","Cibola, NM",27658
"35007","Colfax, NM",13640
"35009","Curry, NM",49649
"35011","De Baca, NM",1945
"35013","Dona Ana, NM",213598
"35015","Eddy, NM",54152
"35017","Grant, NM",29380
"35019","Guadalupe, NM",4619
"35021","Harding, NM",704
"35023","Hidalgo, NM",4861
"35025","Lea, NM",65423
"35027","Lincoln, NM",20454
"35028","Los Alamos, NM",18222
"35029","Luna, NM",25281
"35031","McKinley, NM",73664
"35033","Mora, NM",4773
"35035","Otero, NM",65703
"35037","Quay, NM",9026
"35039","Rio Arriba, NM",40446
"35041","Roosevelt, NM",20446
"35043","Sandoval, NM",134259
"35045","San Juan, NM",128200
"35047","San Miguel, NM",29301
"35049","Santa Fe, NM",145648
"35051","Sierra, NM",11943
"35053","Socorro, NM",17873
"35055","Taos, NM",32917
"35057","Torrance, NM",16345
"35059","Union, NM",4433
"35061","Valencia, NM",77070
"36001","Albany, NY",303565
"36003","Allegany, NY",48778
"36005","Bronx, NY",1392002
"36007","Broome, NY",199031
"36009","Cattaraugus, NY",79832
"36011","Cayuga, NY",79738
"36013","Chautauqua, NY",134368
"36015","Chemung, NY",88840
"36017","Chenango, NY",50118
"36019","Clinton, NY",81945
"36021","Columbia, NY",62550
"36023","Cortland, NY",49363
"36025","Delaware, NY",47559
"36027","Dutchess, NY",297999
"36029","Erie, NY",918028
"36031","Essex, NY",39181
"36033","Franklin, NY",51551
"36035","Fulton, NY",55180
"36037","Genesee, NY",59993
"36039","Greene, NY",48954
"36041","Hamilton, NY",4793
"36043","Herkimer, NY",64160
"36045","Jefferson, NY",117910
"36047","Kings, NY",2532645
"36049","Lewis, NY",27072
"36051","Livingston, NY",65070
"36053","Madison, NY",73365
"36055","Monroe, NY",745625
"36057","Montgomery, NY",49916
"36059","Nassau, NY",1344436
"36061","New York, NY",1601948
"36063","Niagara, NY",216011
"36065","Oneida, NY",234287
"36067","Onondaga, NY",466960
"36069","Ontario, NY",108525
"36071","Orange, NY",374872
"36073","Orleans, NY",42622
"36075","Oswego, NY",122228
"36077","Otsego, NY",61917
"36079","Putnam, NY",99933
"36081","Queens, NY",2247848
"36083","Rensselaer, NY",159395
"36085","Richmond, NY",470467
"36087","Rockland, NY",315158
"36089","St. Lawrence, NY",111690
"36091","Saratoga, NY",220882
"36093","Schenectady, NY",155058
"36095","Schoharie, NY",32578
"36097","Schuyler, NY",18361
"36099","Seneca, NY",35198
"36101","Steuben, NY",99033
"36103","Suffolk, NY",1498816
"36105","Sullivan, NY",76900
"36107","Tioga, NY",51043
"36109","Tompkins, NY",101723
"36111","Ulster, NY",182448
"36113","Warren, NY",65831
"36115","Washington, NY",63165
"36117","Wayne, NY",93436
"36119","Westchester, NY",955899
"36121","Wyoming, NY",41944
"36123","Yates, NY",25454
"37001","Alamance, NC",153291
"37003","Alexander, NC",37087
"37005","Alleghany, NC",11052
"37007","Anson, NC",26609
"37009","Ashe, NC",27143
"37011","Avery, NC",17572
"37013","Beaufort, NC",47691
"37015","Bertie, NC",20874
"37017","Bladen, NC",34928
"37019","Brunswick, NC",110097
"37021","Buncombe, NC",241419
"37023","Burke, NC",90904
"37025","Cabarrus, NC",181468
"37027","Caldwell, NC",82395
"37029","Camden, NC",10014
"37031","Carteret, NC",67373
"37033","Caswell, NC",23403
"37035","Catawba, NC",154181
"37037","Chatham, NC",64195
"37039","Cherokee, NC",27194
"37041","Chowan, NC",14853
"37043","Clay, NC",10563
"37045","Cleveland, NC",97489
"37047","Columbus, NC",57712
"37049","Craven, NC",104786
"37051","Cumberland, NC",324885
"37053","Currituck, NC",23955
"37055","Dare, NC",34307
"37057","Davidson, NC",162697
"37059","Davie, NC",41552
"37061","Duplin, NC",59542
"37063","Durham, NC",273392
"37065","Edgecombe, NC",56041
"37067","Forsyth, NC",354952
"37069","Franklin, NC",61140
"37071","Gaston, NC",207031
"37073","Gates, NC",12043
"37075","Graham, NC",8802
"37077","Granville, NC",59976
"37079","Greene, NC",21556
"37081","Guilford, NC",495279
"37083","Halifax, NC",54173
"37085","Harnett, NC",119256
"37087","Haywood, NC",58855
"37089","Henderson, NC",107927
"37091","Hertford, NC",24433
"37093","Hoke, NC",49272
"37095","Hyde, NC",5822
"37097","Iredell, NC",161202
"37099","Jackson, NC",40285
"37101","Johnston, NC",172595
"37103","Jones, NC",10020
"37105","Lee, NC",58752
"37107","Lenoir, NC",59339
"37109","Lincoln, NC",78932
"37111","McDowell, NC",45104
"37113","Macon, NC",34074
"37115","Madison, NC",20816
"37117","Martin, NC",24180
"37119","Mecklenburg, NC",944373
"37121","Mitchell, NC",15445
"37123","Montgomery, NC",27667
"37125","Moore, NC",89352
"37127","Nash, NC",96116
"37129","New Hanover, NC",206189
"37131","Northampton, NC",21893
"37133","Onslow, NC",179719
"37135","Orange, NC",135755
"37137","Pamlico, NC",13197
"37139","Pasquotank, NC",40696
"37141","Pender, NC",53399
"37143","Perquimans, NC",13487
"37145","Person, NC",39637
"37147","Pitt, NC",171134
"37149","Polk, NC",20256
"37151","Randolph, NC",142358
"37153","Richmond, NC",46611
"37155","Robeson, NC",135517
"37157","Rockingham, NC",93329
"37159","Rowan, NC",138019
"37161","Rutherford, NC",67538
"37163","Sampson, NC",63734
"37165","Scotland, NC",35861
"37167","Stanly, NC",60626
"37169","Stokes, NC",47242
"37171","Surry, NC",73714
"37173","Swain, NC",14043
"37175","Transylvania, NC",32820
"37177","Tyrrell, NC",4364
"37179","Union, NC",205463
"37181","Vance, NC",45307
"37183","Wake, NC",929780
"37185","Warren, NC",20861
"37187","Washington, NC",12973
"37189","Watauga, NC",51333
"37191","Wayne, NC",123697
"37193","Wilkes, NC",68984
"37195","Wilson, NC",81452
"37197","Yadkin, NC",38279
"37199","Yancey, NC",17701
"38001","Adams, ND",2307
"38003","Barnes, ND",11056
"38005","Benson, ND",6723
"38007","Billings, ND",816
"38009","Bottineau, ND",6443
"38011","Bowman, ND",3134
"38013","Burke, ND",2033
"38015","Burleigh, ND",83145
"38017","Cass, ND",152368
"38019","Cavalier, ND",3939
"38021","Dickey, ND",5317
"38023","Divide, ND",2125
"38025","Dunn, ND",3720
"38027","Eddy, ND",2380
"38029","Emmons, ND",3546
"38031","Foster, ND",3341
"38033","Golden Valley, ND",1752
"38035","Grand Forks, ND",66598
"38037","Grant, ND",2337
"38039","Griggs, ND",2372
"38041","Hettinger, ND",2515
"38043","Kidder, ND",2414
"38045","LaMoure, ND",4105
"38047","Logan, ND",1985
"38049","McHenry, ND",5505
"38051","McIntosh, ND",2769
"38053","McKenzie, ND",7019
"38055","McLean, ND",9068
"38057","Mercer, ND",8449
"38059","Morton, ND",27734
"38061","Mountrail, ND",8097
"38063","Nelson, ND",3057
"38065","Oliver, ND",1830
"38067","Pembina, ND",7342
"38069","Pierce, ND",4375
"38071","Ramsey, ND",11452
"38073","Ransom, ND",5403
"38075","Renville, ND",2490
"38077","Richland, ND",16245
"38079","Rolette, ND",14206
"38081","Sargent, ND",3798
"38083","Sheridan, ND",1309
"38085","Sioux, ND",4280
"38087","Slope, ND",718
"38089","Stark, ND",25177
"38091","Steele, ND",1950
"38093","Stutsman, ND",21062
"38095","Towner, ND",2264
"38097","Traill, ND",8147
"38099","Walsh, ND",11032
"38101","Ward, ND",64072
"38103","Wells, ND",4237
"38105","Williams, ND",24374
"39001","Adams, OH",28456
"39003","Allen, OH",106094
"39005","Ashland, OH",53153
"39007","Ashtabula, OH",101345
"39009","Athens, OH",64769
"39011","Auglaize, OH",45838
"39013","Belmont, OH",70151
"39015","Brown, OH",44687
"39017","Butler, OH",369999
"39019","Carroll, OH",28782
"39021","Champaign, OH",39795
"39023","Clark, OH",137691
"39025","Clermont, OH",199139
"39027","Clinton, OH",41927
"39029","Columbiana, OH",107570
"39031","Coshocton, OH",36955
"39033","Crawford, OH",43389
"39035","Cuyahoga, OH",1270294
"39037","Darke, OH",52809
"39039","Defiance, OH",38884
"39041","Delaware, OH",178341
"39043","Erie, OH",76751
"39045","Fairfield, OH",147066
"39047","Fayette, OH",28985
"39049","Franklin, OH",1178799
"39051","Fulton, OH",42510
"39053","Gallia, OH",30970
"39055","Geauga, OH",93228
"39057","Greene, OH",162846
"39059","Guernsey, OH",39927
"39061","Hamilton, OH",800362
"39063","Hancock, OH",75056
"39065","Hardin, OH",32020
"39067","Harrison, OH",15850
"39069","Henry, OH",28064
"39071","Highland, OH",43433
"39073","Hocking, OH",29394
"39075","Holmes, OH",42746
"39077","Huron, OH",59496
"39079","Jackson, OH",33186
"39081","Jefferson, OH",68828
"39083","Knox, OH",61275
"39085","Lake, OH",229885
"39087","Lawrence, OH",62489
"39089","Licking, OH",167248
"39091","Logan, OH",45688
"39093","Lorain, OH",301614
"39095","Lucas, OH",440005
"39097","Madison, OH",43401
"39099","Mahoning, OH",237270
"39101","Marion, OH",66212
"39103","Medina, OH",173262
"39105","Meigs, OH",23680
"39107","Mercer, OH",40838
"39109","Miami, OH",102857
"39111","Monroe, OH",14585
"39113","Montgomery, OH",537602
"39115","Morgan, OH",15034
"39117","Morrow, OH",34855
"39119","Muskingum, OH",86237
"39121","Noble, OH",14702
"39123","Ottawa, OH",41396
"39125","Paulding, OH",19420
"39127","Perry, OH",36303
"39129","Pickaway, OH",55990
"39131","Pike, OH",28628
"39133","Portage, OH",161624
"39135","Preble, OH",42083
"39137","Putnam, OH",34294
"39139","Richland, OH",123510
"39141","Ross, OH",78249
"39143","Sandusky, OH",60734
"39145","Scioto, OH",79277
"39147","Seneca, OH",56469
"39149","Shelby, OH",49307
"39151","Stark, OH",375087
"39153","Summit, OH",539832
"39155","Trumbull, OH",209264
"39157","Tuscarawas, OH",92508
"39159","Union, OH",52764
"39161","Van Wert, OH",28601
"39163","Vinton, OH",13367
"39165","Warren, OH",214910
"39167","Washington, OH",61755
"39169","Wayne, OH",114611
"39171","Williams, OH",37597
"39173","Wood, OH",126355
"39175","Wyandot, OH",22692
"40001","Adair, OK",22612
"40003","Alfalfa, OK",5662
"40005","Atoka, OK",14206
"40007","Beaver, OK",5624
"40009","Beckham, OK",22288
"40011","Blaine, OK",9780
"40013","Bryan, OK",43089
"40015","Caddo, OK",29537
"40017","Canadian, OK",119492
"40019","Carter, OK",48096
"40021","Cherokee, OK",47845
"40023","Choctaw, OK",15250
"40025","Cimarron, OK",2487
"40027","Cleveland, OK",261281
"40029","Coal, OK",5928
"40031","Comanche, OK",125815
"40033","Cotton, OK",6179
"40035","Craig, OK",15073
"40037","Creek, OK",70467
"40039","Custer, OK",27750
"40041","Delaware, OK",41633
"40043","Dewey, OK",4867
"40045","Ellis, OK",4051
"40047","Garfield, OK",60670
"40049","Garvin, OK",27452
"40051","Grady, OK",53020
"40053","Grant, OK",4585
"40055","Greer, OK",6125
"40057","Harmon, OK",2919
"40059","Harper, OK",3695
"40061","Haskell, OK",12810
"40063","Hughes, OK",13843
"40065","Jackson, OK",26447
"40067","Jefferson, OK",6506
"40069","Johnston, OK",11139
"40071","Kay, OK",46159
"40073","Kingfisher, OK",15213
"40075","Kiowa, OK",9416
"40077","Latimer, OK",11155
"40079","Le Flore, OK",50628
"40081","Lincoln, OK",34155
"40083","Logan, OK",42499
"40085","Love, OK",9386
"40087","McClain, OK",35235
"40089","McCurtain, OK",33195
"40091","McIntosh, OK",20360
"40093","Major, OK",7657
"40095","Marshall, OK",16049
"40097","Mayes, OK",41389
"40099","Murray, OK",13571
"40101","Muskogee, OK",71003
"40103","Noble, OK",11578
"40105","Nowata, OK",10629
"40107","Okfuskee, OK",12348
"40109","Oklahoma, OK",732371
"40111","Okmulgee, OK",39937
"40113","Osage, OK",47425
"40115","Ottawa, OK",31860
"40117","Pawnee, OK",16730
"40119","Payne, OK",77988
"40121","Pittsburg, OK",45625
"40123","Pontotoc, OK",37799
"40125","Pottawatomie, OK",70280
"40127","Pushmataha, OK",11478
"40129","Roger Mills, OK",3702
"40131","Rogers, OK",87706
"40133","Seminole, OK",25292
"40135","Sequoyah, OK",42341
"40137","Stephens, OK",45197
"40139","Texas, OK",21312
"40141","Tillman, OK",8061
"40143","Tulsa, OK",610599
"40145","Wagoner, OK",74098
"40147","Washington, OK",51476
"40149","Washita, OK",11574
"40151","Woods, OK",8775
"40153","Woodward, OK",20034
"41001","Baker, OR",15984
"41003","Benton, OR",85928
"41005","Clackamas, OR",380207
"41007","Clatsop, OR",37153
"41009","Columbia, OR",49402
"41011","Coos, OR",62791
"41013","Crook, OR",20839
"41015","Curry, OR",22426
"41017","Deschutes, OR",160338
"41019","Douglas, OR",107490
"41021","Gilliam, OR",1937
"41023","Grant, OR",7410
"41025","Harney, OR",7373
"41027","Hood River, OR",22493
"41029","Jackson, OR",204822
"41031","Jefferson, OR",21771
"41033","Josephine, OR",82987
"41035","Klamath, OR",66299
"41037","Lake, OR",7908
"41039","Lane, OR",353416
"41041","Lincoln, OR",45933
"41043","Linn, OR",118122
"41045","Malheur, OR",31068
"41047","Marion, OR",318872
"41049","Morrow, OR",11169
"41051","Multnomah, OR",748031
"41053","Polk, OR",75993
"41055","Sherman, OR",1718
"41057","Tillamook, OR",25403
"41059","Umatilla, OR",76725
"41061","Union, OR",25791
"41063","Wallowa, OR",6990
"41065","Wasco, OR",25234
"41067","Washington, OR",540410
"41069","Wheeler, OR",1426
"41071","Yamhill, OR",100000
"42001","Adams, PA",101434
"42003","Allegheny, PA",1227066
"42005","Armstrong, PA",68568
"42007","Beaver, PA",170414
"42009","Bedford, PA",49739
"42011","Berks, PA",412778
"42013","Blair, PA",127099
"42015","Bradford, PA",62917
"42017","Bucks, PA",626854
"42019","Butler, PA",184848
"42021","Cambria, PA",143728
"42023","Cameron, PA",5010
"42025","Carbon, PA",65154
"42027","Centre, PA",154722
"42029","Chester, PA",503897
"42031","Clarion, PA",40013
"42033","Clearfield, PA",81445
"42035","Clinton, PA",39208
"42037","Columbia, PA",67476
"42039","Crawford, PA",88740
"42041","Cumberland, PA",237892
"42043","Dauphin, PA",268977
"42045","Delaware, PA",559494
"42047","Elk, PA",31751
"42049","Erie, PA",280985
"42051","Fayette, PA",136097
"42053","Forest, PA",7589
"42055","Franklin, PA",150811
"42057","Fulton, PA",14801
"42059","Greene, PA",38623
"42061","Huntingdon, PA",45875
"42063","Indiana, PA",89298
"42065","Jefferson, PA",44976
"42067","Juniata, PA",24400
"42069","Lackawanna, PA",214166
"42071","Lancaster, PA",523594
"42073","Lawrence, PA",90535
"42075","Lebanon, PA",134311
"42077","Lehigh, PA",352947
"42079","Luzerne, PA",320651
"42081","Lycoming, PA",116747
"42083","McKean, PA",43222
"42085","Mercer, PA",116205
"42087","Mifflin, PA",46858
"42089","Monroe, PA",169882
"42091","Montgomery, PA",804210
"42093","Montour, PA",18296
"42095","Northampton, PA",298476
"42097","Northumberland, PA",94558
"42099","Perry, PA",46042
"42101","Philadelphia, PA",1536471
"42103","Pike, PA",56852
"42105","Potter, PA",17453
"42107","Schuylkill, PA",147513
"42109","Snyder, PA",39819
"42111","Somerset, PA",77405
"42113","Sullivan, PA",6479
"42115","Susquehanna, PA",43192
"42117","Tioga, PA",42419
"42119","Union, PA",44847
"42121","Venango, PA",54683
"42123","Warren, PA",41441
"42125","Washington, PA",208282
"42127","Wayne, PA",53004
"42129","Westmoreland, PA",364471
"42131","Wyoming, PA",28406
"42133","York, PA",436770
"44001","Bristol, RI",49800
"44003","Kent, RI",165535
"44005","Newport, RI",82695
"44007","Providence, RI",626709
"44009","Washington, RI",126563
"45001","Abbeville, SC",25161
"45003","Aiken, SC",160682
"45005","Allendale, SC",10181
"45007","Anderson, SC",188488
"45009","Bamberg, SC",15975
"45011","Barnwell, SC",22358
"45013","Beaufort, SC",164684
"45015","Berkeley, SC",183525
"45017","Calhoun, SC",15145
"45019","Charleston, SC",357704
"45021","Cherokee, SC",55540
"45023","Chester, SC",32916
"45025","Chesterfield, SC",46557
"45027","Clarendon, SC",34726
"45029","Colleton, SC",38611
"45031","Darlington, SC",68299
"45033","Dillon, SC",31758
"45035","Dorchester, SC",140892
"45037","Edgefield, SC",26670
"45039","Fairfield, SC",23571
"45041","Florence, SC",137862
"45043","Georgetown, SC",59991
"45045","Greenville, SC",461299
"45047","Greenwood, SC",69835
"45049","Hampton, SC",20821
"45051","Horry, SC",276340
"45053","Jasper, SC",25195
"45055","Kershaw, SC",62273
"45057","Lancaster, SC",77908
"45059","Laurens, SC",66528
"45061","Lee, SC",18976
"45063","Lexington, SC",267129
"45065","McCormick, SC",10035
"45067","Marion, SC",32846
"45069","Marlboro, SC",28509
"45071","Newberry, SC",37721
"45073","Oconee, SC",74418
"45075","Orangeburg, SC",91910
"45077","Pickens, SC",119574
"45079","Richland, SC",389116
"45081","Saluda, SC",19882
"45083","Spartanburg, SC",286868
"45085","Sumter, SC",107460
"45087","Union, SC",28679
"45089","Williamsburg, SC",34084
"45091","York, SC",230528
"46003","Aurora, SD",2694
"46005","Beadle, SD",17550
"46007","Bennett, SD",3441
"46009","Bon Homme, SD",6983
"46011","Brookings, SD",32226
"46013","Brown, SD",36822
"46015","Brule, SD",5283
"46017","Buffalo, SD",1988
"46019","Butte, SD",10259
"46021","Campbell, SD",1427
"46023","Charles Mix, SD",9208
"46025","Clark, SD",3628
"46027","Clay, SD",14051
"46029","Codington, SD",27442
"46031","Corson, SD",4022
"46033","Custer, SD",8338
"46035","Davison, SD",19651
"46037","Day, SD",5741
"46039","Deuel, SD",4359
"46041","Dewey, SD",5421
"46043","Douglas, SD",2972
"46045","Edmunds, SD",4056
"46047","Fall River, SD",6981
"46049","Faulk, SD",2367
"46051","Grant, SD",7250
"46053","Gregory, SD",4216
"46055","Haakon, SD",1907
"46057","Hamlin, SD",5978
"46059","Hand, SD",3423
"46061","Hanson, SD",3376
"46063","Harding, SD",1269
"46065","Hughes, SD",17292
"46067","Hutchinson, SD",7257
"46069","Hyde, SD",1394
"46071","Jackson, SD",3169
"46073","Jerauld, SD",2085
"46075","Jones, SD",1003
"46077","Kingsbury, SD",5179
"46079","Lake, SD",11567
"46081","Lawrence, SD",24312
"46083","Lincoln, SD",46793
"46085","Lyman, SD",3806
"46087","McCook, SD",5556
"46089","McPherson, SD",2452
"46091","Marshall, SD",4597
"46093","Meade, SD",25546
"46095","Mellette, SD",2067
"46097","Miner, SD",2359
"46099","Minnehaha, SD",171752
"46101","Moody, SD",6475
"46103","Pennington, SD",102815
"46105","Perkins, SD",3001
"46107","Potter, SD",2364
"46109","Roberts, SD",10286
"46111","Sanborn, SD",2392
"46113","Shannon, SD",13928
"46115","Spink, SD",6470
"46117","Stanley, SD",3002
"46119","Sully, SD",1375
"46121","Todd, SD",9822
"46123","Tripp, SD",5615
"46125","Turner, SD",8332
"46127","Union, SD",14651
"46129","Walworth, SD",5575
"46135","Yankton, SD",22612
"46137","Ziebach, SD",2852
"47001","Anderson, TN",75233
"47003","Bedford, TN",45509
"47005","Benton, TN",16430
"47007","Bledsoe, TN",12865
"47009","Blount, TN",123901
"47011","Bradley, TN",100055
"47013","Campbell, TN",40512
"47015","Cannon, TN",13761
"47017","Carroll, TN",28457
"47019","Carter, TN",57185
"47021","Cheatham, TN",39078
"47023","Chester, TN",17141
"47025","Claiborne, TN",32172
"47027","Clay, TN",7761
"47029","Cocke, TN",35544
"47031","Coffee, TN",53016
"47033","Crockett, TN",14553
"47035","Cumberland, TN",56632
"47037","Davidson, TN",635475
"47039","Decatur, TN",11687
"47041","DeKalb, TN",18854
"47043","Dickson, TN",50081
"47045","Dyer, TN",38192
"47047","Fayette, TN",38513
"47049","Fentress, TN",18020
"47051","Franklin, TN",40917
"47053","Gibson, TN",49935
"47055","Giles, TN",29387
"47057","Grainger, TN",22766
"47059","Greene, TN",69339
"47061","Grundy, TN",13545
"47063","Hamblen, TN",63062
"47065","Hamilton, TN",340855
"47067","Hancock, TN",6737
"47069","Hardeman, TN",26834
"47071","Hardin, TN",25874
"47073","Hawkins, TN",56671
"47075","Haywood, TN",18470
"47077","Henderson, TN",27912
"47079","Henry, TN",32352
"47081","Hickman, TN",24406
"47083","Houston, TN",8333
"47085","Humphreys, TN",18470
"47087","Jackson, TN",11371
"47089","Jefferson, TN",51666
"47091","Johnson, TN",18231
"47093","Knox, TN",436929
"47095","Lake, TN",7779
"47097","Lauderdale, TN",27748
"47099","Lawrence, TN",42115
"47101","Lewis, TN",12142
"47103","Lincoln, TN",33431
"47105","Loudon, TN",49237
"47107","McMinn, TN",52508
"47109","McNairy, TN",26094
"47111","Macon, TN",22485
"47113","Madison, TN",98255
"47115","Marion, TN",28223
"47117","Marshall, TN",30881
"47119","Maury, TN",81509
"47121","Meigs, TN",11737
"47123","Monroe, TN",44882
"47125","Montgomery, TN",176619
"47127","Moore, TN",6411
"47129","Morgan, TN",21838
"47131","Obion, TN",31790
"47133","Overton, TN",22169
"47135","Perry, TN",7898
"47137","Pickett, TN",5122
"47139","Polk, TN",16779
"47141","Putnam, TN",72958
"47143","Rhea, TN",32079
"47145","Roane, TN",53838
"47147","Robertson, TN",67106
"47149","Rutherford, TN",268921
"47151","Scott, TN",22160
"47153","Sequatchie, TN",14346
"47155","Sevier, TN",91466
"47157","Shelby, TN",935088
"47159","Smith, TN",19150
"47161","Stewart, TN",13186
"47163","Sullivan, TN",157419
"47165","Sumner, TN",163686
"47167","Tipton, TN",61293
"47169","Trousdale, TN",7816
"47171","Unicoi, TN",18280
"47173","Union, TN",19200
"47175","Van Buren, TN",5483
"47177","Warren, TN",39927
"47179","Washington, TN",124353
"47181","Wayne, TN",16951
"47183","Weakley, TN",34980
"47185","White, TN",26149
"47187","Williamson, TN",188560
"47189","Wilson, TN",116617
"48001","Anderson, TX",58308
"48003","Andrews, TX",15445
"48005","Angelina, TX",87669
"48007","Aransas, TX",23374
"48009","Archer, TX",8842
"48011","Armstrong, TX",1928
"48013","Atascosa, TX",45579
"48015","Austin, TX",28665
"48017","Bailey, TX",7247
"48019","Bandera, TX",20538
"48021","Bastrop, TX",75115
"48023","Baylor, TX",3741
"48025","Bee, TX",32095
"48027","Bell, TX",315196
"48029","Bexar, TX",1756153
"48031","Blanco, TX",10600
"48033","Borden, TX",626
"48035","Bosque, TX",18306
"48037","Bowie, TX",92793
"48039","Brazoria, TX",319973
"48041","Brazos, TX",197632
"48043","Brewster, TX",9386
"48045","Briscoe, TX",1651
"48047","Brooks, TX",7222
"48049","Brown, TX",38186
"48051","Burleson, TX",17251
"48053","Burnet, TX",43117
"48055","Caldwell, TX",38442
"48057","Calhoun, TX",21442
"48059","Callahan, TX",13515
"48061","Cameron, TX",414123
"48063","Camp, TX",12407
"48065","Carson, TX",6259
"48067","Cass, TX",30256
"48069","Castro, TX",8116
"48071","Chambers, TX",35552
"48073","Cherokee, TX",51140
"48075","Childress, TX",6984
"48077","Clay, TX",10721
"48079","Cochran, TX",3109
"48081","Coke, TX",3305
"48083","Coleman, TX",8763
"48085","Collin, TX",812226
"48087","Collingsworth, TX",3092
"48089","Colorado, TX",20816
"48091","Comal, TX",111963
"48093","Comanche, TX",13891
"48095","Concho, TX",4081
"48097","Cooke, TX",38396
"48099","Coryell, TX",76508
"48101","Cottle, TX",1499
"48103","Crane, TX",4383
"48105","Crockett, TX",3722
"48107","Crosby, TX",6092
"48109","Culberson, TX",2383
"48111","Dallam, TX",6866
"48113","Dallas, TX",2416014
"48115","Dawson, TX",13751
"48117","Deaf Smith, TX",19595
"48119","Delta, TX",5212
"48121","Denton, TX",686406
"48123","DeWitt, TX",20255
"48125","Dickens, TX",2402
"48127","Dimmit, TX",10118
"48129","Donley, TX",3651
"48131","Duval, TX",11669
"48133","Eastland, TX",18633
"48135","Ector, TX",140111
"48137","Edwards, TX",1966
"48139","Ellis, TX",152753
"48141","El Paso, TX",820790
"48143","Erath, TX",38266
"48145","Falls, TX",17944
"48147","Fannin, TX",33958
"48149","Fayette, TX",24732
"48151","Fisher, TX",3914
"48153","Floyd, TX",6394
"48155","Foard, TX",1341
"48157","Fort Bend, TX",606953
"48159","Franklin, TX",10551
"48161","Freestone, TX",19684
"48163","Frio, TX",17400
"48165","Gaines, TX",18003
"48167","Galveston, TX",295747
"48169","Garza, TX",6562
"48171","Gillespie, TX",25114
"48173","Glasscock, TX",1251
"48175","Goliad, TX",7243
"48177","Gonzales, TX",19904
"48179","Gray, TX",22755
"48181","Grayson, TX",121419
"48183","Gregg, TX",123081
"48185","Grimes, TX",26887
"48187","Guadalupe, TX",135757
"48189","Hale, TX",36498
"48191","Hall, TX",3377
"48193","Hamilton, TX",8472
"48195","Hansford, TX",5577
"48197","Hardeman, TX",4176
"48199","Hardin, TX",55246
"48201","Harris, TX",4180894
"48203","Harrison, TX",66296
"48205","Hartley, TX",5971
"48207","Haskell, TX",5989
"48209","Hays, TX",164050
"48211","Hemphill, TX",3970
"48213","Henderson, TX",78826
"48215","Hidalgo, TX",797810
"48217","Hill, TX",35392
"48219","Hockley, TX",22892
"48221","Hood, TX",51670
"48223","Hopkins, TX",35371
"48225","Houston, TX",23484
"48227","Howard, TX",35122
"48229","Hudspeth, TX",3423
"48231","Hunt, TX",86531
"48233","Hutchinson, TX",22132
"48235","Irion, TX",1620
"48237","Jack, TX",9035
"48239","Jackson, TX",14032
"48241","Jasper, TX",36296
"48243","Jeff Davis, TX",2288
"48245","Jefferson, TX",252802
"48247","Jim Hogg, TX",5265
"48249","Jim Wells, TX",41339
"48251","Johnson, TX",152734
"48253","Jones, TX",20146
"48255","Karnes, TX",14946
"48257","Kaufman, TX",105358
"48259","Kendall, TX",34781
"48261","Kenedy, TX",437
"48263","Kent, TX",825
"48265","Kerr, TX",49783
"48267","Kimble, TX",4632
"48269","King, TX",255
"48271","Kinney, TX",3630
"48273","Kleberg, TX",32196
"48275","Knox, TX",3758
"48277","Lamar, TX",50074
"48279","Lamb, TX",14167
"48281","Lampasas, TX",19891
"48283","La Salle, TX",7001
"48285","Lavaca, TX",19347
"48287","Lee, TX",16666
"48289","Leon, TX",16916
"48291","Liberty, TX",76206
"48293","Limestone, TX",23634
"48295","Lipscomb, TX",3327
"48297","Live Oak, TX",11447
"48299","Llano, TX",19181
"48301","Loving, TX",94
"48303","Lubbock, TX",283910
"48305","Lynn, TX",5888
"48307","McCulloch, TX",8290
"48309","McLennan, TX",238564
"48311","McMullen, TX",690
"48313","Madison, TX",13747
"48315","Marion, TX",10507
"48317","Martin, TX",4934
"48319","Mason, TX",3984
"48321","Matagorda, TX",36809
"48323","Maverick, TX",55405
"48325","Medina, TX",46367
"48327","Menard, TX",2264
"48329","Midland, TX",140308
"48331","Milam, TX",24699
"48333","Mills, TX",4848
"48335","Mitchell, TX",9426
"48337","Montague, TX",19710
"48339","Montgomery, TX",471734
"48341","Moore, TX",21954
"48343","Morris, TX",12848
"48345","Motley, TX",1230
"48347","Nacogdoches, TX",65466
"48349","Navarro, TX",48054
"48351","Newton, TX",14454
"48353","Nolan, TX",15269
"48355","Nueces, TX",343281
"48357","Ochiltree, TX",10530
"48359","Oldham, TX",2074
"48361","Orange, TX",82487
"48363","Palo Pinto, TX",28115
"48365","Panola, TX",24058
"48367","Parker, TX",118376
"48369","Parmer, TX",10332
"48371","Pecos, TX",15716
"48373","Polk, TX",45725
"48375","Potter, TX",122285
"48377","Presidio, TX",7761
"48379","Rains, TX",11059
"48381","Randall, TX",123351
"48383","Reagan, TX",3390
"48385","Real, TX",3426
"48387","Red River, TX",12703
"48389","Reeves, TX",13757
"48391","Refugio, TX",7291
"48393","Roberts, TX",816
"48395","Robertson, TX",16740
"48397","Rockwall, TX",81290
"48399","Runnels, TX",10524
"48401","Rusk, TX",53759
"48403","Sabine, TX",10740
"48405","San Augustine, TX",8874
"48407","San Jacinto, TX",26801
"48409","San Patricio, TX",64726
"48411","San Saba, TX",6023
"48413","Schleicher, TX",3309
"48415","Scurry, TX",16919
"48417","Shackelford, TX",3318
"48419","Shelby, TX",25772
"48421","Sherman, TX",3040
"48423","Smith, TX",213381
"48425","Somervell, TX",8451
"48427","Starr, TX",61715
"48429","Stephens, TX",9548
"48431","Sterling, TX",1158
"48433","Stonewall, TX",1472
"48435","Sutton, TX",4007
"48437","Swisher, TX",7801
"48439","Tarrant, TX",1849815
"48441","Taylor, TX",132755
"48443","Terrell, TX",960
"48445","Terry, TX",12675
"48447","Throckmorton, TX",1609
"48449","Titus, TX",32596
"48451","Tom Green, TX",111823
"48453","Travis, TX",1063130
"48455","Trinity, TX",14659
"48457","Tyler, TX",21666
"48459","Upshur, TX",39826
"48461","Upton, TX",3346
"48463","Uvalde, TX",26535
"48465","Val Verde, TX",49106
"48467","Van Zandt, TX",52776
"48469","Victoria, TX",87545
"48471","Walker, TX",68087
"48473","Waller, TX",44013
"48475","Ward, TX",10716
"48477","Washington, TX",33791
"48479","Webb, TX",256496
"48481","Wharton, TX",41314
"48483","Wheeler, TX",5465
"48485","Wichita, TX",130698
"48487","Wilbarger, TX",13404
"48489","Willacy, TX",22095
"48491","Williamson, TX",442782
"48493","Wilson, TX",43789
"48495","Winkler, TX",7178
"48497","Wise, TX",59833
"48499","Wood, TX",42164
"48501","Yoakum, TX",8005
"48503","Young, TX",18484
"48505","Zapata, TX",14282
"48507","Zavala, TX",11849
"49001","Beaver, UT",6594
"49003","Box Elder, UT",50290
"49005","Cache, UT",114699
"49007","Carbon, UT",21318
"49009","Daggett, UT",1156
"49011","Davis, UT",311811
"49013","Duchesne, UT",18888
"49015","Emery, UT",10944
"49017","Garfield, UT",5144
"49019","Grand, UT",9325
"49021","Iron, UT",46740
"49023","Juab, UT",10335
"49025","Kane, UT",7257
"49027","Millard, UT",12645
"49029","Morgan, UT",9685
"49031","Piute, UT",1497
"49033","Rich, UT",2303
"49035","Salt Lake, UT",1048985
"49037","San Juan, UT",14825
"49039","Sanpete, UT",27988
"49041","Sevier, UT",20971
"49043","Summit, UT",37594
"49045","Tooele, UT",59326
"49047","Uintah, UT",33163
"49049","Utah, UT",530499
"49051","Wasatch, UT",24417
"49053","Washington, UT",141666
"49055","Wayne, UT",2737
"49057","Weber, UT",234420
"50001","Addison, VT",36742
"50003","Bennington, VT",36970
"50005","Caledonia, VT",31166
"50007","Chittenden, VT",157491
"50009","Essex, VT",6291
"50011","Franklin, VT",48113
"50013","Grand Isle, VT",6931
"50015","Lamoille, VT",24701
"50017","Orange, VT",29006
"50019","Orleans, VT",27173
"50021","Rutland, VT",61289
"50023","Washington, VT",59626
"50025","Windham, VT",44266
"50027","Windsor, VT",56666
"51001","Accomack, VA",33336
"51007","Amelia, VA",12805
"51009","Amherst, VA",32167
"51011","Appomattox, VA",15041
"51013","Arlington, VA",216004
"51017","Bath, VA",4657
"51021","Bland, VA",6818
"51023","Botetourt, VA",32928
"51025","Brunswick, VA",17204
"51027","Buchanan, VA",23581
"51029","Buckingham, VA",17278
"51033","Caroline, VA",28674
"51036","Charles City, VA",7241
"51037","Charlotte, VA",12505
"51041","Chesterfield, VA",320277
"51043","Clarke, VA",14258
"51045","Craig, VA",5099
"51047","Culpeper, VA",47476
"51049","Cumberland, VA",9969
"51051","Dickenson, VA",15741
"51057","Essex, VA",11205
"51061","Fauquier, VA",66071
"51063","Floyd, VA",15378
"51065","Fluvanna, VA",26061
"51067","Franklin, VA",56419
"51071","Giles, VA",17124
"51073","Gloucester, VA",36901
"51075","Goochland, VA",21883
"51077","Grayson, VA",15328
"51079","Greene, VA",18660
"51083","Halifax, VA",36056
"51085","Hanover, VA",100342
"51087","Henrico, VA",310445
"51091","Highland, VA",2267
"51093","Isle of Wight, VA",35356
"51097","King and Queen, VA",6997
"51099","King George, VA",24161
"51101","King William, VA",15981
"51103","Lancaster, VA",11282
"51105","Lee, VA",25146
"51107","Loudoun, VA",325405
"51109","Louisa, VA",33395
"51111","Lunenburg, VA",12874
"51113","Madison, VA",13169
"51115","Mathews, VA",8962
"51117","Mecklenburg, VA",32622
"51119","Middlesex, VA",10854
"51125","Nelson, VA",15097
"51127","New Kent, VA",18822
"51131","Northampton, VA",12377
"51133","Northumberland, VA",12461
"51135","Nottoway, VA",15840
"51137","Orange, VA",33938
"51139","Page, VA",23958
"51141","Patrick, VA",18390
"51145","Powhatan, VA",28110
"51147","Prince Edward, VA",23343
"51155","Pulaski, VA",34607
"51157","Rappahannock, VA",7444
"51159","Richmond, VA",9220
"51167","Russell, VA",28749
"51169","Scott, VA",23126
"51171","Shenandoah, VA",42289
"51173","Smyth, VA",32029
"51179","Stafford, VA",132133
"51181","Surry, VA",6931
"51183","Sussex, VA",12087
"51185","Tazewell, VA",44715
"51187","Warren, VA",37749
"51193","Westmoreland, VA",17595
"51197","Wythe, VA",29204
"51510","Alexandria (Independent City), VA",144301
"51550","Chesapeake (Independent City), VA",225050
"51650","Hampton (Independent City), VA",136401
"51700","Newport News (Independent City), VA",179611
"51710","Norfolk (Independent City), VA",242628
"51740","Portsmouth (Independent City), VA",95684
"51760","Richmond (Independent City), VA",205533
"51770","Roanoke (Independent City), VA",96714
"51800","Suffolk (Independent City), VA",84930
"51810","Virginia Beach (Independent City), VA",442707
"51901","Albemarle + Charlottesville, VA",144064
"51903","Alleghany + Covington, VA",22114
"51907","Augusta, Staunton + Waynesboro, VA",118629
"51909","Bedford + Bedford City, VA",75427
"51911","Campbell + Lynchburg, VA",131536
"51913","Carroll + Galax, VA",36964
"51918","Dinwiddie, Colonial Heights + Petersburg, VA",77684
"51919","Fairfax, Fairfax City + Falls Church, VA",1135992
"51921","Frederick + Winchester, VA",106253
"51923","Greensville + Emporia, VA",17983
"51929","Henry + Martinsville, VA",67300
"51931","James City + Williamsburg, VA",82644
"51933","Montgomery + Radford, VA",110756
"51939","Pittsylvania + Danville, VA",105696
"51941","Prince George + Hopewell, VA",59135
"51942","Prince William, Manassas + Manassas Park, VA",473638
"51944","Roanoke + Salem, VA",117701
"51945","Rockbridge, Buena Vista + Lexington, VA",36006
"51947","Rockingham + Harrisonburg, VA",126562
"51949","Southampton + Franklin, VA",26996
"51951","Spotsylvania + Fredericksburg, VA",150018
"51953","Washington + Bristol, VA",72577
"51955","Wise + Norton, VA",45619
"51958","York + Poquoson, VA",78134
"53001","Adams, WA",19027
"53003","Asotin, WA",21933
"53005","Benton, WA",180678
"53007","Chelan, WA",73477
"53009","Clallam, WA",71838
"53011","Clark, WA",433418
"53013","Columbia, WA",4050
"53015","Cowlitz, WA",102478
"53017","Douglas, WA",38971
"53019","Ferry, WA",7689
"53021","Franklin, WA",83455
"53023","Garfield, WA",2262
"53025","Grant, WA",91265
"53027","Grays Harbor, WA",72546
"53029","Island, WA",78971
"53031","Jefferson, WA",29924
"53033","King, WA",1969722
"53035","Kitsap, WA",254633
"53037","Kittitas, WA",41629
"53039","Klickitat, WA",20697
"53041","Lewis, WA",75901
"53043","Lincoln, WA",10476
"53045","Mason, WA",61019
"53047","Okanogan, WA",41411
"53049","Pacific, WA",20930
"53051","Pend Oreille, WA",12936
"53053","Pierce, WA",807904
"53055","San Juan, WA",15844
"53057","Skagit, WA",118109
"53059","Skamania, WA",11137
"53061","Snohomish, WA",722400
"53063","Spokane, WA",473761
"53065","Stevens, WA",43496
"53067","Thurston, WA",256591
"53069","Wahkiakum, WA",3991
"53071","Walla Walla, WA",59588
"53073","Whatcom, WA",203663
"53075","Whitman, WA",45077
"53077","Yakima, WA",247141
"54001","Barbour, WV",16520
"54003","Berkeley, WV",105750
"54005","Boone, WV",24444
"54007","Braxton, WV",14485
"54009","Brooke, WV",23844
"54011","Cabell, WV",96653
"54013","Calhoun, WV",7652
"54015","Clay, WV",9357
"54017","Doddridge, WV",8171
"54019","Fayette, WV",45699
"54021","Gilmer, WV",8705
"54023","Grant, WV",11891
"54025","Greenbrier, WV",35800
"54027","Hampshire, WV",23812
"54029","Hancock, WV",30571
"54031","Hardy, WV",13912
"54033","Harrison, WV",69436
"54035","Jackson, WV",29241
"54037","Jefferson, WV",54225
"54039","Kanawha, WV",192315
"54041","Lewis, WV",16416
"54043","Lincoln, WV",21550
"54045","Logan, WV",36457
"54047","McDowell, WV",21729
"54049","Marion, WV",56586
"54051","Marshall, WV",32800
"54053","Mason, WV",27298
"54055","Mercer, WV",62465
"54057","Mineral, WV",28192
"54059","Mingo, WV",26563
"54061","Monongalia, WV",98528
"54063","Monroe, WV",13534
"54065","Morgan, WV",17535
"54067","Nicholas, WV",26268
"54069","Ohio, WV",44246
"54071","Pendleton, WV",7673
"54073","Pleasants, WV",7611
"54075","Pocahontas, WV",8786
"54077","Preston, WV",33723
"54079","Putnam, WV",56008
"54081","Raleigh, WV",79127
"54083","Randolph, WV",29465
"54085","Ritchie, WV",10295
"54087","Roane, WV",14858
"54089","Summers, WV",13867
"54091","Taylor, WV",16916
"54093","Tucker, WV",7021
"54095","Tyler, WV",9121
"54097","Upshur, WV",24322
"54099","Wayne, WV",42126
"54101","Webster, WV",9143
"54103","Wetzel, WV",16351
"54105","Wirt, WV",5762
"54107","Wood, WV",87120
"54109","Wyoming, WV",23419
"55001","Adams, WI",20733
"55003","Ashland, WI",16142
"55005","Barron, WI",45883
"55007","Bayfield, WI",15099
"55009","Brown, WI",251412
"55011","Buffalo, WI",13539
"55013","Burnett, WI",15504
"55015","Calumet, WI",49490
"55017","Chippewa, WI",62778
"55019","Clark, WI",34742
"55021","Columbia, WI",56909
"55023","Crawford, WI",16714
"55025","Dane, WI",495959
"55027","Dodge, WI",88661
"55029","Door, WI",27820
"55031","Douglas, WI",44105
"55033","Dunn, WI",43971
"55035","Eau Claire, WI",99879
"55037","Florence, WI",4440
"55039","Fond du Lac, WI",102079
"55041","Forest, WI",9236
"55043","Grant, WI",51210
"55045","Green, WI",36891
"55047","Green Lake, WI",19094
"55049","Iowa, WI",23599
"55051","Iron, WI",5894
"55053","Jackson, WI",20565
"55055","Jefferson, WI",83943
"55057","Juneau, WI",26722
"55059","Kenosha, WI",167293
"55061","Kewaunee, WI",20589
"55063","La Crosse, WI",115572
"55065","Lafayette, WI",16815
"55067","Langlade, WI",19786
"55069","Lincoln, WI",28602
"55071","Manitowoc, WI",80976
"55073","Marathon, WI",134400
"55075","Marinette, WI",41656
"55077","Marquette, WI",15439
"55078","Menominee, WI",4348
"55079","Milwaukee, WI",952532
"55081","Monroe, WI",45050
"55083","Oconto, WI",37468
"55085","Oneida, WI",35801
"55087","Outagamie, WI",177913
"55089","Ozaukee, WI",86568
"55091","Pepin, WI",7412
"55093","Pierce, WI",40862
"55095","Polk, WI",44040
"55097","Portage, WI",70084
"55099","Price, WI",13994
"55101","Racine, WI",195388
"55103","Richland, WI",17983
"55105","Rock, WI",160092
"55107","Rusk, WI",14621
"55109","St. Croix, WI",84922
"55111","Sauk, WI",62290
"55113","Sawyer, WI",16596
"55115","Shawano, WI",41754
"55117","Sheboygan, WI",115149
"55119","Taylor, WI",20661
"55121","Trempealeau, WI",29001
"55123","Vernon, WI",29954
"55125","Vilas, WI",21442
"55127","Walworth, WI",102931
"55129","Washburn, WI",15912
"55131","Washington, WI",132386
"55133","Waukesha, WI",390730
"55135","Waupaca, WI",52682
"55137","Waushara, WI",24576
"55139","Winnebago, WI",167699
"55141","Wood, WI",74785
"55901","Shawano (includes Menominee), WI","(NA)"
"56001","Albany, WY",36889
"56003","Big Horn, WY",11759
"56005","Campbell, WY",46618
"56007","Carbon, WY",15786
"56009","Converse, WY",13755
"56011","Crook, WY",7111
"56013","Fremont, WY",40579
"56015","Goshen, WY",13536
"56017","Hot Springs, WY",4799
"56019","Johnson, WY",8642
"56021","Laramie, WY",92680
"56023","Lincoln, WY",18071
"56025","Natrona, WY",76366
"56027","Niobrara, WY",2491
"56029","Park, WY",28592
"56031","Platte, WY",8796
"56033","Sheridan, WY",29239
"56035","Sublette, WY",10146
"56037","Sweetwater, WY",44175
"56039","Teton, WY",21548
"56041","Uinta, WY",20985
"56043","Washakie, WY",8487
"56045","Weston, WY",7108
"Legend / Footnotes:"
"1/ Census Bureau midyear population estimates. Estimates for 2000-2011 reflect county population estimates available as of April 2012."
"Geographic Note-- Cibola, NM was separated from Valencia in June 1981, but in these estimates, Valencia includes Cibola through the end of 1981."
"Geographic Note-- La Paz County, AZ was separated from Yuma County on January 1, 1983. The Yuma, AZ MSA contains the area that became La Paz County, AZ through 1982 and excludes it beginning with 1983."
"Geographic Note-- Shawano, WI and Menominee, WI are combined as Shawano (incl. Menominee), WI for the years prior to 1989."
"Geographic Note-- Broomfield County, CO, was created from parts of Adams, Boulder, Jefferson, and Weld counties effective November 15, 2001. Estimates for Broomfield county begin with 2002."
"Geographic Note-- Estimates for 1979 forward reflect Alaska Census Areas as defined by the Census Bureau; those for prior years reflect Alaska Census Divisions as defined in the 1970 Decennial Census. Estimates from 1988 forward separate Aleutian Islands Census Area into Aleutians East Borough and Aleutians West Census Area. Estimates for 1991 forward separate Denali Borough from Yukon-Koyukuk Census Area and Lake and Peninsula Borough from Dillingham Census Area. Estimates from 1993 forward separate Skagway-Yakutat-Angoon Census Area into Skagway-Hoonah-Angoon Census Area and Yakutat Borough. Estimates from 2008 forward separate Skagway-Hoonah-Angoon Census Area into Skagway Borough and Hoonah-Angoon Census Area. Estimates from 2009 forward separate Wrangell-Petersburg Census Area into Petersburg Census Area and Wrangell City and Borough. In addition, a part of the Prince of Wales-Outer Ketchikan Census Area was annexed by Ketchikan Gateway Borough and part (Meyers Chuck Area) was included in the new Wrangell City and Borough. The remainder of the Prince of Wales-Outer Ketchikan Census Area was renamed Prince of Wales-Hyder Census Area."
"Geographic Note-- Virginia combination areas consist of one or two independent cities with 1980 populations of less than 100,000 combined with an adjacent county. The county name appears first, followed by the city name(s). Separate estimates for the jurisdictions making up the combination area are not available."
"Note-- All state and local area dollar estimates are in current dollars (not adjusted for inflation)."
"(NA) Data not available for this year."
"Last updated: November 26, 2012 - new estimates for 2011; revised estimates for 2009-2010."
