"CA1-3 Personal income summary"
"Per capita personal income (dollars) 2/" 
"Bureau of Economic Analysis" 
"County"
"Fips","Area","2011"
"01001","Autauga, AL",32657
"01003","Baldwin, AL",38024
"01005","Barbour, AL",26807
"01007","Bibb, AL",24180
"01009","Blount, AL",27220
"01011","Bullock, AL",23188
"01013","Butler, AL",28562
"01015","Calhoun, AL",31758
"01017","Chambers, AL",28994
"01019","Cherokee, AL",26869
"01021","Chilton, AL",28844
"01023","Choctaw, AL",30050
"01025","Clarke, AL",30810
"01027","Clay, AL",26288
"01029","Cleburne, AL",28916
"01031","Coffee, AL",36653
"01033","Colbert, AL",31743
"01035","Conecuh, AL",28222
"01037","Coosa, AL",23678
"01039","Covington, AL",29399
"01041","Crenshaw, AL",30217
"01043","Cullman, AL",30616
"01045","Dale, AL",30393
"01047","Dallas, AL",28615
"01049","DeKalb, AL",25586
"01051","Elmore, AL",33975
"01053","Escambia, AL",28227
"01055","Etowah, AL",31844
"01057","Fayette, AL",26884
"01059","Franklin, AL",26457
"01061","Geneva, AL",30047
"01063","Greene, AL",31678
"01065","Hale, AL",30458
"01067","Henry, AL",31888
"01069","Houston, AL",36330
"01071","Jackson, AL",30591
"01073","Jefferson, AL",44074
"01075","Lamar, AL",27430
"01077","Lauderdale, AL",32211
"01079","Lawrence, AL",29144
"01081","Lee, AL",29208
"01083","Limestone, AL",34250
"01085","Lowndes, AL",32176
"01087","Macon, AL",27644
"01089","Madison, AL",41601
"01091","Marengo, AL",33467
"01093","Marion, AL",26237
"01095","Marshall, AL",30543
"01097","Mobile, AL",32779
"01099","Monroe, AL",28245
"01101","Montgomery, AL",38414
"01103","Morgan, AL",32904
"01105","Perry, AL",28941
"01107","Pickens, AL",28910
"01109","Pike, AL",34269
"01111","Randolph, AL",26263
"01113","Russell, AL",31920
"01115","St. Clair, AL",32240
"01117","Shelby, AL",44734
"01119","Sumter, AL",25680
"01121","Talladega, AL",30820
"01123","Tallapoosa, AL",30899
"01125","Tuscaloosa, AL",34724
"01127","Walker, AL",33167
"01129","Washington, AL",28477
"01131","Wilcox, AL",25996
"01133","Winston, AL",25982
"02010","Aleutian Islands Census Area, AK","(NA)"
"02013","Aleutians East Borough, AK",27980
"02016","Aleutians West Census Area, AK",31845
"02020","Anchorage Municipality, AK",50958
"02050","Bethel Census Area, AK",32108
"02060","Bristol Bay Borough, AK",49727
"02068","Denali Borough, AK",60191
"02070","Dillingham Census Area, AK",40046
"02090","Fairbanks North Star Borough, AK",42626
"02100","Haines Borough, AK",68517
"02105","Hoonah-Angoon Census Area, AK",39307
"02110","Juneau City and Borough, AK",48242
"02122","Kenai Peninsula Borough, AK",41772
"02130","Ketchikan Gateway Borough, AK",51631
"02150","Kodiak Island Borough, AK",43951
"02164","Lake and Peninsula Borough, AK",37023
"02170","Matanuska-Susitna Borough, AK",41905
"02180","Nome Census Area, AK",35160
"02185","North Slope Borough, AK",48447
"02188","Northwest Arctic Borough, AK",34720
"02195","Petersburg Census Area, AK",48203
"02198","Prince of Wales-Hyder Census Area, AK",30954
"02201","Prince of Wales-Outer Ketchikan Census Area, AK","(NA)"
"02220","Sitka City and Borough, AK",44044
"02230","Skagway Municipality, AK",60683
"02231","Skagway-Yakutat-Angoon Census Area, AK","(NA)"
"02232","Skagway-Hoonah-Angoon Census Area, AK","(NA)"
"02240","Southeast Fairbanks Census Area, AK",44716
"02261","Valdez-Cordova Census Area, AK",45289
"02270","Wade Hampton Census Area, AK",21992
"02275","Wrangell City and Borough, AK",35250
"02280","Wrangell-Petersburg Census Area, AK","(NA)"
"02282","Yakutat City and Borough, AK",41766
"02290","Yukon-Koyukuk Census Area, AK",37259
"02901","Aleutian Islands Division, AK","(NA)"
"02903","Angoon Division, AK","(NA)"
"02904","Barrow-North Slope Division, AK","(NA)"
"02905","Bethel Division, AK","(NA)"
"02907","Bristol Bay Division, AK","(NA)"
"02908","Cordova-McCarthy Division, AK","(NA)"
"02910","Haines Division, AK","(NA)"
"02912","Kenai-Cook Inlet Division, AK","(NA)"
"02916","Kuskokwim Division, AK","(NA)"
"02919","Outer Ketchikan Division, AK","(NA)"
"02920","Prince of Wales Division, AK","(NA)"
"02921","Seward Division, AK","(NA)"
"02922","Sitka Division, AK","(NA)"
"02923","Skagway-Yakutat Division, AK","(NA)"
"02924","Southeast Fairbanks Division, AK","(NA)"
"02925","Upper Yukon Division, AK","(NA)"
"02926","Valdez-Chitina-Whittier Division, AK","(NA)"
"02928","Wrangell-Petersburg Division, AK","(NA)"
"02929","Yukon-Koyukuk Division, AK","(NA)"
"04001","Apache, AZ",25813
"04003","Cochise, AZ",35738
"04005","Coconino, AZ",34353
"04007","Gila, AZ",31846
"04009","Graham, AZ",25215
"04011","Greenlee, AZ",31333
"04012","La Paz, AZ",29053
"04013","Maricopa, AZ",38071
"04015","Mohave, AZ",26145
"04017","Navajo, AZ",25554
"04019","Pima, AZ",34961
"04021","Pinal, AZ",24287
"04023","Santa Cruz, AZ",25037
"04025","Yavapai, AZ",29490
"04027","Yuma, AZ",27091
"05001","Arkansas, AR",40173
"05003","Ashley, AR",34789
"05005","Baxter, AR",32335
"05007","Benton, AR",36744
"05009","Boone, AR",30524
"05011","Bradley, AR",30467
"05013","Calhoun, AR",28356
"05015","Carroll, AR",27121
"05017","Chicot, AR",32320
"05019","Clark, AR",30386
"05021","Clay, AR",30639
"05023","Cleburne, AR",34924
"05025","Cleveland, AR",32051
"05027","Columbia, AR",33253
"05029","Conway, AR",33021
"05031","Craighead, AR",32588
"05033","Crawford, AR",27699
"05035","Crittenden, AR",31850
"05037","Cross, AR",30939
"05039","Dallas, AR",30035
"05041","Desha, AR",33101
"05043","Drew, AR",31086
"05045","Faulkner, AR",33255
"05047","Franklin, AR",30593
"05049","Fulton, AR",26723
"05051","Garland, AR",35355
"05053","Grant, AR",32601
"05055","Greene, AR",28709
"05057","Hempstead, AR",29075
"05059","Hot Spring, AR",27724
"05061","Howard, AR",27810
"05063","Independence, AR",31088
"05065","Izard, AR",26469
"05067","Jackson, AR",31055
"05069","Jefferson, AR",31627
"05071","Johnson, AR",24551
"05073","Lafayette, AR",27125
"05075","Lawrence, AR",27323
"05077","Lee, AR",30642
"05079","Lincoln, AR",25991
"05081","Little River, AR",30182
"05083","Logan, AR",26773
"05085","Lonoke, AR",32972
"05087","Madison, AR",21921
"05089","Marion, AR",26684
"05091","Miller, AR",33539
"05093","Mississippi, AR",32741
"05095","Monroe, AR",31733
"05097","Montgomery, AR",24211
"05099","Nevada, AR",29912
"05101","Newton, AR",26127
"05103","Ouachita, AR",31006
"05105","Perry, AR",32041
"05107","Phillips, AR",31314
"05109","Pike, AR",28651
"05111","Poinsett, AR",30350
"05113","Polk, AR",24263
"05115","Pope, AR",29007
"05117","Prairie, AR",31744
"05119","Pulaski, AR",43938
"05121","Randolph, AR",27362
"05123","St. Francis, AR",26373
"05125","Saline, AR",39040
"05127","Scott, AR",23116
"05129","Searcy, AR",25926
"05131","Sebastian, AR",37052
"05133","Sevier, AR",22926
"05135","Sharp, AR",25214
"05137","Stone, AR",25411
"05139","Union, AR",42335
"05141","Van Buren, AR",29457
"05143","Washington, AR",33220
"05145","White, AR",29624
"05147","Woodruff, AR",31375
"05149","Yell, AR",26772
"06001","Alameda, CA",49617
"06003","Alpine, CA",49274
"06005","Amador, CA",35689
"06007","Butte, CA",33356
"06009","Calaveras, CA",35828
"06011","Colusa, CA",46741
"06013","Contra Costa, CA",57011
"06015","Del Norte, CA",27220
"06017","El Dorado, CA",49967
"06019","Fresno, CA",31542
"06021","Glenn, CA",36796
"06023","Humboldt, CA",33308
"06025","Imperial, CA",28351
"06027","Inyo, CA",37905
"06029","Kern, CA",31400
"06031","Kings, CA",29407
"06033","Lake, CA",33375
"06035","Lassen, CA",28855
"06037","Los Angeles, CA",42564
"06039","Madera, CA",28631
"06041","Marin, CA",85761
"06043","Mariposa, CA",34103
"06045","Mendocino, CA",36211
"06047","Merced, CA",28497
"06049","Modoc, CA",36148
"06051","Mono, CA",41370
"06053","Monterey, CA",41138
"06055","Napa, CA",51253
"06057","Nevada, CA",44313
"06059","Orange, CA",50440
"06061","Placer, CA",48476
"06063","Plumas, CA",39339
"06065","Riverside, CA",29927
"06067","Sacramento, CA",38202
"06069","San Benito, CA",35029
"06071","San Bernardino, CA",29998
"06073","San Diego, CA",46800
"06075","San Francisco, CA",74349
"06077","San Joaquin, CA",31013
"06079","San Luis Obispo, CA",40322
"06081","San Mateo, CA",69577
"06083","Santa Barbara, CA",45219
"06085","Santa Clara, CA",61833
"06087","Santa Cruz, CA",48883
"06089","Shasta, CA",35466
"06091","Sierra, CA",36307
"06093","Siskiyou, CA",33928
"06095","Solano, CA",38078
"06097","Sonoma, CA",45331
"06099","Stanislaus, CA",32115
"06101","Sutter, CA",33908
"06103","Tehama, CA",27592
"06105","Trinity, CA",30389
"06107","Tulare, CA",29640
"06109","Tuolumne, CA",36680
"06111","Ventura, CA",45855
"06113","Yolo, CA",36896
"06115","Yuba, CA",30437
"08001","Adams, CO",33061
"08003","Alamosa, CO",33402
"08005","Arapahoe, CO",48989
"08007","Archuleta, CO",31536
"08009","Baca, CO",44860
"08011","Bent, CO",23827
"08013","Boulder, CO",51893
"08014","Broomfield, CO",40892
"08015","Chaffee, CO",32246
"08017","Cheyenne, CO",57591
"08019","Clear Creek, CO",55335
"08021","Conejos, CO",25638
"08023","Costilla, CO",27127
"08025","Crowley, CO",16752
"08027","Custer, CO",34793
"08029","Delta, CO",31307
"08031","Denver, CO",54537
"08033","Dolores, CO",29250
"08035","Douglas, CO",71463
"08037","Eagle, CO",48618
"08039","Elbert, CO",44606
"08041","El Paso, CO",39909
"08043","Fremont, CO",27440
"08045","Garfield, CO",37858
"08047","Gilpin, CO",43444
"08049","Grand, CO",38504
"08051","Gunnison, CO",34293
"08053","Hinsdale, CO",41284
"08055","Huerfano, CO",31380
"08057","Jackson, CO",44604
"08059","Jefferson, CO",45179
"08061","Kiowa, CO",43447
"08063","Kit Carson, CO",39383
"08065","Lake, CO",29274
"08067","La Plata, CO",43453
"08069","Larimer, CO",39767
"08071","Las Animas, CO",31961
"08073","Lincoln, CO",31153
"08075","Logan, CO",34725
"08077","Mesa, CO",35169
"08079","Mineral, CO",45243
"08081","Moffat, CO",40945
"08083","Montezuma, CO",34015
"08085","Montrose, CO",30933
"08087","Morgan, CO",33489
"08089","Otero, CO",31370
"08091","Ouray, CO",41898
"08093","Park, CO",33936
"08095","Phillips, CO",40055
"08097","Pitkin, CO",79086
"08099","Prowers, CO",33985
"08101","Pueblo, CO",31760
"08103","Rio Blanco, CO",40792
"08105","Rio Grande, CO",34051
"08107","Routt, CO",51628
"08109","Saguache, CO",24820
"08111","San Juan, CO",29854
"08113","San Miguel, CO",47742
"08115","Sedgwick, CO",50745
"08117","Summit, CO",46627
"08119","Teller, CO",42297
"08121","Washington, CO",41158
"08123","Weld, CO",29986
"08125","Yuma, CO",42572
"09001","Fairfield, CT",78504
"09003","Hartford, CT",53974
"09005","Litchfield, CT",53139
"09007","Middlesex, CT",54198
"09009","New Haven, CT",49478
"09011","New London, CT",47452
"09013","Tolland, CT",46624
"09015","Windham, CT",39141
"10001","Kent, DE",33302
"10003","New Castle, DE",46315
"10005","Sussex, DE",34988
"11001","District of Columbia, DC",73783
"12001","Alachua, FL",35816
"12003","Baker, FL",25426
"12005","Bay, FL",37068
"12007","Bradford, FL",29059
"12009","Brevard, FL",38028
"12011","Broward, FL",42768
"12013","Calhoun, FL",22318
"12015","Charlotte, FL",35161
"12017","Citrus, FL",32675
"12019","Clay, FL",33476
"12021","Collier, FL",59264
"12023","Columbia, FL",28209
"12027","DeSoto, FL",24574
"12029","Dixie, FL",20728
"12031","Duval, FL",39858
"12033","Escambia, FL",36047
"12035","Flagler, FL",33170
"12037","Franklin, FL",29147
"12039","Gadsden, FL",27778
"12041","Gilchrist, FL",30828
"12043","Glades, FL",23725
"12045","Gulf, FL",26029
"12047","Hamilton, FL",20005
"12049","Hardee, FL",24898
"12051","Hendry, FL",28285
"12053","Hernando, FL",30729
"12055","Highlands, FL",29809
"12057","Hillsborough, FL",39180
"12059","Holmes, FL",26324
"12061","Indian River, FL",50977
"12063","Jackson, FL",29033
"12065","Jefferson, FL",28954
"12067","Lafayette, FL",19121
"12069","Lake, FL",33846
"12071","Lee, FL",43022
"12073","Leon, FL",36823
"12075","Levy, FL",27231
"12077","Liberty, FL",24211
"12079","Madison, FL",24853
"12081","Manatee, FL",40678
"12083","Marion, FL",32709
"12085","Martin, FL",52798
"12086","Miami-Dade, FL",37834
"12087","Monroe, FL",58941
"12089","Nassau, FL",46099
"12091","Okaloosa, FL",43132
"12093","Okeechobee, FL",25831
"12095","Orange, FL",35990
"12097","Osceola, FL",27171
"12099","Palm Beach, FL",53500
"12101","Pasco, FL",32102
"12103","Pinellas, FL",44622
"12105","Polk, FL",33447
"12107","Putnam, FL",27644
"12109","St. Johns, FL",51677
"12111","St. Lucie, FL",30768
"12113","Santa Rosa, FL",36141
"12115","Sarasota, FL",53769
"12117","Seminole, FL",40914
"12119","Sumter, FL",27824
"12121","Suwannee, FL",27988
"12123","Taylor, FL",27011
"12125","Union, FL",19049
"12127","Volusia, FL",33436
"12129","Wakulla, FL",29157
"12131","Walton, FL",33403
"12133","Washington, FL",24660
"13001","Appling, GA",26781
"13003","Atkinson, GA",22165
"13005","Bacon, GA",24861
"13007","Baker, GA",39650
"13009","Baldwin, GA",28533
"13011","Banks, GA",27985
"13013","Barrow, GA",30556
"13015","Bartow, GA",27762
"13017","Ben Hill, GA",26606
"13019","Berrien, GA",28286
"13021","Bibb, GA",35676
"13023","Bleckley, GA",29787
"13025","Brantley, GA",22900
"13027","Brooks, GA",31531
"13029","Bryan, GA",40085
"13031","Bulloch, GA",24335
"13033","Burke, GA",28549
"13035","Butts, GA",25336
"13037","Calhoun, GA",22287
"13039","Camden, GA",32058
"13043","Candler, GA",25082
"13045","Carroll, GA",28964
"13047","Catoosa, GA",29685
"13049","Charlton, GA",18523
"13051","Chatham, GA",41480
"13053","Chattahoochee, GA",34166
"13055","Chattooga, GA",23576
"13057","Cherokee, GA",36898
"13059","Clarke, GA",25587
"13061","Clay, GA",29996
"13063","Clayton, GA",26755
"13065","Clinch, GA",25834
"13067","Cobb, GA",45923
"13069","Coffee, GA",25110
"13071","Colquitt, GA",27196
"13073","Columbia, GA",42717
"13075","Cook, GA",24944
"13077","Coweta, GA",33842
"13079","Crawford, GA",31327
"13081","Crisp, GA",26565
"13083","Dade, GA",26906
"13085","Dawson, GA",32395
"13087","Decatur, GA",28718
"13089","DeKalb, GA",40262
"13091","Dodge, GA",23183
"13093","Dooly, GA",20384
"13095","Dougherty, GA",28689
"13097","Douglas, GA",29761
"13099","Early, GA",35966
"13101","Echols, GA",23181
"13103","Effingham, GA",34485
"13105","Elbert, GA",28713
"13107","Emanuel, GA",26434
"13109","Evans, GA",27657
"13111","Fannin, GA",28759
"13113","Fayette, GA",44460
"13115","Floyd, GA",33159
"13117","Forsyth, GA",41354
"13119","Franklin, GA",28956
"13121","Fulton, GA",57451
"13123","Gilmer, GA",27624
"13125","Glascock, GA",22659
"13127","Glynn, GA",36619
"13129","Gordon, GA",26382
"13131","Grady, GA",27801
"13133","Greene, GA",38429
"13135","Gwinnett, GA",32861
"13137","Habersham, GA",27075
"13139","Hall, GA",32001
"13141","Hancock, GA",21059
"13143","Haralson, GA",28347
"13145","Harris, GA",49114
"13147","Hart, GA",26552
"13149","Heard, GA",26289
"13151","Henry, GA",30143
"13153","Houston, GA",34674
"13155","Irwin, GA",28454
"13157","Jackson, GA",30048
"13159","Jasper, GA",29818
"13161","Jeff Davis, GA",24979
"13163","Jefferson, GA",26509
"13165","Jenkins, GA",25016
"13167","Johnson, GA",20901
"13169","Jones, GA",34168
"13171","Lamar, GA",26630
"13173","Lanier, GA",25434
"13175","Laurens, GA",29622
"13177","Lee, GA",41198
"13179","Liberty, GA",27940
"13181","Lincoln, GA",29093
"13183","Long, GA",21473
"13185","Lowndes, GA",30938
"13187","Lumpkin, GA",27573
"13189","McDuffie, GA",31174
"13191","McIntosh, GA",23235
"13193","Macon, GA",22530
"13195","Madison, GA",29317
"13197","Marion, GA",26821
"13199","Meriwether, GA",27952
"13201","Miller, GA",33685
"13205","Mitchell, GA",26493
"13207","Monroe, GA",39397
"13209","Montgomery, GA",26251
"13211","Morgan, GA",35966
"13213","Murray, GA",25177
"13215","Muscogee, GA",39611
"13217","Newton, GA",25830
"13219","Oconee, GA",53361
"13221","Oglethorpe, GA",30618
"13223","Paulding, GA",36485
"13225","Peach, GA",29801
"13227","Pickens, GA",36407
"13229","Pierce, GA",28147
"13231","Pike, GA",30608
"13233","Polk, GA",26456
"13235","Pulaski, GA",26252
"13237","Putnam, GA",32005
"13239","Quitman, GA",25757
"13241","Rabun, GA",30324
"13243","Randolph, GA",28495
"13245","Richmond, GA",30320
"13247","Rockdale, GA",31840
"13249","Schley, GA",20566
"13251","Screven, GA",29475
"13253","Seminole, GA",35865
"13255","Spalding, GA",28305
"13257","Stephens, GA",30553
"13259","Stewart, GA",23862
"13261","Sumter, GA",28685
"13263","Talbot, GA",26273
"13265","Taliaferro, GA",28126
"13267","Tattnall, GA",24181
"13269","Taylor, GA",25979
"13271","Telfair, GA",17385
"13273","Terrell, GA",32048
"13275","Thomas, GA",35687
"13277","Tift, GA",29585
"13279","Toombs, GA",30934
"13281","Towns, GA",35378
"13283","Treutlen, GA",24686
"13285","Troup, GA",32410
"13287","Turner, GA",29305
"13289","Twiggs, GA",32267
"13291","Union, GA",31281
"13293","Upson, GA",27346
"13295","Walker, GA",27250
"13297","Walton, GA",34236
"13299","Ware, GA",26878
"13301","Warren, GA",27425
"13303","Washington, GA",28950
"13305","Wayne, GA",29118
"13307","Webster, GA",24574
"13309","Wheeler, GA",17340
"13311","White, GA",25757
"13313","Whitfield, GA",28044
"13315","Wilcox, GA",25300
"13317","Wilkes, GA",28866
"13319","Wilkinson, GA",28592
"13321","Worth, GA",31944
"15001","Hawaii, HI",31749
"15003","Honolulu, HI",46624
"15007","Kauai, HI",36520
"15901","Maui + Kalawao, HI",36272
"16001","Ada, ID",39734
"16003","Adams, ID",28140
"16005","Bannock, ID",28818
"16007","Bear Lake, ID",30138
"16009","Benewah, ID",31906
"16011","Bingham, ID",27500
"16013","Blaine, ID",59465
"16015","Boise, ID",36633
"16017","Bonner, ID",31433
"16019","Bonneville, ID",34989
"16021","Boundary, ID",26714
"16023","Butte, ID",35305
"16025","Camas, ID",38661
"16027","Canyon, ID",23575
"16029","Caribou, ID",33809
"16031","Cassia, ID",34515
"16033","Clark, ID",54591
"16035","Clearwater, ID",30493
"16037","Custer, ID",34186
"16039","Elmore, ID",35173
"16041","Franklin, ID",27265
"16043","Fremont (includes Yellowstone Park), ID",24545
"16045","Gem, ID",26895
"16047","Gooding, ID",41179
"16049","Idaho, ID",27827
"16051","Jefferson, ID",27612
"16053","Jerome, ID",31543
"16055","Kootenai, ID",32923
"16057","Latah, ID",31809
"16059","Lemhi, ID",30733
"16061","Lewis, ID",43570
"16063","Lincoln, ID",30533
"16065","Madison, ID",19184
"16067","Minidoka, ID",31486
"16069","Nez Perce, ID",36109
"16071","Oneida, ID",28032
"16073","Owyhee, ID",31541
"16075","Payette, ID",28869
"16077","Power, ID",30936
"16079","Shoshone, ID",33097
"16081","Teton, ID",25705
"16083","Twin Falls, ID",32134
"16085","Valley, ID",35942
"16087","Washington, ID",27605
"17001","Adams, IL",38345
"17003","Alexander, IL",26943
"17005","Bond, IL",34642
"17007","Boone, IL",33252
"17009","Brown, IL",28616
"17011","Bureau, IL",37663
"17013","Calhoun, IL",33613
"17015","Carroll, IL",35880
"17017","Cass, IL",33988
"17019","Champaign, IL",35815
"17021","Christian, IL",38569
"17023","Clark, IL",35428
"17025","Clay, IL",33079
"17027","Clinton, IL",39241
"17029","Coles, IL",32876
"17031","Cook, IL",46937
"17033","Crawford, IL",37989
"17035","Cumberland, IL",35900
"17037","DeKalb, IL",31612
"17039","De Witt, IL",39064
"17041","Douglas, IL",39610
"17043","DuPage, IL",54509
"17045","Edgar, IL",35098
"17047","Edwards, IL",31552
"17049","Effingham, IL",37882
"17051","Fayette, IL",28478
"17053","Ford, IL",44484
"17055","Franklin, IL",29656
"17057","Fulton, IL",33723
"17059","Gallatin, IL",37066
"17061","Greene, IL",31573
"17063","Grundy, IL",34829
"17065","Hamilton, IL",34674
"17067","Hancock, IL",35155
"17069","Hardin, IL",28982
"17071","Henderson, IL",36872
"17073","Henry, IL",37404
"17075","Iroquois, IL",39189
"17077","Jackson, IL",33213
"17079","Jasper, IL",35451
"17081","Jefferson, IL",33546
"17083","Jersey, IL",38503
"17085","Jo Daviess, IL",42456
"17087","Johnson, IL",25920
"17089","Kane, IL",37293
"17091","Kankakee, IL",33171
"17093","Kendall, IL",38151
"17095","Knox, IL",33471
"17097","Lake, IL",55656
"17099","LaSalle, IL",37237
"17101","Lawrence, IL",28625
"17103","Lee, IL",34815
"17105","Livingston, IL",42417
"17107","Logan, IL",35094
"17109","McDonough, IL",32538
"17111","McHenry, IL",40811
"17113","McLean, IL",41816
"17115","Macon, IL",40591
"17117","Macoupin, IL",36510
"17119","Madison, IL",38133
"17121","Marion, IL",33356
"17123","Marshall, IL",41192
"17125","Mason, IL",38136
"17127","Massac, IL",31843
"17129","Menard, IL",41543
"17131","Mercer, IL",40639
"17133","Monroe, IL",44712
"17135","Montgomery, IL",32821
"17137","Morgan, IL",33922
"17139","Moultrie, IL",37363
"17141","Ogle, IL",35741
"17143","Peoria, IL",45375
"17145","Perry, IL",26540
"17147","Piatt, IL",48481
"17149","Pike, IL",32959
"17151","Pope, IL",27582
"17153","Pulaski, IL",32688
"17155","Putnam, IL",39408
"17157","Randolph, IL",29682
"17159","Richland, IL",31293
"17161","Rock Island, IL",39132
"17163","St. Clair, IL",36680
"17165","Saline, IL",33214
"17167","Sangamon, IL",43261
"17169","Schuyler, IL",35565
"17171","Scott, IL",35634
"17173","Shelby, IL",35486
"17175","Stark, IL",41870
"17177","Stephenson, IL",36980
"17179","Tazewell, IL",41909
"17181","Union, IL",31273
"17183","Vermilion, IL",32619
"17185","Wabash, IL",34751
"17187","Warren, IL",35144
"17189","Washington, IL",39530
"17191","Wayne, IL",33827
"17193","White, IL",37977
"17195","Whiteside, IL",37306
"17197","Will, IL",42459
"17199","Williamson, IL",33674
"17201","Winnebago, IL",34377
"17203","Woodford, IL",42811
"18001","Adams, IN",29566
"18003","Allen, IN",35199
"18005","Bartholomew, IN",39645
"18007","Benton, IN",40109
"18009","Blackford, IN",30489
"18011","Boone, IN",52975
"18013","Brown, IN",35863
"18015","Carroll, IN",33062
"18017","Cass, IN",31648
"18019","Clark, IN",33898
"18021","Clay, IN",30977
"18023","Clinton, IN",32076
"18025","Crawford, IN",27820
"18027","Daviess, IN",32989
"18029","Dearborn, IN",35376
"18031","Decatur, IN",34354
"18033","DeKalb, IN",31863
"18035","Delaware, IN",30164
"18037","Dubois, IN",40718
"18039","Elkhart, IN",32131
"18041","Fayette, IN",28590
"18043","Floyd, IN",40219
"18045","Fountain, IN",33382
"18047","Franklin, IN",36561
"18049","Fulton, IN",31284
"18051","Gibson, IN",35066
"18053","Grant, IN",32141
"18055","Greene, IN",31059
"18057","Hamilton, IN",51824
"18059","Hancock, IN",43714
"18061","Harrison, IN",32122
"18063","Hendricks, IN",36188
"18065","Henry, IN",29214
"18067","Howard, IN",32267
"18069","Huntington, IN",32225
"18071","Jackson, IN",32941
"18073","Jasper, IN",36012
"18075","Jay, IN",30862
"18077","Jefferson, IN",29872
"18079","Jennings, IN",31435
"18081","Johnson, IN",36570
"18083","Knox, IN",36312
"18085","Kosciusko, IN",37541
"18087","Lagrange, IN",23897
"18089","Lake, IN",34847
"18091","LaPorte, IN",31650
"18093","Lawrence, IN",31205
"18095","Madison, IN",30421
"18097","Marion, IN",38309
"18099","Marshall, IN",32137
"18101","Martin, IN",33378
"18103","Miami, IN",27000
"18105","Monroe, IN",31021
"18107","Montgomery, IN",33045
"18109","Morgan, IN",37634
"18111","Newton, IN",33054
"18113","Noble, IN",30378
"18115","Ohio, IN",36241
"18117","Orange, IN",30007
"18119","Owen, IN",30009
"18121","Parke, IN",28182
"18123","Perry, IN",30253
"18125","Pike, IN",31525
"18127","Porter, IN",42999
"18129","Posey, IN",40731
"18131","Pulaski, IN",35071
"18133","Putnam, IN",31817
"18135","Randolph, IN",32773
"18137","Ripley, IN",30055
"18139","Rush, IN",37175
"18141","St. Joseph, IN",36289
"18143","Scott, IN",28041
"18145","Shelby, IN",35376
"18147","Spencer, IN",33906
"18149","Starke, IN",27844
"18151","Steuben, IN",31284
"18153","Sullivan, IN",29175
"18155","Switzerland, IN",28435
"18157","Tippecanoe, IN",31172
"18159","Tipton, IN",37631
"18161","Union, IN",33458
"18163","Vanderburgh, IN",38608
"18165","Vermillion, IN",33665
"18167","Vigo, IN",31666
"18169","Wabash, IN",33469
"18171","Warren, IN",35958
"18173","Warrick, IN",41726
"18175","Washington, IN",29544
"18177","Wayne, IN",30909
"18179","Wells, IN",34321
"18181","White, IN",34982
"18183","Whitley, IN",33958
"19001","Adair, IA",40325
"19003","Adams, IA",43553
"19005","Allamakee, IA",35588
"19007","Appanoose, IA",29636
"19009","Audubon, IA",52562
"19011","Benton, IA",42432
"19013","Black Hawk, IA",37461
"19015","Boone, IA",40920
"19017","Bremer, IA",43157
"19019","Buchanan, IA",39192
"19021","Buena Vista, IA",41466
"19023","Butler, IA",45534
"19025","Calhoun, IA",48966
"19027","Carroll, IA",45157
"19029","Cass, IA",43471
"19031","Cedar, IA",43351
"19033","Cerro Gordo, IA",41225
"19035","Cherokee, IA",45252
"19037","Chickasaw, IA",43446
"19039","Clarke, IA",32255
"19041","Clay, IA",44683
"19043","Clayton, IA",38662
"19045","Clinton, IA",39340
"19047","Crawford, IA",42843
"19049","Dallas, IA",47740
"19051","Davis, IA",27254
"19053","Decatur, IA",27009
"19055","Delaware, IA",41861
"19057","Des Moines, IA",38869
"19059","Dickinson, IA",45680
"19061","Dubuque, IA",38886
"19063","Emmet, IA",39635
"19065","Fayette, IA",37074
"19067","Floyd, IA",38187
"19069","Franklin, IA",50311
"19071","Fremont, IA",43581
"19073","Greene, IA",46956
"19075","Grundy, IA",49783
"19077","Guthrie, IA",41971
"19079","Hamilton, IA",45945
"19081","Hancock, IA",43929
"19083","Hardin, IA",45878
"19085","Harrison, IA",41885
"19087","Henry, IA",32561
"19089","Howard, IA",40392
"19091","Humboldt, IA",45462
"19093","Ida, IA",52555
"19095","Iowa, IA",40554
"19097","Jackson, IA",36099
"19099","Jasper, IA",34457
"19101","Jefferson, IA",33544
"19103","Johnson, IA",41349
"19105","Jones, IA",33518
"19107","Keokuk, IA",39175
"19109","Kossuth, IA",52330
"19111","Lee, IA",32827
"19113","Linn, IA",43378
"19115","Louisa, IA",35508
"19117","Lucas, IA",30301
"19119","Lyon, IA",48644
"19121","Madison, IA",37816
"19123","Mahaska, IA",36013
"19125","Marion, IA",34823
"19127","Marshall, IA",36420
"19129","Mills, IA",44674
"19131","Mitchell, IA",45802
"19133","Monona, IA",41972
"19135","Monroe, IA",35680
"19137","Montgomery, IA",37834
"19139","Muscatine, IA",38104
"19141","O'Brien, IA",47412
"19143","Osceola, IA",47738
"19145","Page, IA",32716
"19147","Palo Alto, IA",47327
"19149","Plymouth, IA",47144
"19151","Pocahontas, IA",51676
"19153","Polk, IA",45336
"19155","Pottawattamie, IA",36640
"19157","Poweshiek, IA",41359
"19159","Ringgold, IA",32397
"19161","Sac, IA",50675
"19163","Scott, IA",46372
"19165","Shelby, IA",48595
"19167","Sioux, IA",42297
"19169","Story, IA",37429
"19171","Tama, IA",38615
"19173","Taylor, IA",42430
"19175","Union, IA",35339
"19177","Van Buren, IA",30057
"19179","Wapello, IA",32297
"19181","Warren, IA",40496
"19183","Washington, IA",40837
"19185","Wayne, IA",31029
"19187","Webster, IA",39467
"19189","Winnebago, IA",37507
"19191","Winneshiek, IA",39471
"19193","Woodbury, IA",34726
"19195","Worth, IA",39521
"19197","Wright, IA",50104
"20001","Allen, KS",34790
"20003","Anderson, KS",33439
"20005","Atchison, KS",31499
"20007","Barber, KS",42528
"20009","Barton, KS",38785
"20011","Bourbon, KS",30693
"20013","Brown, KS",41002
"20015","Butler, KS",37697
"20017","Chase, KS",51481
"20019","Chautauqua, KS",35669
"20021","Cherokee, KS",34084
"20023","Cheyenne, KS",42519
"20025","Clark, KS",35455
"20027","Clay, KS",44657
"20029","Cloud, KS",35515
"20031","Coffey, KS",46517
"20033","Comanche, KS",36405
"20035","Cowley, KS",32982
"20037","Crawford, KS",29542
"20039","Decatur, KS",48685
"20041","Dickinson, KS",37910
"20043","Doniphan, KS",32364
"20045","Douglas, KS",33379
"20047","Edwards, KS",55574
"20049","Elk, KS",34099
"20051","Ellis, KS",41552
"20053","Ellsworth, KS",35125
"20055","Finney, KS",33417
"20057","Ford, KS",32309
"20059","Franklin, KS",33885
"20061","Geary, KS",41409
"20063","Gove, KS",47676
"20065","Graham, KS",57090
"20067","Grant, KS",38787
"20069","Gray, KS",47114
"20071","Greeley, KS",63499
"20073","Greenwood, KS",34437
"20075","Hamilton, KS",43240
"20077","Harper, KS",46355
"20079","Harvey, KS",38254
"20081","Haskell, KS",62019
"20083","Hodgeman, KS",41348
"20085","Jackson, KS",35661
"20087","Jefferson, KS",34779
"20089","Jewell, KS",49412
"20091","Johnson, KS",56550
"20093","Kearny, KS",36346
"20095","Kingman, KS",43017
"20097","Kiowa, KS",43801
"20099","Labette, KS",35029
"20101","Lane, KS",40053
"20103","Leavenworth, KS",34360
"20105","Lincoln, KS",43313
"20107","Linn, KS",31382
"20109","Logan, KS",49477
"20111","Lyon, KS",29493
"20113","McPherson, KS",41457
"20115","Marion, KS",35248
"20117","Marshall, KS",46600
"20119","Meade, KS",45079
"20121","Miami, KS",42131
"20123","Mitchell, KS",43319
"20125","Montgomery, KS",34133
"20127","Morris, KS",35727
"20129","Morton, KS",52667
"20131","Nemaha, KS",48745
"20133","Neosho, KS",32042
"20135","Ness, KS",44307
"20137","Norton, KS",39849
"20139","Osage, KS",31807
"20141","Osborne, KS",44023
"20143","Ottawa, KS",33499
"20145","Pawnee, KS",35188
"20147","Phillips, KS",44602
"20149","Pottawatomie, KS",36131
"20151","Pratt, KS",44612
"20153","Rawlins, KS",64186
"20155","Reno, KS",33642
"20157","Republic, KS",37939
"20159","Rice, KS",31654
"20161","Riley, KS",46890
"20163","Rooks, KS",37250
"20165","Rush, KS",37344
"20167","Russell, KS",36274
"20169","Saline, KS",39910
"20171","Scott, KS",37867
"20173","Sedgwick, KS",38653
"20175","Seward, KS",30619
"20177","Shawnee, KS",38913
"20179","Sheridan, KS",61365
"20181","Sherman, KS",50602
"20183","Smith, KS",45628
"20185","Stafford, KS",43747
"20187","Stanton, KS",45210
"20189","Stevens, KS",39294
"20191","Sumner, KS",39651
"20193","Thomas, KS",43302
"20195","Trego, KS",37752
"20197","Wabaunsee, KS",34429
"20199","Wallace, KS",65411
"20201","Washington, KS",39424
"20203","Wichita, KS",45603
"20205","Wilson, KS",32535
"20207","Woodson, KS",28461
"20209","Wyandotte, KS",28836
"21001","Adair, KY",25525
"21003","Allen, KY",28088
"21005","Anderson, KY",31048
"21007","Ballard, KY",36228
"21009","Barren, KY",29128
"21011","Bath, KY",24925
"21013","Bell, KY",25656
"21015","Boone, KY",35704
"21017","Bourbon, KY",30504
"21019","Boyd, KY",33405
"21021","Boyle, KY",30686
"21023","Bracken, KY",30499
"21025","Breathitt, KY",28088
"21027","Breckinridge, KY",27404
"21029","Bullitt, KY",30533
"21031","Butler, KY",26519
"21033","Caldwell, KY",30328
"21035","Calloway, KY",29889
"21037","Campbell, KY",37531
"21039","Carlisle, KY",32236
"21041","Carroll, KY",31945
"21043","Carter, KY",25297
"21045","Casey, KY",24495
"21047","Christian, KY",32061
"21049","Clark, KY",33660
"21051","Clay, KY",24205
"21053","Clinton, KY",26424
"21055","Crittenden, KY",28682
"21057","Cumberland, KY",26104
"21059","Daviess, KY",35246
"21061","Edmonson, KY",25668
"21063","Elliott, KY",19426
"21065","Estill, KY",24043
"21067","Fayette, KY",39950
"21069","Fleming, KY",24700
"21071","Floyd, KY",31270
"21073","Franklin, KY",36091
"21075","Fulton, KY",30749
"21077","Gallatin, KY",26547
"21079","Garrard, KY",26144
"21081","Grant, KY",29743
"21083","Graves, KY",29429
"21085","Grayson, KY",25329
"21087","Green, KY",26421
"21089","Greenup, KY",36391
"21091","Hancock, KY",30440
"21093","Hardin, KY",38880
"21095","Harlan, KY",28221
"21097","Harrison, KY",28778
"21099","Hart, KY",25092
"21101","Henderson, KY",32311
"21103","Henry, KY",30890
"21105","Hickman, KY",38035
"21107","Hopkins, KY",32099
"21109","Jackson, KY",20923
"21111","Jefferson, KY",41828
"21113","Jessamine, KY",31544
"21115","Johnson, KY",27763
"21117","Kenton, KY",40219
"21119","Knott, KY",27426
"21121","Knox, KY",25949
"21123","Larue, KY",36474
"21125","Laurel, KY",27082
"21127","Lawrence, KY",26603
"21129","Lee, KY",23118
"21131","Leslie, KY",28852
"21133","Letcher, KY",28942
"21135","Lewis, KY",21251
"21137","Lincoln, KY",25212
"21139","Livingston, KY",32672
"21141","Logan, KY",31530
"21143","Lyon, KY",28634
"21145","McCracken, KY",39872
"21147","McCreary, KY",20842
"21149","McLean, KY",32674
"21151","Madison, KY",28677
"21153","Magoffin, KY",24606
"21155","Marion, KY",27671
"21157","Marshall, KY",33315
"21159","Martin, KY",26109
"21161","Mason, KY",31158
"21163","Meade, KY",39065
"21165","Menifee, KY",22752
"21167","Mercer, KY",29945
"21169","Metcalfe, KY",22574
"21171","Monroe, KY",25677
"21173","Montgomery, KY",27696
"21175","Morgan, KY",22309
"21177","Muhlenberg, KY",28429
"21179","Nelson, KY",33071
"21181","Nicholas, KY",28332
"21183","Ohio, KY",29387
"21185","Oldham, KY",44660
"21187","Owen, KY",26405
"21189","Owsley, KY",24593
"21191","Pendleton, KY",27961
"21193","Perry, KY",31458
"21195","Pike, KY",32694
"21197","Powell, KY",26527
"21199","Pulaski, KY",29043
"21201","Robertson, KY",26029
"21203","Rockcastle, KY",23865
"21205","Rowan, KY",25953
"21207","Russell, KY",28137
"21209","Scott, KY",34376
"21211","Shelby, KY",35173
"21213","Simpson, KY",31596
"21215","Spencer, KY",34806
"21217","Taylor, KY",28837
"21219","Todd, KY",27761
"21221","Trigg, KY",37352
"21223","Trimble, KY",23461
"21225","Union, KY",35767
"21227","Warren, KY",32025
"21229","Washington, KY",27502
"21231","Wayne, KY",23020
"21233","Webster, KY",32258
"21235","Whitley, KY",29500
"21237","Wolfe, KY",22829
"21239","Woodford, KY",41755
"22001","Acadia, LA",32883
"22003","Allen, LA",23979
"22005","Ascension, LA",41388
"22007","Assumption, LA",36324
"22009","Avoyelles, LA",30479
"22011","Beauregard, LA",29705
"22013","Bienville, LA",30545
"22015","Bossier, LA",36697
"22017","Caddo, LA",40810
"22019","Calcasieu, LA",36366
"22021","Caldwell, LA",29025
"22023","Cameron, LA",35114
"22025","Catahoula, LA",30655
"22027","Claiborne, LA",29515
"22029","Concordia, LA",26936
"22031","De Soto, LA",30417
"22033","East Baton Rouge, LA",41974
"22035","East Carroll, LA",31676
"22037","East Feliciana, LA",33974
"22039","Evangeline, LA",28704
"22041","Franklin, LA",28881
"22043","Grant, LA",25596
"22045","Iberia, LA",37805
"22047","Iberville, LA",32040
"22049","Jackson, LA",28722
"22051","Jefferson, LA",44821
"22053","Jefferson Davis, LA",31311
"22055","Lafayette, LA",47060
"22057","Lafourche, LA",45437
"22059","La Salle, LA",30066
"22061","Lincoln, LA",31256
"22063","Livingston, LA",31832
"22065","Madison, LA",25709
"22067","Morehouse, LA",29775
"22069","Natchitoches, LA",30307
"22071","Orleans, LA",42542
"22073","Ouachita, LA",34256
"22075","Plaquemines, LA",39919
"22077","Pointe Coupee, LA",36650
"22079","Rapides, LA",38624
"22081","Red River, LA",30084
"22083","Richland, LA",31005
"22085","Sabine, LA",28547
"22087","St. Bernard, LA",34958
"22089","St. Charles, LA",37491
"22091","St. Helena, LA",34856
"22093","St. James, LA",32266
"22095","St. John the Baptist, LA",36548
"22097","St. Landry, LA",34881
"22099","St. Martin, LA",31989
"22101","St. Mary, LA",37462
"22103","St. Tammany, LA",47508
"22105","Tangipahoa, LA",31732
"22107","Tensas, LA",38622
"22109","Terrebonne, LA",39764
"22111","Union, LA",31051
"22113","Vermilion, LA",30998
"22115","Vernon, LA",43887
"22117","Washington, LA",27527
"22119","Webster, LA",34292
"22121","West Baton Rouge, LA",37160
"22123","West Carroll, LA",23753
"22125","West Feliciana, LA",27474
"22127","Winn, LA",30005
"23001","Androscoggin, ME",36192
"23003","Aroostook, ME",32038
"23005","Cumberland, ME",47015
"23007","Franklin, ME",30757
"23009","Hancock, ME",38542
"23011","Kennebec, ME",36958
"23013","Knox, ME",38777
"23015","Lincoln, ME",40534
"23017","Oxford, ME",30999
"23019","Penobscot, ME",33940
"23021","Piscataquis, ME",32189
"23023","Sagadahoc, ME",41044
"23025","Somerset, ME",31538
"23027","Waldo, ME",32416
"23029","Washington, ME",32738
"23031","York, ME",40124
"24001","Allegany, MD",32855
"24003","Anne Arundel, MD",56270
"24005","Baltimore, MD",50926
"24009","Calvert, MD",47483
"24011","Caroline, MD",32819
"24013","Carroll, MD",45507
"24015","Cecil, MD",39689
"24017","Charles, MD",44778
"24019","Dorchester, MD",34771
"24021","Frederick, MD",46610
"24023","Garrett, MD",38463
"24025","Harford, MD",49329
"24027","Howard, MD",66300
"24029","Kent, MD",44489
"24031","Montgomery, MD",69762
"24033","Prince George's, MD",40215
"24035","Queen Anne's, MD",49605
"24037","St. Mary's, MD",44849
"24039","Somerset, MD",28387
"24041","Talbot, MD",55721
"24043","Washington, MD",37008
"24045","Wicomico, MD",34985
"24047","Worcester, MD",43987
"24510","Baltimore (Independent City), MD",42036
"25001","Barnstable, MA",55465
"25003","Berkshire, MA",44483
"25005","Bristol, MA",41884
"25007","Dukes, MA",60075
"25009","Essex, MA",53209
"25011","Franklin, MA",42588
"25013","Hampden, MA",39677
"25015","Hampshire, MA",39664
"25017","Middlesex, MA",62324
"25019","Nantucket, MA",75947
"25021","Norfolk, MA",66806
"25023","Plymouth, MA",50968
"25025","Suffolk, MA",55472
"25027","Worcester, MA",45548
"26001","Alcona, MI",29209
"26003","Alger, MI",25518
"26005","Allegan, MI",33565
"26007","Alpena, MI",33612
"26009","Antrim, MI",32587
"26011","Arenac, MI",30335
"26013","Baraga, MI",25943
"26015","Barry, MI",33268
"26017","Bay, MI",33737
"26019","Benzie, MI",31079
"26021","Berrien, MI",35830
"26023","Branch, MI",28098
"26025","Calhoun, MI",33541
"26027","Cass, MI",35027
"26029","Charlevoix, MI",36361
"26031","Cheboygan, MI",29533
"26033","Chippewa, MI",26977
"26035","Clare, MI",28297
"26037","Clinton, MI",35926
"26039","Crawford, MI",27501
"26041","Delta, MI",32175
"26043","Dickinson, MI",37594
"26045","Eaton, MI",33655
"26047","Emmet, MI",39842
"26049","Genesee, MI",31057
"26051","Gladwin, MI",26853
"26053","Gogebic, MI",29454
"26055","Grand Traverse, MI",36894
"26057","Gratiot, MI",30647
"26059","Hillsdale, MI",28481
"26061","Houghton, MI",27169
"26063","Huron, MI",40336
"26065","Ingham, MI",34450
"26067","Ionia, MI",26781
"26069","Iosco, MI",28245
"26071","Iron, MI",33002
"26073","Isabella, MI",27960
"26075","Jackson, MI",31396
"26077","Kalamazoo, MI",35933
"26079","Kalkaska, MI",27137
"26081","Kent, MI",36589
"26083","Keweenaw, MI",36886
"26085","Lake, MI",27668
"26087","Lapeer, MI",31825
"26089","Leelanau, MI",43978
"26091","Lenawee, MI",32611
"26093","Livingston, MI",40677
"26095","Luce, MI",24492
"26097","Mackinac, MI",33675
"26099","Macomb, MI",35717
"26101","Manistee, MI",29901
"26103","Marquette, MI",32555
"26105","Mason, MI",31659
"26107","Mecosta, MI",27328
"26109","Menominee, MI",31871
"26111","Midland, MI",43446
"26113","Missaukee, MI",26591
"26115","Monroe, MI",35647
"26117","Montcalm, MI",25160
"26119","Montmorency, MI",27993
"26121","Muskegon, MI",29766
"26123","Newaygo, MI",28371
"26125","Oakland, MI",53297
"26127","Oceana, MI",31836
"26129","Ogemaw, MI",27435
"26131","Ontonagon, MI",29514
"26133","Osceola, MI",26782
"26135","Oscoda, MI",25348
"26137","Otsego, MI",30030
"26139","Ottawa, MI",33777
"26141","Presque Isle, MI",29450
"26143","Roscommon, MI",29948
"26145","Saginaw, MI",32007
"26147","St. Clair, MI",33459
"26149","St. Joseph, MI",29826
"26151","Sanilac, MI",32193
"26153","Schoolcraft, MI",30598
"26155","Shiawassee, MI",29422
"26157","Tuscola, MI",28341
"26159","Van Buren, MI",31013
"26161","Washtenaw, MI",40821
"26163","Wayne, MI",34012
"26165","Wexford, MI",27661
"27001","Aitkin, MN",30949
"27003","Anoka, MN",39850
"27005","Becker, MN",36998
"27007","Beltrami, MN",31834
"27009","Benton, MN",34270
"27011","Big Stone, MN",39621
"27013","Blue Earth, MN",36808
"27015","Brown, MN",39204
"27017","Carlton, MN",31902
"27019","Carver, MN",57830
"27021","Cass, MN",37649
"27023","Chippewa, MN",46031
"27025","Chisago, MN",35160
"27027","Clay, MN",35448
"27029","Clearwater, MN",29583
"27031","Cook, MN",41004
"27033","Cottonwood, MN",43027
"27035","Crow Wing, MN",33640
"27037","Dakota, MN",46299
"27039","Dodge, MN",38067
"27041","Douglas, MN",37703
"27043","Faribault, MN",46913
"27045","Fillmore, MN",38185
"27047","Freeborn, MN",39052
"27049","Goodhue, MN",42377
"27051","Grant, MN",40436
"27053","Hennepin, MN",57476
"27055","Houston, MN",40554
"27057","Hubbard, MN",32013
"27059","Isanti, MN",36544
"27061","Itasca, MN",33604
"27063","Jackson, MN",49666
"27065","Kanabec, MN",30917
"27067","Kandiyohi, MN",42769
"27069","Kittson, MN",43914
"27071","Koochiching, MN",35855
"27073","Lac qui Parle, MN",47448
"27075","Lake, MN",41505
"27077","Lake of the Woods, MN",33091
"27079","Le Sueur, MN",37608
"27081","Lincoln, MN",41559
"27083","Lyon, MN",40343
"27085","McLeod, MN",36359
"27087","Mahnomen, MN",30580
"27089","Marshall, MN",41968
"27091","Martin, MN",45532
"27093","Meeker, MN",35304
"27095","Mille Lacs, MN",28941
"27097","Morrison, MN",33985
"27099","Mower, MN",40268
"27101","Murray, MN",50384
"27103","Nicollet, MN",38630
"27105","Nobles, MN",41549
"27107","Norman, MN",42495
"27109","Olmsted, MN",45721
"27111","Otter Tail, MN",36781
"27113","Pennington, MN",42781
"27115","Pine, MN",28707
"27117","Pipestone, MN",43131
"27119","Polk, MN",38824
"27121","Pope, MN",43039
"27123","Ramsey, MN",45365
"27125","Red Lake, MN",35695
"27127","Redwood, MN",42779
"27129","Renville, MN",42832
"27131","Rice, MN",32631
"27133","Rock, MN",45457
"27135","Roseau, MN",40638
"27137","St. Louis, MN",38059
"27139","Scott, MN",45400
"27141","Sherburne, MN",33474
"27143","Sibley, MN",39205
"27145","Stearns, MN",35504
"27147","Steele, MN",39554
"27149","Stevens, MN",43547
"27151","Swift, MN",39923
"27153","Todd, MN",30838
"27155","Traverse, MN",46368
"27157","Wabasha, MN",39457
"27159","Wadena, MN",30456
"27161","Waseca, MN",38159
"27163","Washington, MN",49523
"27165","Watonwan, MN",39074
"27167","Wilkin, MN",42437
"27169","Winona, MN",35049
"27171","Wright, MN",37196
"27173","Yellow Medicine, MN",42986
"28001","Adams, MS",32709
"28003","Alcorn, MS",27844
"28005","Amite, MS",28802
"28007","Attala, MS",26452
"28009","Benton, MS",22063
"28011","Bolivar, MS",32106
"28013","Calhoun, MS",26712
"28015","Carroll, MS",34634
"28017","Chickasaw, MS",28711
"28019","Choctaw, MS",25845
"28021","Claiborne, MS",27804
"28023","Clarke, MS",26603
"28025","Clay, MS",29417
"28027","Coahoma, MS",32607
"28029","Copiah, MS",24552
"28031","Covington, MS",28192
"28033","DeSoto, MS",33737
"28035","Forrest, MS",30198
"28037","Franklin, MS",26564
"28039","George, MS",25477
"28041","Greene, MS",22950
"28043","Grenada, MS",30231
"28045","Hancock, MS",33515
"28047","Harrison, MS",35878
"28049","Hinds, MS",35473
"28051","Holmes, MS",27815
"28053","Humphreys, MS",28808
"28055","Issaquena, MS",43298
"28057","Itawamba, MS",29915
"28059","Jackson, MS",35748
"28061","Jasper, MS",28754
"28063","Jefferson, MS",25373
"28065","Jefferson Davis, MS",27030
"28067","Jones, MS",33432
"28069","Kemper, MS",27363
"28071","Lafayette, MS",32345
"28073","Lamar, MS",34386
"28075","Lauderdale, MS",32582
"28077","Lawrence, MS",30941
"28079","Leake, MS",24224
"28081","Lee, MS",34432
"28083","Leflore, MS",30888
"28085","Lincoln, MS",27516
"28087","Lowndes, MS",33905
"28089","Madison, MS",50233
"28091","Marion, MS",28384
"28093","Marshall, MS",26236
"28095","Monroe, MS",28516
"28097","Montgomery, MS",28464
"28099","Neshoba, MS",33776
"28101","Newton, MS",27802
"28103","Noxubee, MS",25904
"28105","Oktibbeha, MS",28340
"28107","Panola, MS",27658
"28109","Pearl River, MS",28453
"28111","Perry, MS",22981
"28113","Pike, MS",27361
"28115","Pontotoc, MS",26798
"28117","Prentiss, MS",24871
"28119","Quitman, MS",28582
"28121","Rankin, MS",36317
"28123","Scott, MS",26026
"28125","Sharkey, MS",31188
"28127","Simpson, MS",31689
"28129","Smith, MS",25192
"28131","Stone, MS",28199
"28133","Sunflower, MS",26969
"28135","Tallahatchie, MS",25187
"28137","Tate, MS",28643
"28139","Tippah, MS",26657
"28141","Tishomingo, MS",24681
"28143","Tunica, MS",30943
"28145","Union, MS",28858
"28147","Walthall, MS",24971
"28149","Warren, MS",36792
"28151","Washington, MS",31412
"28153","Wayne, MS",27555
"28155","Webster, MS",25098
"28157","Wilkinson, MS",24685
"28159","Winston, MS",26491
"28161","Yalobusha, MS",30303
"28163","Yazoo, MS",26280
"29001","Adair, MO",27321
"29003","Andrew, MO",44465
"29005","Atchison, MO",41250
"29007","Audrain, MO",31899
"29009","Barry, MO",30278
"29011","Barton, MO",28823
"29013","Bates, MO",32429
"29015","Benton, MO",28794
"29017","Bollinger, MO",26746
"29019","Boone, MO",37409
"29021","Buchanan, MO",33732
"29023","Butler, MO",34612
"29025","Caldwell, MO",36370
"29027","Callaway, MO",28697
"29029","Camden, MO",32827
"29031","Cape Girardeau, MO",35792
"29033","Carroll, MO",36552
"29035","Carter, MO",25973
"29037","Cass, MO",35244
"29039","Cedar, MO",26954
"29041","Chariton, MO",38985
"29043","Christian, MO",32014
"29045","Clark, MO",31779
"29047","Clay, MO",38213
"29049","Clinton, MO",35628
"29051","Cole, MO",40147
"29053","Cooper, MO",30790
"29055","Crawford, MO",30648
"29057","Dade, MO",26265
"29059","Dallas, MO",28709
"29061","Daviess, MO",29450
"29063","DeKalb, MO",24697
"29065","Dent, MO",28436
"29067","Douglas, MO",25460
"29069","Dunklin, MO",31855
"29071","Franklin, MO",35811
"29073","Gasconade, MO",31594
"29075","Gentry, MO",34887
"29077","Greene, MO",35429
"29079","Grundy, MO",31707
"29081","Harrison, MO",31304
"29083","Henry, MO",32287
"29085","Hickory, MO",22819
"29087","Holt, MO",36631
"29089","Howard, MO",36385
"29091","Howell, MO",27555
"29093","Iron, MO",27272
"29095","Jackson, MO",40564
"29097","Jasper, MO",29709
"29099","Jefferson, MO",34681
"29101","Johnson, MO",29639
"29103","Knox, MO",31360
"29105","Laclede, MO",27424
"29107","Lafayette, MO",37831
"29109","Lawrence, MO",26896
"29111","Lewis, MO",29094
"29113","Lincoln, MO",30310
"29115","Linn, MO",32343
"29117","Livingston, MO",32776
"29119","McDonald, MO",24849
"29121","Macon, MO",31164
"29123","Madison, MO",27258
"29125","Maries, MO",31954
"29127","Marion, MO",34200
"29129","Mercer, MO",27364
"29131","Miller, MO",27262
"29133","Mississippi, MO",27683
"29135","Moniteau, MO",32019
"29137","Monroe, MO",31604
"29139","Montgomery, MO",31609
"29141","Morgan, MO",29580
"29143","New Madrid, MO",32065
"29145","Newton, MO",34854
"29147","Nodaway, MO",27114
"29149","Oregon, MO",24768
"29151","Osage, MO",35100
"29153","Ozark, MO",25491
"29155","Pemiscot, MO",33937
"29157","Perry, MO",30747
"29159","Pettis, MO",31806
"29161","Phelps, MO",31287
"29163","Pike, MO",29756
"29165","Platte, MO",44561
"29167","Polk, MO",27154
"29169","Pulaski, MO",41655
"29171","Putnam, MO",28131
"29173","Ralls, MO",33785
"29175","Randolph, MO",32687
"29177","Ray, MO",36311
"29179","Reynolds, MO",26915
"29181","Ripley, MO",25807
"29183","St. Charles, MO",41257
"29185","St. Clair, MO",27128
"29186","Ste. Genevieve, MO",33652
"29187","St. Francois, MO",27886
"29189","St. Louis, MO",52783
"29195","Saline, MO",37154
"29197","Schuyler, MO",25902
"29199","Scotland, MO",29645
"29201","Scott, MO",36219
"29203","Shannon, MO",22152
"29205","Shelby, MO",34336
"29207","Stoddard, MO",33574
"29209","Stone, MO",33231
"29211","Sullivan, MO",33965
"29213","Taney, MO",27214
"29215","Texas, MO",24362
"29217","Vernon, MO",31011
"29219","Warren, MO",33708
"29221","Washington, MO",25481
"29223","Wayne, MO",25778
"29225","Webster, MO",27266
"29227","Worth, MO",29600
"29229","Wright, MO",24580
"29510","St. Louis (Independent City), MO",37232
"30001","Beaverhead, MT",33476
"30003","Big Horn, MT",26805
"30005","Blaine, MT",28380
"30007","Broadwater, MT",28067
"30009","Carbon, MT",35892
"30011","Carter, MT",28451
"30013","Cascade, MT",39448
"30015","Chouteau, MT",36262
"30017","Custer, MT",34680
"30019","Daniels, MT",49635
"30021","Dawson, MT",33016
"30023","Deer Lodge, MT",29234
"30025","Fallon, MT",41468
"30027","Fergus, MT",34428
"30029","Flathead, MT",35875
"30031","Gallatin, MT",36735
"30033","Garfield, MT",29842
"30035","Glacier, MT",29900
"30037","Golden Valley, MT",40629
"30039","Granite, MT",31808
"30041","Hill, MT",38444
"30043","Jefferson, MT",39223
"30045","Judith Basin, MT",38102
"30047","Lake, MT",27536
"30049","Lewis and Clark, MT",38890
"30051","Liberty, MT",36590
"30053","Lincoln, MT",27978
"30055","McCone, MT",33118
"30057","Madison, MT",35821
"30059","Meagher, MT",32421
"30061","Mineral, MT",27895
"30063","Missoula, MT",35190
"30065","Musselshell, MT",30830
"30067","Park, MT",35935
"30069","Petroleum, MT",32699
"30071","Phillips, MT",34455
"30073","Pondera, MT",38174
"30075","Powder River, MT",28737
"30077","Powell, MT",27022
"30079","Prairie, MT",33206
"30081","Ravalli, MT",30955
"30083","Richland, MT",51183
"30085","Roosevelt, MT",29318
"30087","Rosebud, MT",36846
"30089","Sanders, MT",26061
"30091","Sheridan, MT",43298
"30093","Silver Bow, MT",38666
"30095","Stillwater, MT",36866
"30097","Sweet Grass, MT",28862
"30099","Teton, MT",40181
"30101","Toole, MT",42122
"30103","Treasure, MT",37003
"30105","Valley, MT",39153
"30107","Wheatland, MT",31128
"30109","Wibaux, MT",23622
"30111","Yellowstone, MT",39640
"31001","Adams, NE",39483
"31003","Antelope, NE",61552
"31005","Arthur, NE",33343
"31007","Banner, NE",56545
"31009","Blaine, NE",41044
"31011","Boone, NE",53006
"31013","Box Butte, NE",38572
"31015","Boyd, NE",45714
"31017","Brown, NE",38447
"31019","Buffalo, NE",38327
"31021","Burt, NE",43196
"31023","Butler, NE",47805
"31025","Cass, NE",41991
"31027","Cedar, NE",54235
"31029","Chase, NE",43040
"31031","Cherry, NE",39813
"31033","Cheyenne, NE",46811
"31035","Clay, NE",50910
"31037","Colfax, NE",38217
"31039","Cuming, NE",51821
"31041","Custer, NE",44511
"31043","Dakota, NE",29320
"31045","Dawes, NE",31015
"31047","Dawson, NE",33320
"31049","Deuel, NE",35962
"31051","Dixon, NE",35926
"31053","Dodge, NE",38292
"31055","Douglas, NE",47008
"31057","Dundy, NE",57082
"31059","Fillmore, NE",57011
"31061","Franklin, NE",44576
"31063","Frontier, NE",48963
"31065","Furnas, NE",45679
"31067","Gage, NE",40942
"31069","Garden, NE",52007
"31071","Garfield, NE",37618
"31073","Gosper, NE",54274
"31075","Grant, NE",29465
"31077","Greeley, NE",39276
"31079","Hall, NE",37324
"31081","Hamilton, NE",50112
"31083","Harlan, NE",48857
"31085","Hayes, NE",67595
"31087","Hitchcock, NE",39593
"31089","Holt, NE",49972
"31091","Hooker, NE",32956
"31093","Howard, NE",40780
"31095","Jefferson, NE",41640
"31097","Johnson, NE",32247
"31099","Kearney, NE",53989
"31101","Keith, NE",37553
"31103","Keya Paha, NE",51993
"31105","Kimball, NE",43713
"31107","Knox, NE",39745
"31109","Lancaster, NE",38833
"31111","Lincoln, NE",42175
"31113","Logan, NE",50845
"31115","Loup, NE",28421
"31117","McPherson, NE",26304
"31119","Madison, NE",37372
"31121","Merrick, NE",39751
"31123","Morrill, NE",50169
"31125","Nance, NE",45194
"31127","Nemaha, NE",40958
"31129","Nuckolls, NE",47318
"31131","Otoe, NE",38340
"31133","Pawnee, NE",41131
"31135","Perkins, NE",59282
"31137","Phelps, NE",47148
"31139","Pierce, NE",42209
"31141","Platte, NE",39552
"31143","Polk, NE",52414
"31145","Red Willow, NE",38771
"31147","Richardson, NE",39115
"31149","Rock, NE",41390
"31151","Saline, NE",36735
"31153","Sarpy, NE",41865
"31155","Saunders, NE",42072
"31157","Scotts Bluff, NE",36372
"31159","Seward, NE",42216
"31161","Sheridan, NE",38279
"31163","Sherman, NE",37424
"31165","Sioux, NE",44751
"31167","Stanton, NE",43000
"31169","Thayer, NE",47098
"31171","Thomas, NE",36479
"31173","Thurston, NE",40302
"31175","Valley, NE",46084
"31177","Washington, NE",43059
"31179","Wayne, NE",38598
"31181","Webster, NE",40093
"31183","Wheeler, NE",49628
"31185","York, NE",46278
"32001","Churchill, NV",42281
"32003","Clark, NV",35680
"32005","Douglas, NV",52266
"32007","Elko, NV",40150
"32009","Esmeralda, NV",39730
"32011","Eureka, NV",38071
"32013","Humboldt, NV",43022
"32015","Lander, NV",45370
"32017","Lincoln, NV",22587
"32019","Lyon, NV",27835
"32021","Mineral, NV",35226
"32023","Nye, NV",31656
"32027","Pershing, NV",25772
"32029","Storey, NV",33924
"32031","Washoe, NV",41790
"32033","White Pine, NV",39955
"32510","Carson City (Independent City), NV",39833
"33001","Belknap, NH",41995
"33003","Carroll, NH",42612
"33005","Cheshire, NH",40875
"33007","Coos, NH",35019
"33009","Grafton, NH",45522
"33011","Hillsborough, NH",47981
"33013","Merrimack, NH",43548
"33015","Rockingham, NH",52861
"33017","Strafford, NH",37442
"33019","Sullivan, NH",37559
"34001","Atlantic, NJ",40262
"34003","Bergen, NJ",66096
"34005","Burlington, NJ",48318
"34007","Camden, NJ",43099
"34009","Cape May, NJ",48694
"34011","Cumberland, NJ",35272
"34013","Essex, NJ",52956
"34015","Gloucester, NJ",42228
"34017","Hudson, NJ",47377
"34019","Hunterdon, NJ",67710
"34021","Mercer, NJ",54445
"34023","Middlesex, NJ",49203
"34025","Monmouth, NJ",58355
"34027","Morris, NJ",71730
"34029","Ocean, NJ",40724
"34031","Passaic, NJ",43209
"34033","Salem, NJ",40847
"34035","Somerset, NJ",73011
"34037","Sussex, NJ",49782
"34039","Union, NJ",51860
"34041","Warren, NJ",44938
"35001","Bernalillo, NM",36233
"35003","Catron, NM",29113
"35005","Chaves, NM",30319
"35006","Cibola, NM",25965
"35007","Colfax, NM",34359
"35009","Curry, NM",39844
"35011","De Baca, NM",37454
"35013","Dona Ana, NM",29963
"35015","Eddy, NM",41539
"35017","Grant, NM",32854
"35019","Guadalupe, NM",26426
"35021","Harding, NM",48067
"35023","Hidalgo, NM",32425
"35025","Lea, NM",37898
"35027","Lincoln, NM",32309
"35028","Los Alamos, NM",60719
"35029","Luna, NM",29338
"35031","McKinley, NM",24079
"35033","Mora, NM",27908
"35035","Otero, NM",30154
"35037","Quay, NM",33385
"35039","Rio Arriba, NM",28888
"35041","Roosevelt, NM",32595
"35043","Sandoval, NM",32931
"35045","San Juan, NM",31373
"35047","San Miguel, NM",31366
"35049","Santa Fe, NM",43325
"35051","Sierra, NM",32974
"35053","Socorro, NM",30462
"35055","Taos, NM",31119
"35057","Torrance, NM",30439
"35059","Union, NM",25986
"35061","Valencia, NM",28921
"36001","Albany, NY",48284
"36003","Allegany, NY",28206
"36005","Bronx, NY",31788
"36007","Broome, NY",35963
"36009","Cattaraugus, NY",34696
"36011","Cayuga, NY",34061
"36013","Chautauqua, NY",31664
"36015","Chemung, NY",35517
"36017","Chenango, NY",33838
"36019","Clinton, NY",34029
"36021","Columbia, NY",42007
"36023","Cortland, NY",31972
"36025","Delaware, NY",32373
"36027","Dutchess, NY",45521
"36029","Erie, NY",41245
"36031","Essex, NY",34381
"36033","Franklin, NY",29794
"36035","Fulton, NY",35529
"36037","Genesee, NY",33826
"36039","Greene, NY",36848
"36041","Hamilton, NY",41750
"36043","Herkimer, NY",33060
"36045","Jefferson, NY",45418
"36047","Kings, NY",39351
"36049","Lewis, NY",32809
"36051","Livingston, NY",32361
"36053","Madison, NY",33663
"36055","Monroe, NY",43894
"36057","Montgomery, NY",32882
"36059","Nassau, NY",67776
"36061","New York, NY",121301
"36063","Niagara, NY",35345
"36065","Oneida, NY",36049
"36067","Onondaga, NY",41389
"36069","Ontario, NY",41834
"36071","Orange, NY",40066
"36073","Orleans, NY",29691
"36075","Oswego, NY",31275
"36077","Otsego, NY",33414
"36079","Putnam, NY",53781
"36081","Queens, NY",42017
"36083","Rensselaer, NY",39716
"36085","Richmond, NY",48486
"36087","Rockland, NY",53787
"36089","St. Lawrence, NY",29256
"36091","Saratoga, NY",46637
"36093","Schenectady, NY",43348
"36095","Schoharie, NY",35530
"36097","Schuyler, NY",35317
"36099","Seneca, NY",33783
"36101","Steuben, NY",37278
"36103","Suffolk, NY",52350
"36105","Sullivan, NY",37457
"36107","Tioga, NY",36097
"36109","Tompkins, NY",36263
"36111","Ulster, NY",39589
"36113","Warren, NY",40649
"36115","Washington, NY",33639
"36117","Wayne, NY",35832
"36119","Westchester, NY",75855
"36121","Wyoming, NY",31359
"36123","Yates, NY",32110
"37001","Alamance, NC",31363
"37003","Alexander, NC",30499
"37005","Alleghany, NC",31158
"37007","Anson, NC",24417
"37009","Ashe, NC",28431
"37011","Avery, NC",28939
"37013","Beaufort, NC",32737
"37015","Bertie, NC",29262
"37017","Bladen, NC",29135
"37019","Brunswick, NC",33375
"37021","Buncombe, NC",34467
"37023","Burke, NC",30084
"37025","Cabarrus, NC",35561
"37027","Caldwell, NC",27261
"37029","Camden, NC",37353
"37031","Carteret, NC",39174
"37033","Caswell, NC",31326
"37035","Catawba, NC",33320
"37037","Chatham, NC",48191
"37039","Cherokee, NC",25751
"37041","Chowan, NC",32765
"37043","Clay, NC",27642
"37045","Cleveland, NC",31046
"37047","Columbus, NC",28491
"37049","Craven, NC",36610
"37051","Cumberland, NC",44678
"37053","Currituck, NC",39949
"37055","Dare, NC",38633
"37057","Davidson, NC",33121
"37059","Davie, NC",35863
"37061","Duplin, NC",28142
"37063","Durham, NC",38654
"37065","Edgecombe, NC",27218
"37067","Forsyth, NC",38003
"37069","Franklin, NC",29670
"37071","Gaston, NC",33275
"37073","Gates, NC",27020
"37075","Graham, NC",25099
"37077","Granville, NC",28605
"37079","Greene, NC",26317
"37081","Guilford, NC",37990
"37083","Halifax, NC",29674
"37085","Harnett, NC",29247
"37087","Haywood, NC",31496
"37089","Henderson, NC",35853
"37091","Hertford, NC",27208
"37093","Hoke, NC",33868
"37095","Hyde, NC",29572
"37097","Iredell, NC",33556
"37099","Jackson, NC",28218
"37101","Johnston, NC",34149
"37103","Jones, NC",34983
"37105","Lee, NC",32815
"37107","Lenoir, NC",32022
"37109","Lincoln, NC",34275
"37111","McDowell, NC",26114
"37113","Macon, NC",30248
"37115","Madison, NC",28579
"37117","Martin, NC",30613
"37119","Mecklenburg, NC",45610
"37121","Mitchell, NC",27345
"37123","Montgomery, NC",28145
"37125","Moore, NC",38477
"37127","Nash, NC",33807
"37129","New Hanover, NC",36108
"37131","Northampton, NC",29282
"37133","Onslow, NC",46163
"37135","Orange, NC",48683
"37137","Pamlico, NC",36883
"37139","Pasquotank, NC",28673
"37141","Pender, NC",30907
"37143","Perquimans, NC",30207
"37145","Person, NC",29386
"37147","Pitt, NC",32841
"37149","Polk, NC",37190
"37151","Randolph, NC",29385
"37153","Richmond, NC",27560
"37155","Robeson, NC",24834
"37157","Rockingham, NC",30868
"37159","Rowan, NC",29792
"37161","Rutherford, NC",25640
"37163","Sampson, NC",29426
"37165","Scotland, NC",28364
"37167","Stanly, NC",30227
"37169","Stokes, NC",30062
"37171","Surry, NC",29962
"37173","Swain, NC",28132
"37175","Transylvania, NC",30703
"37177","Tyrrell, NC",25193
"37179","Union, NC",35552
"37181","Vance, NC",29621
"37183","Wake, NC",42555
"37185","Warren, NC",24921
"37187","Washington, NC",29830
"37189","Watauga, NC",29648
"37191","Wayne, NC",31245
"37193","Wilkes, NC",31575
"37195","Wilson, NC",33170
"37197","Yadkin, NC",30142
"37199","Yancey, NC",26404
"38001","Adams, ND",49254
"38003","Barnes, ND",48021
"38005","Benson, ND",41871
"38007","Billings, ND",76798
"38009","Bottineau, ND",44061
"38011","Bowman, ND",56727
"38013","Burke, ND",45780
"38015","Burleigh, ND",43731
"38017","Cass, ND",45602
"38019","Cavalier, ND",71812
"38021","Dickey, ND",60747
"38023","Divide, ND",39000
"38025","Dunn, ND",60987
"38027","Eddy, ND",43729
"38029","Emmons, ND",55728
"38031","Foster, ND",48799
"38033","Golden Valley, ND",26292
"38035","Grand Forks, ND",39646
"38037","Grant, ND",59324
"38039","Griggs, ND",47530
"38041","Hettinger, ND",48181
"38043","Kidder, ND",45267
"38045","LaMoure, ND",74875
"38047","Logan, ND",60819
"38049","McHenry, ND",35784
"38051","McIntosh, ND",54392
"38053","McKenzie, ND",63961
"38055","McLean, ND",49538
"38057","Mercer, ND",45907
"38059","Morton, ND",38680
"38061","Mountrail, ND",63207
"38063","Nelson, ND",60893
"38065","Oliver, ND",56062
"38067","Pembina, ND",54451
"38069","Pierce, ND",45351
"38071","Ramsey, ND",46193
"38073","Ransom, ND",45557
"38075","Renville, ND",45209
"38077","Richland, ND",46527
"38079","Rolette, ND",29462
"38081","Sargent, ND",57283
"38083","Sheridan, ND",60644
"38085","Sioux, ND",26787
"38087","Slope, ND",55670
"38089","Stark, ND",54750
"38091","Steele, ND",61834
"38093","Stutsman, ND",43271
"38095","Towner, ND",61108
"38097","Traill, ND",46310
"38099","Walsh, ND",43699
"38101","Ward, ND",45976
"38103","Wells, ND",59198
"38105","Williams, ND",81170
"39001","Adams, OH",26909
"39003","Allen, OH",31750
"39005","Ashland, OH",29422
"39007","Ashtabula, OH",31339
"39009","Athens, OH",27296
"39011","Auglaize, OH",38647
"39013","Belmont, OH",31286
"39015","Brown, OH",30492
"39017","Butler, OH",36590
"39019","Carroll, OH",27044
"39021","Champaign, OH",31300
"39023","Clark, OH",34777
"39025","Clermont, OH",36038
"39027","Clinton, OH",32027
"39029","Columbiana, OH",30590
"39031","Coshocton, OH",29730
"39033","Crawford, OH",31286
"39035","Cuyahoga, OH",43735
"39037","Darke, OH",34325
"39039","Defiance, OH",33323
"39041","Delaware, OH",58470
"39043","Erie, OH",38161
"39045","Fairfield, OH",33569
"39047","Fayette, OH",34264
"39049","Franklin, OH",39646
"39051","Fulton, OH",35211
"39053","Gallia, OH",31680
"39055","Geauga, OH",51165
"39057","Greene, OH",37842
"39059","Guernsey, OH",29955
"39061","Hamilton, OH",46881
"39063","Hancock, OH",39523
"39065","Hardin, OH",29271
"39067","Harrison, OH",28485
"39069","Henry, OH",35491
"39071","Highland, OH",27630
"39073","Hocking, OH",28208
"39075","Holmes, OH",27523
"39077","Huron, OH",31612
"39079","Jackson, OH",28212
"39081","Jefferson, OH",31742
"39083","Knox, OH",31917
"39085","Lake, OH",40351
"39087","Lawrence, OH",30595
"39089","Licking, OH",37491
"39091","Logan, OH",34452
"39093","Lorain, OH",36283
"39095","Lucas, OH",35900
"39097","Madison, OH",35311
"39099","Mahoning, OH",35012
"39101","Marion, OH",32179
"39103","Medina, OH",40843
"39105","Meigs, OH",25404
"39107","Mercer, OH",37992
"39109","Miami, OH",37021
"39111","Monroe, OH",30270
"39113","Montgomery, OH",37684
"39115","Morgan, OH",24460
"39117","Morrow, OH",30646
"39119","Muskingum, OH",31140
"39121","Noble, OH",20686
"39123","Ottawa, OH",39553
"39125","Paulding, OH",32059
"39127","Perry, OH",25573
"39129","Pickaway, OH",32617
"39131","Pike, OH",29322
"39133","Portage, OH",36260
"39135","Preble, OH",33188
"39137","Putnam, OH",36656
"39139","Richland, OH",30714
"39141","Ross, OH",30110
"39143","Sandusky, OH",33170
"39145","Scioto, OH",28888
"39147","Seneca, OH",31506
"39149","Shelby, OH",33980
"39151","Stark, OH",35330
"39153","Summit, OH",41135
"39155","Trumbull, OH",31826
"39157","Tuscarawas, OH",30337
"39159","Union, OH",35851
"39161","Van Wert, OH",36207
"39163","Vinton, OH",25029
"39165","Warren, OH",42818
"39167","Washington, OH",33785
"39169","Wayne, OH",30765
"39171","Williams, OH",33278
"39173","Wood, OH",37190
"39175","Wyandot, OH",33865
"40001","Adair, OK",22364
"40003","Alfalfa, OK",31281
"40005","Atoka, OK",26926
"40007","Beaver, OK",39679
"40009","Beckham, OK",36616
"40011","Blaine, OK",31914
"40013","Bryan, OK",28891
"40015","Caddo, OK",27785
"40017","Canadian, OK",39501
"40019","Carter, OK",37462
"40021","Cherokee, OK",29135
"40023","Choctaw, OK",28261
"40025","Cimarron, OK",40446
"40027","Cleveland, OK",36275
"40029","Coal, OK",27568
"40031","Comanche, OK",36985
"40033","Cotton, OK",35436
"40035","Craig, OK",30870
"40037","Creek, OK",32787
"40039","Custer, OK",36300
"40041","Delaware, OK",30595
"40043","Dewey, OK",38370
"40045","Ellis, OK",40112
"40047","Garfield, OK",39803
"40049","Garvin, OK",34929
"40051","Grady, OK",30979
"40053","Grant, OK",38867
"40055","Greer, OK",27442
"40057","Harmon, OK",29627
"40059","Harper, OK",32965
"40061","Haskell, OK",30752
"40063","Hughes, OK",27480
"40065","Jackson, OK",32331
"40067","Jefferson, OK",27564
"40069","Johnston, OK",27730
"40071","Kay, OK",35894
"40073","Kingfisher, OK",38596
"40075","Kiowa, OK",29867
"40077","Latimer, OK",32434
"40079","Le Flore, OK",27423
"40081","Lincoln, OK",29695
"40083","Logan, OK",38467
"40085","Love, OK",39308
"40087","McClain, OK",43239
"40089","McCurtain, OK",28209
"40091","McIntosh, OK",29949
"40093","Major, OK",37922
"40095","Marshall, OK",27278
"40097","Mayes, OK",28643
"40099","Murray, OK",35796
"40101","Muskogee, OK",31639
"40103","Noble, OK",30858
"40105","Nowata, OK",29210
"40107","Okfuskee, OK",23822
"40109","Oklahoma, OK",42480
"40111","Okmulgee, OK",29574
"40113","Osage, OK",35513
"40115","Ottawa, OK",32179
"40117","Pawnee, OK",30823
"40119","Payne, OK",32356
"40121","Pittsburg, OK",33191
"40123","Pontotoc, OK",34445
"40125","Pottawatomie, OK",33366
"40127","Pushmataha, OK",28790
"40129","Roger Mills, OK",36470
"40131","Rogers, OK",36826
"40133","Seminole, OK",30602
"40135","Sequoyah, OK",27649
"40137","Stephens, OK",38344
"40139","Texas, OK",34214
"40141","Tillman, OK",24853
"40143","Tulsa, OK",46804
"40145","Wagoner, OK",33686
"40147","Washington, OK",44131
"40149","Washita, OK",31487
"40151","Woods, OK",35404
"40153","Woodward, OK",41287
"41001","Baker, OR",30608
"41003","Benton, OR",38677
"41005","Clackamas, OR",45915
"41007","Clatsop, OR",35021
"41009","Columbia, OR",33907
"41011","Coos, OR",32443
"41013","Crook, OR",30496
"41015","Curry, OR",31907
"41017","Deschutes, OR",37084
"41019","Douglas, OR",31222
"41021","Gilliam, OR",36126
"41023","Grant, OR",30473
"41025","Harney, OR",28862
"41027","Hood River, OR",35441
"41029","Jackson, OR",34602
"41031","Jefferson, OR",27875
"41033","Josephine, OR",30103
"41035","Klamath, OR",29961
"41037","Lake, OR",32193
"41039","Lane, OR",34561
"41041","Lincoln, OR",34228
"41043","Linn, OR",30083
"41045","Malheur, OR",24892
"41047","Marion, OR",33841
"41049","Morrow, OR",38029
"41051","Multnomah, OR",41658
"41053","Polk, OR",31437
"41055","Sherman, OR",55157
"41057","Tillamook, OR",34194
"41059","Umatilla, OR",30701
"41061","Union, OR",32033
"41063","Wallowa, OR",34098
"41065","Wasco, OR",34878
"41067","Washington, OR",42639
"41069","Wheeler, OR",28780
"41071","Yamhill, OR",33980
"42001","Adams, PA",33360
"42003","Allegheny, PA",48812
"42005","Armstrong, PA",34094
"42007","Beaver, PA",38025
"42009","Bedford, PA",31564
"42011","Berks, PA",37675
"42013","Blair, PA",34511
"42015","Bradford, PA",33462
"42017","Bucks, PA",54609
"42019","Butler, PA",43876
"42021","Cambria, PA",32810
"42023","Cameron, PA",33642
"42025","Carbon, PA",32394
"42027","Centre, PA",35347
"42029","Chester, PA",59467
"42031","Clarion, PA",32931
"42033","Clearfield, PA",32181
"42035","Clinton, PA",31912
"42037","Columbia, PA",31025
"42039","Crawford, PA",31485
"42041","Cumberland, PA",42552
"42043","Dauphin, PA",41067
"42045","Delaware, PA",49795
"42047","Elk, PA",36472
"42049","Erie, PA",34721
"42051","Fayette, PA",33527
"42053","Forest, PA",24014
"42055","Franklin, PA",34277
"42057","Fulton, PA",31808
"42059","Greene, PA",35499
"42061","Huntingdon, PA",29108
"42063","Indiana, PA",34613
"42065","Jefferson, PA",32959
"42067","Juniata, PA",31385
"42069","Lackawanna, PA",38171
"42071","Lancaster, PA",37535
"42073","Lawrence, PA",33475
"42075","Lebanon, PA",38489
"42077","Lehigh, PA",40890
"42079","Luzerne, PA",36441
"42081","Lycoming, PA",35283
"42083","McKean, PA",34171
"42085","Mercer, PA",33136
"42087","Mifflin, PA",30017
"42089","Monroe, PA",31566
"42091","Montgomery, PA",64718
"42093","Montour, PA",41632
"42095","Northampton, PA",39078
"42097","Northumberland, PA",33328
"42099","Perry, PA",34367
"42101","Philadelphia, PA",39041
"42103","Pike, PA",35523
"42105","Potter, PA",32120
"42107","Schuylkill, PA",32744
"42109","Snyder, PA",31031
"42111","Somerset, PA",33549
"42113","Sullivan, PA",31566
"42115","Susquehanna, PA",30975
"42117","Tioga, PA",30100
"42119","Union, PA",31721
"42121","Venango, PA",33628
"42123","Warren, PA",33268
"42125","Washington, PA",46237
"42127","Wayne, PA",32431
"42129","Westmoreland, PA",41510
"42131","Wyoming, PA",32275
"42133","York, PA",37380
"44001","Bristol, RI",54919
"44003","Kent, RI",46167
"44005","Newport, RI",52038
"44007","Providence, RI",40268
"44009","Washington, RI",49057
"45001","Abbeville, SC",27169
"45003","Aiken, SC",35141
"45005","Allendale, SC",26164
"45007","Anderson, SC",31059
"45009","Bamberg, SC",25818
"45011","Barnwell, SC",26064
"45013","Beaufort, SC",41662
"45015","Berkeley, SC",33184
"45017","Calhoun, SC",34431
"45019","Charleston, SC",41656
"45021","Cherokee, SC",26856
"45023","Chester, SC",28237
"45025","Chesterfield, SC",24554
"45027","Clarendon, SC",24431
"45029","Colleton, SC",29311
"45031","Darlington, SC",29355
"45033","Dillon, SC",23616
"45035","Dorchester, SC",33468
"45037","Edgefield, SC",33615
"45039","Fairfield, SC",27062
"45041","Florence, SC",34450
"45043","Georgetown, SC",38403
"45045","Greenville, SC",37689
"45047","Greenwood, SC",30398
"45049","Hampton, SC",27235
"45051","Horry, SC",29148
"45053","Jasper, SC",26896
"45055","Kershaw, SC",33331
"45057","Lancaster, SC",26302
"45059","Laurens, SC",29609
"45061","Lee, SC",26379
"45063","Lexington, SC",35211
"45065","McCormick, SC",27509
"45067","Marion, SC",26397
"45069","Marlboro, SC",24156
"45071","Newberry, SC",29697
"45073","Oconee, SC",31964
"45075","Orangeburg, SC",28965
"45077","Pickens, SC",27833
"45079","Richland, SC",36347
"45081","Saluda, SC",34544
"45083","Spartanburg, SC",31670
"45085","Sumter, SC",29915
"45087","Union, SC",26859
"45089","Williamsburg, SC",27263
"45091","York, SC",34053
"46003","Aurora, SD",59097
"46005","Beadle, SD",48057
"46007","Bennett, SD",33701
"46009","Bon Homme, SD",39568
"46011","Brookings, SD",40730
"46013","Brown, SD",50274
"46015","Brule, SD",50823
"46017","Buffalo, SD",30829
"46019","Butte, SD",31109
"46021","Campbell, SD",62956
"46023","Charles Mix, SD",40120
"46025","Clark, SD",54145
"46027","Clay, SD",43106
"46029","Codington, SD",41322
"46031","Corson, SD",39189
"46033","Custer, SD",35985
"46035","Davison, SD",44148
"46037","Day, SD",45836
"46039","Deuel, SD",47677
"46041","Dewey, SD",39922
"46043","Douglas, SD",59215
"46045","Edmunds, SD",64239
"46047","Fall River, SD",39056
"46049","Faulk, SD",61877
"46051","Grant, SD",45356
"46053","Gregory, SD",48358
"46055","Haakon, SD",65465
"46057","Hamlin, SD",41566
"46059","Hand, SD",58614
"46061","Hanson, SD",59943
"46063","Harding, SD",48673
"46065","Hughes, SD",46451
"46067","Hutchinson, SD",52872
"46069","Hyde, SD",65902
"46071","Jackson, SD",31408
"46073","Jerauld, SD",65209
"46075","Jones, SD",60021
"46077","Kingsbury, SD",57149
"46079","Lake, SD",46426
"46081","Lawrence, SD",34799
"46083","Lincoln, SD",55556
"46085","Lyman, SD",51747
"46087","McCook, SD",49806
"46089","McPherson, SD",44401
"46091","Marshall, SD",47600
"46093","Meade, SD",39801
"46095","Mellette, SD",39117
"46097","Miner, SD",51271
"46099","Minnehaha, SD",41724
"46101","Moody, SD",52743
"46103","Pennington, SD",41655
"46105","Perkins, SD",37915
"46107","Potter, SD",70706
"46109","Roberts, SD",37921
"46111","Sanborn, SD",49527
"46113","Shannon, SD",21451
"46115","Spink, SD",71305
"46117","Stanley, SD",49052
"46119","Sully, SD",116067
"46121","Todd, SD",24401
"46123","Tripp, SD",50169
"46125","Turner, SD",52458
"46127","Union, SD",64557
"46129","Walworth, SD",40035
"46135","Yankton, SD",38458
"46137","Ziebach, SD",27912
"47001","Anderson, TN",36289
"47003","Bedford, TN",30832
"47005","Benton, TN",28199
"47007","Bledsoe, TN",24087
"47009","Blount, TN",31995
"47011","Bradley, TN",31687
"47013","Campbell, TN",27965
"47015","Cannon, TN",30217
"47017","Carroll, TN",31057
"47019","Carter, TN",27962
"47021","Cheatham, TN",33268
"47023","Chester, TN",28057
"47025","Claiborne, TN",27764
"47027","Clay, TN",27358
"47029","Cocke, TN",25696
"47031","Coffee, TN",33998
"47033","Crockett, TN",32309
"47035","Cumberland, TN",29871
"47037","Davidson, TN",47318
"47039","Decatur, TN",33739
"47041","DeKalb, TN",30692
"47043","Dickson, TN",30887
"47045","Dyer, TN",32333
"47047","Fayette, TN",43579
"47049","Fentress, TN",28142
"47051","Franklin, TN",29579
"47053","Gibson, TN",30436
"47055","Giles, TN",29929
"47057","Grainger, TN",28567
"47059","Greene, TN",32331
"47061","Grundy, TN",25788
"47063","Hamblen, TN",30034
"47065","Hamilton, TN",40007
"47067","Hancock, TN",20079
"47069","Hardeman, TN",26505
"47071","Hardin, TN",33038
"47073","Hawkins, TN",28610
"47075","Haywood, TN",31710
"47077","Henderson, TN",27496
"47079","Henry, TN",30629
"47081","Hickman, TN",24065
"47083","Houston, TN",29690
"47085","Humphreys, TN",31566
"47087","Jackson, TN",30621
"47089","Jefferson, TN",28742
"47091","Johnson, TN",24806
"47093","Knox, TN",38894
"47095","Lake, TN",20253
"47097","Lauderdale, TN",23033
"47099","Lawrence, TN",26093
"47101","Lewis, TN",24344
"47103","Lincoln, TN",32021
"47105","Loudon, TN",37698
"47107","McMinn, TN",28598
"47109","McNairy, TN",26771
"47111","Macon, TN",28353
"47113","Madison, TN",35315
"47115","Marion, TN",32107
"47117","Marshall, TN",25647
"47119","Maury, TN",31498
"47121","Meigs, TN",29118
"47123","Monroe, TN",26428
"47125","Montgomery, TN",43485
"47127","Moore, TN",34213
"47129","Morgan, TN",24803
"47131","Obion, TN",32372
"47133","Overton, TN",25514
"47135","Perry, TN",27268
"47137","Pickett, TN",26376
"47139","Polk, TN",27412
"47141","Putnam, TN",31362
"47143","Rhea, TN",27027
"47145","Roane, TN",35142
"47147","Robertson, TN",33699
"47149","Rutherford, TN",32404
"47151","Scott, TN",23516
"47153","Sequatchie, TN",31791
"47155","Sevier, TN",32065
"47157","Shelby, TN",40763
"47159","Smith, TN",31878
"47161","Stewart, TN",33477
"47163","Sullivan, TN",35000
"47165","Sumner, TN",36698
"47167","Tipton, TN",34959
"47169","Trousdale, TN",37583
"47171","Unicoi, TN",30910
"47173","Union, TN",25662
"47175","Van Buren, TN",27573
"47177","Warren, TN",27396
"47179","Washington, TN",35215
"47181","Wayne, TN",22178
"47183","Weakley, TN",29679
"47185","White, TN",25274
"47187","Williamson, TN",59399
"47189","Wilson, TN",38461
"48001","Anderson, TX",28966
"48003","Andrews, TX",39435
"48005","Angelina, TX",33423
"48007","Aransas, TX",42512
"48009","Archer, TX",45689
"48011","Armstrong, TX",43129
"48013","Atascosa, TX",30238
"48015","Austin, TX",39374
"48017","Bailey, TX",35115
"48019","Bandera, TX",36390
"48021","Bastrop, TX",28473
"48023","Baylor, TX",36307
"48025","Bee, TX",26697
"48027","Bell, TX",40222
"48029","Bexar, TX",36177
"48031","Blanco, TX",47043
"48033","Borden, TX",40693
"48035","Bosque, TX",32431
"48037","Bowie, TX",35360
"48039","Brazoria, TX",38677
"48041","Brazos, TX",29045
"48043","Brewster, TX",39139
"48045","Briscoe, TX",27769
"48047","Brooks, TX",30423
"48049","Brown, TX",32136
"48051","Burleson, TX",34291
"48053","Burnet, TX",40734
"48055","Caldwell, TX",25577
"48057","Calhoun, TX",32413
"48059","Callahan, TX",33412
"48061","Cameron, TX",23236
"48063","Camp, TX",33828
"48065","Carson, TX",38854
"48067","Cass, TX",32899
"48069","Castro, TX",48285
"48071","Chambers, TX",48969
"48073","Cherokee, TX",28923
"48075","Childress, TX",22754
"48077","Clay, TX",43795
"48079","Cochran, TX",33329
"48081","Coke, TX",32525
"48083","Coleman, TX",33007
"48085","Collin, TX",52419
"48087","Collingsworth, TX",31836
"48089","Colorado, TX",39030
"48091","Comal, TX",44519
"48093","Comanche, TX",36476
"48095","Concho, TX",22631
"48097","Cooke, TX",45765
"48099","Coryell, TX",36932
"48101","Cottle, TX",35709
"48103","Crane, TX",36362
"48105","Crockett, TX",35950
"48107","Crosby, TX",31281
"48109","Culberson, TX",30522
"48111","Dallam, TX",43556
"48113","Dallas, TX",45402
"48115","Dawson, TX",26625
"48117","Deaf Smith, TX",35880
"48119","Delta, TX",31187
"48121","Denton, TX",42371
"48123","DeWitt, TX",34727
"48125","Dickens, TX",27118
"48127","Dimmit, TX",34379
"48129","Donley, TX",36670
"48131","Duval, TX",35227
"48133","Eastland, TX",51520
"48135","Ector, TX",38385
"48137","Edwards, TX",33662
"48139","Ellis, TX",34885
"48141","El Paso, TX",30088
"48143","Erath, TX",31532
"48145","Falls, TX",28073
"48147","Fannin, TX",29708
"48149","Fayette, TX",39970
"48151","Fisher, TX",34088
"48153","Floyd, TX",35673
"48155","Foard, TX",33685
"48157","Fort Bend, TX",48545
"48159","Franklin, TX",33141
"48161","Freestone, TX",31573
"48163","Frio, TX",25836
"48165","Gaines, TX",28934
"48167","Galveston, TX",43444
"48169","Garza, TX",29245
"48171","Gillespie, TX",47550
"48173","Glasscock, TX",32256
"48175","Goliad, TX",29735
"48177","Gonzales, TX",31270
"48179","Gray, TX",38903
"48181","Grayson, TX",33404
"48183","Gregg, TX",43222
"48185","Grimes, TX",31418
"48187","Guadalupe, TX",37157
"48189","Hale, TX",28120
"48191","Hall, TX",23662
"48193","Hamilton, TX",35367
"48195","Hansford, TX",51525
"48197","Hardeman, TX",31356
"48199","Hardin, TX",38882
"48201","Harris, TX",48935
"48203","Harrison, TX",41371
"48205","Hartley, TX",48920
"48207","Haskell, TX",28444
"48209","Hays, TX",32700
"48211","Hemphill, TX",58261
"48213","Henderson, TX",31891
"48215","Hidalgo, TX",21620
"48217","Hill, TX",32266
"48219","Hockley, TX",37566
"48221","Hood, TX",40740
"48223","Hopkins, TX",32766
"48225","Houston, TX",30225
"48227","Howard, TX",31781
"48229","Hudspeth, TX",29923
"48231","Hunt, TX",31736
"48233","Hutchinson, TX",37298
"48235","Irion, TX",54975
"48237","Jack, TX",37903
"48239","Jackson, TX",33937
"48241","Jasper, TX",32797
"48243","Jeff Davis, TX",35273
"48245","Jefferson, TX",38712
"48247","Jim Hogg, TX",37442
"48249","Jim Wells, TX",39800
"48251","Johnson, TX",33269
"48253","Jones, TX",26734
"48255","Karnes, TX",27377
"48257","Kaufman, TX",33901
"48259","Kendall, TX",57707
"48261","Kenedy, TX",51037
"48263","Kent, TX",31367
"48265","Kerr, TX",42572
"48267","Kimble, TX",37017
"48269","King, TX",62071
"48271","Kinney, TX",30579
"48273","Kleberg, TX",33734
"48275","Knox, TX",32652
"48277","Lamar, TX",33092
"48279","Lamb, TX",29840
"48281","Lampasas, TX",48898
"48283","La Salle, TX",27326
"48285","Lavaca, TX",37793
"48287","Lee, TX",38172
"48289","Leon, TX",35114
"48291","Liberty, TX",34353
"48293","Limestone, TX",30421
"48295","Lipscomb, TX",42451
"48297","Live Oak, TX",36016
"48299","Llano, TX",37212
"48301","Loving, TX",51309
"48303","Lubbock, TX",34644
"48305","Lynn, TX",25406
"48307","McCulloch, TX",39026
"48309","McLennan, TX",33943
"48311","McMullen, TX",52810
"48313","Madison, TX",25625
"48315","Marion, TX",30771
"48317","Martin, TX",32061
"48319","Mason, TX",35561
"48321","Matagorda, TX",33287
"48323","Maverick, TX",22188
"48325","Medina, TX",32638
"48327","Menard, TX",30157
"48329","Midland, TX",65173
"48331","Milam, TX",32003
"48333","Mills, TX",35690
"48335","Mitchell, TX",25002
"48337","Montague, TX",40161
"48339","Montgomery, TX",48508
"48341","Moore, TX",34060
"48343","Morris, TX",34904
"48345","Motley, TX",35515
"48347","Nacogdoches, TX",29441
"48349","Navarro, TX",33112
"48351","Newton, TX",28040
"48353","Nolan, TX",32914
"48355","Nueces, TX",38441
"48357","Ochiltree, TX",43016
"48359","Oldham, TX",45718
"48361","Orange, TX",38163
"48363","Palo Pinto, TX",33497
"48365","Panola, TX",39654
"48367","Parker, TX",41914
"48369","Parmer, TX",40057
"48371","Pecos, TX",29912
"48373","Polk, TX",37950
"48375","Potter, TX",33714
"48377","Presidio, TX",28209
"48379","Rains, TX",30131
"48381","Randall, TX",40001
"48383","Reagan, TX",37180
"48385","Real, TX",30296
"48387","Red River, TX",31664
"48389","Reeves, TX",23505
"48391","Refugio, TX",39958
"48393","Roberts, TX",50759
"48395","Robertson, TX",35859
"48397","Rockwall, TX",51116
"48399","Runnels, TX",29355
"48401","Rusk, TX",30821
"48403","Sabine, TX",31382
"48405","San Augustine, TX",28703
"48407","San Jacinto, TX",31607
"48409","San Patricio, TX",38087
"48411","San Saba, TX",31384
"48413","Schleicher, TX",33136
"48415","Scurry, TX",37970
"48417","Shackelford, TX",51496
"48419","Shelby, TX",31737
"48421","Sherman, TX",57622
"48423","Smith, TX",38515
"48425","Somervell, TX",36809
"48427","Starr, TX",19235
"48429","Stephens, TX",40449
"48431","Sterling, TX",35840
"48433","Stonewall, TX",40298
"48435","Sutton, TX",79103
"48437","Swisher, TX",36463
"48439","Tarrant, TX",40965
"48441","Taylor, TX",37132
"48443","Terrell, TX",46475
"48445","Terry, TX",30313
"48447","Throckmorton, TX",48144
"48449","Titus, TX",28542
"48451","Tom Green, TX",37279
"48453","Travis, TX",43198
"48455","Trinity, TX",28395
"48457","Tyler, TX",29607
"48459","Upshur, TX",35663
"48461","Upton, TX",45030
"48463","Uvalde, TX",32404
"48465","Val Verde, TX",30702
"48467","Van Zandt, TX",33942
"48469","Victoria, TX",42452
"48471","Walker, TX",25508
"48473","Waller, TX",29320
"48475","Ward, TX",38699
"48477","Washington, TX",44229
"48479","Webb, TX",24985
"48481","Wharton, TX",35556
"48483","Wheeler, TX",44463
"48485","Wichita, TX",35477
"48487","Wilbarger, TX",34571
"48489","Willacy, TX",26462
"48491","Williamson, TX",40067
"48493","Wilson, TX",34810
"48495","Winkler, TX",35493
"48497","Wise, TX",35494
"48499","Wood, TX",31575
"48501","Yoakum, TX",41060
"48503","Young, TX",39998
"48505","Zapata, TX",25162
"48507","Zavala, TX",20926
"49001","Beaver, UT",29994
"49003","Box Elder, UT",30148
"49005","Cache, UT",27631
"49007","Carbon, UT",32886
"49009","Daggett, UT",28746
"49011","Davis, UT",34755
"49013","Duchesne, UT",36725
"49015","Emery, UT",32391
"49017","Garfield, UT",27206
"49019","Grand, UT",34402
"49021","Iron, UT",23541
"49023","Juab, UT",24351
"49025","Kane, UT",31779
"49027","Millard, UT",29669
"49029","Morgan, UT",33278
"49031","Piute, UT",24904
"49033","Rich, UT",31286
"49035","Salt Lake, UT",39081
"49037","San Juan, UT",22325
"49039","Sanpete, UT",21956
"49041","Sevier, UT",26716
"49043","Summit, UT",72643
"49045","Tooele, UT",27748
"49047","Uintah, UT",31278
"49049","Utah, UT",25870
"49051","Wasatch, UT",27442
"49053","Washington, UT",27159
"49055","Wayne, UT",27334
"49057","Weber, UT",33344
"50001","Addison, VT",38624
"50003","Bennington, VT",41502
"50005","Caledonia, VT",33973
"50007","Chittenden, VT",44715
"50009","Essex, VT",26433
"50011","Franklin, VT",41088
"50013","Grand Isle, VT",43433
"50015","Lamoille, VT",41237
"50017","Orange, VT",36309
"50019","Orleans, VT",35812
"50021","Rutland, VT",41233
"50023","Washington, VT",44190
"50025","Windham, VT",40487
"50027","Windsor, VT",44894
"51001","Accomack, VA",33368
"51007","Amelia, VA",34892
"51009","Amherst, VA",30120
"51011","Appomattox, VA",30992
"51013","Arlington, VA",82491
"51017","Bath, VA",38375
"51021","Bland, VA",30495
"51023","Botetourt, VA",42560
"51025","Brunswick, VA",27208
"51027","Buchanan, VA",32662
"51029","Buckingham, VA",24722
"51033","Caroline, VA",36160
"51036","Charles City, VA",32755
"51037","Charlotte, VA",27678
"51041","Chesterfield, VA",44198
"51043","Clarke, VA",41366
"51045","Craig, VA",31500
"51047","Culpeper, VA",35850
"51049","Cumberland, VA",30459
"51051","Dickenson, VA",30306
"51057","Essex, VA",33734
"51061","Fauquier, VA",54400
"51063","Floyd, VA",28260
"51065","Fluvanna, VA",36507
"51067","Franklin, VA",32626
"51071","Giles, VA",30123
"51073","Gloucester, VA",38886
"51075","Goochland, VA",63540
"51077","Grayson, VA",24651
"51079","Greene, VA",38073
"51083","Halifax, VA",29698
"51085","Hanover, VA",45832
"51087","Henrico, VA",44529
"51091","Highland, VA",36272
"51093","Isle of Wight, VA",42883
"51097","King and Queen, VA",33018
"51099","King George, VA",40586
"51101","King William, VA",38882
"51103","Lancaster, VA",48607
"51105","Lee, VA",28553
"51107","Loudoun, VA",57242
"51109","Louisa, VA",41096
"51111","Lunenburg, VA",26630
"51113","Madison, VA",36389
"51115","Mathews, VA",52738
"51117","Mecklenburg, VA",30911
"51119","Middlesex, VA",41036
"51125","Nelson, VA",39862
"51127","New Kent, VA",36705
"51131","Northampton, VA",36011
"51133","Northumberland, VA",41936
"51135","Nottoway, VA",30664
"51137","Orange, VA",34884
"51139","Page, VA",29479
"51141","Patrick, VA",26156
"51145","Powhatan, VA",43860
"51147","Prince Edward, VA",22457
"51155","Pulaski, VA",32947
"51157","Rappahannock, VA",43172
"51159","Richmond, VA",26941
"51167","Russell, VA",28811
"51169","Scott, VA",27942
"51171","Shenandoah, VA",32652
"51173","Smyth, VA",28669
"51179","Stafford, VA",41917
"51181","Surry, VA",34860
"51183","Sussex, VA",29736
"51185","Tazewell, VA",33203
"51187","Warren, VA",39289
"51193","Westmoreland, VA",36557
"51197","Wythe, VA",29035
"51510","Alexandria (Independent City), VA",78383
"51550","Chesapeake (Independent City), VA",42504
"51650","Hampton (Independent City), VA",40001
"51700","Newport News (Independent City), VA",34752
"51710","Norfolk (Independent City), VA",36873
"51740","Portsmouth (Independent City), VA",37583
"51760","Richmond (Independent City), VA",43239
"51770","Roanoke (Independent City), VA",40215
"51800","Suffolk (Independent City), VA",39279
"51810","Virginia Beach (Independent City), VA",46799
"51901","Albemarle + Charlottesville, VA",47052
"51903","Alleghany + Covington, VA",33513
"51907","Augusta, Staunton + Waynesboro, VA",34442
"51909","Bedford + Bedford City, VA",38595
"51911","Campbell + Lynchburg, VA",32008
"51913","Carroll + Galax, VA",29698
"51918","Dinwiddie, Colonial Heights + Petersburg, VA",37994
"51919","Fairfax, Fairfax City + Falls Church, VA",69008
"51921","Frederick + Winchester, VA",37382
"51923","Greensville + Emporia, VA",24158
"51929","Henry + Martinsville, VA",30097
"51931","James City + Williamsburg, VA",52228
"51933","Montgomery + Radford, VA",28668
"51939","Pittsylvania + Danville, VA",31297
"51941","Prince George + Hopewell, VA",38924
"51942","Prince William, Manassas + Manassas Park, VA",44986
"51944","Roanoke + Salem, VA",40688
"51945","Rockbridge, Buena Vista + Lexington, VA",32028
"51947","Rockingham + Harrisonburg, VA",31324
"51949","Southampton + Franklin, VA",31313
"51951","Spotsylvania + Fredericksburg, VA",40893
"51953","Washington + Bristol, VA",33851
"51955","Wise + Norton, VA",32805
"51958","York + Poquoson, VA",47564
"53001","Adams, WA",31704
"53003","Asotin, WA",35230
"53005","Benton, WA",39700
"53007","Chelan, WA",37619
"53009","Clallam, WA",36138
"53011","Clark, WA",37695
"53013","Columbia, WA",39259
"53015","Cowlitz, WA",32607
"53017","Douglas, WA",30500
"53019","Ferry, WA",26353
"53021","Franklin, WA",29711
"53023","Garfield, WA",35999
"53025","Grant, WA",30999
"53027","Grays Harbor, WA",30355
"53029","Island, WA",38268
"53031","Jefferson, WA",41920
"53033","King, WA",57837
"53035","Kitsap, WA",42580
"53037","Kittitas, WA",33031
"53039","Klickitat, WA",38529
"53041","Lewis, WA",31192
"53043","Lincoln, WA",35466
"53045","Mason, WA",30345
"53047","Okanogan, WA",35409
"53049","Pacific, WA",32648
"53051","Pend Oreille, WA",30561
"53053","Pierce, WA",40992
"53055","San Juan, WA",52439
"53057","Skagit, WA",38543
"53059","Skamania, WA",33877
"53061","Snohomish, WA",43281
"53063","Spokane, WA",35940
"53065","Stevens, WA",28559
"53067","Thurston, WA",41251
"53069","Wahkiakum, WA",32301
"53071","Walla Walla, WA",35276
"53073","Whatcom, WA",38098
"53075","Whitman, WA",30379
"53077","Yakima, WA",33371
"54001","Barbour, WV",26109
"54003","Berkeley, WV",31696
"54005","Boone, WV",28912
"54007","Braxton, WV",26224
"54009","Brooke, WV",31037
"54011","Cabell, WV",34079
"54013","Calhoun, WV",23003
"54015","Clay, WV",23708
"54017","Doddridge, WV",20412
"54019","Fayette, WV",29277
"54021","Gilmer, WV",22482
"54023","Grant, WV",30162
"54025","Greenbrier, WV",32130
"54027","Hampshire, WV",24634
"54029","Hancock, WV",30670
"54031","Hardy, WV",26356
"54033","Harrison, WV",38703
"54035","Jackson, WV",26624
"54037","Jefferson, WV",38127
"54039","Kanawha, WV",42704
"54041","Lewis, WV",35075
"54043","Lincoln, WV",24722
"54045","Logan, WV",33665
"54047","McDowell, WV",27360
"54049","Marion, WV",36338
"54051","Marshall, WV",36275
"54053","Mason, WV",26167
"54055","Mercer, WV",32656
"54057","Mineral, WV",31733
"54059","Mingo, WV",30862
"54061","Monongalia, WV",37632
"54063","Monroe, WV",27200
"54065","Morgan, WV",31830
"54067","Nicholas, WV",31088
"54069","Ohio, WV",37969
"54071","Pendleton, WV",31013
"54073","Pleasants, WV",31718
"54075","Pocahontas, WV",30446
"54077","Preston, WV",28197
"54079","Putnam, WV",40617
"54081","Raleigh, WV",36852
"54083","Randolph, WV",30623
"54085","Ritchie, WV",29152
"54087","Roane, WV",25142
"54089","Summers, WV",24629
"54091","Taylor, WV",27030
"54093","Tucker, WV",28837
"54095","Tyler, WV",26470
"54097","Upshur, WV",29288
"54099","Wayne, WV",29361
"54101","Webster, WV",24896
"54103","Wetzel, WV",31194
"54105","Wirt, WV",22699
"54107","Wood, WV",32666
"54109","Wyoming, WV",29106
"55001","Adams, WI",33340
"55003","Ashland, WI",32283
"55005","Barron, WI",33083
"55007","Bayfield, WI",33364
"55009","Brown, WI",39493
"55011","Buffalo, WI",40436
"55013","Burnett, WI",34372
"55015","Calumet, WI",43473
"55017","Chippewa, WI",34375
"55019","Clark, WI",30541
"55021","Columbia, WI",40580
"55023","Crawford, WI",32425
"55025","Dane, WI",46916
"55027","Dodge, WI",35086
"55029","Door, WI",42359
"55031","Douglas, WI",31478
"55033","Dunn, WI",32426
"55035","Eau Claire, WI",37203
"55037","Florence, WI",35870
"55039","Fond du Lac, WI",36897
"55041","Forest, WI",31394
"55043","Grant, WI",33569
"55045","Green, WI",38324
"55047","Green Lake, WI",37961
"55049","Iowa, WI",38940
"55051","Iron, WI",36856
"55053","Jackson, WI",34383
"55055","Jefferson, WI",35016
"55057","Juneau, WI",29559
"55059","Kenosha, WI",35766
"55061","Kewaunee, WI",38207
"55063","La Crosse, WI",37796
"55065","Lafayette, WI",34927
"55067","Langlade, WI",34223
"55069","Lincoln, WI",33463
"55071","Manitowoc, WI",38519
"55073","Marathon, WI",37214
"55075","Marinette, WI",34881
"55077","Marquette, WI",30105
"55078","Menominee, WI",26087
"55079","Milwaukee, WI",38881
"55081","Monroe, WI",33402
"55083","Oconto, WI",36508
"55085","Oneida, WI",38440
"55087","Outagamie, WI",38400
"55089","Ozaukee, WI",60615
"55091","Pepin, WI",36229
"55093","Pierce, WI",33989
"55095","Polk, WI",33145
"55097","Portage, WI",35585
"55099","Price, WI",34115
"55101","Racine, WI",38425
"55103","Richland, WI",31902
"55105","Rock, WI",33305
"55107","Rusk, WI",27299
"55109","St. Croix, WI",39734
"55111","Sauk, WI",36782
"55113","Sawyer, WI",34331
"55115","Shawano, WI",32911
"55117","Sheboygan, WI",39910
"55119","Taylor, WI",29588
"55121","Trempealeau, WI",34761
"55123","Vernon, WI",30094
"55125","Vilas, WI",35018
"55127","Walworth, WI",34830
"55129","Washburn, WI",33312
"55131","Washington, WI",45159
"55133","Waukesha, WI",54847
"55135","Waupaca, WI",36867
"55137","Waushara, WI",30457
"55139","Winnebago, WI",38444
"55141","Wood, WI",39172
"55901","Shawano (includes Menominee), WI","(NA)"
"56001","Albany, WY",36864
"56003","Big Horn, WY",33682
"56005","Campbell, WY",47584
"56007","Carbon, WY",41165
"56009","Converse, WY",45582
"56011","Crook, WY",43877
"56013","Fremont, WY",39389
"56015","Goshen, WY",34648
"56017","Hot Springs, WY",43615
"56019","Johnson, WY",40786
"56021","Laramie, WY",46882
"56023","Lincoln, WY",37739
"56025","Natrona, WY",54108
"56027","Niobrara, WY",42410
"56029","Park, WY",45799
"56031","Platte, WY",44020
"56033","Sheridan, WY",50803
"56035","Sublette, WY",62557
"56037","Sweetwater, WY",51860
"56039","Teton, WY",95861
"56041","Uinta, WY",41833
"56043","Washakie, WY",41837
"56045","Weston, WY",49320
"Legend / Footnotes:"
"2/ Per capita personal income was computed using Census Bureau midyear population estimates. Estimates for 2000-2011 reflect county population estimates available as of April 2012."
"Geographic Note-- Cibola, NM was separated from Valencia in June 1981, but in these estimates, Valencia includes Cibola through the end of 1981."
"Geographic Note-- La Paz County, AZ was separated from Yuma County on January 1, 1983. The Yuma, AZ MSA contains the area that became La Paz County, AZ through 1982 and excludes it beginning with 1983."
"Geographic Note-- Shawano, WI and Menominee, WI are combined as Shawano (incl. Menominee), WI for the years prior to 1989."
"Geographic Note-- Broomfield County, CO, was created from parts of Adams, Boulder, Jefferson, and Weld counties effective November 15, 2001. Estimates for Broomfield county begin with 2002."
"Geographic Note-- Estimates for 1979 forward reflect Alaska Census Areas as defined by the Census Bureau; those for prior years reflect Alaska Census Divisions as defined in the 1970 Decennial Census. Estimates from 1988 forward separate Aleutian Islands Census Area into Aleutians East Borough and Aleutians West Census Area. Estimates for 1991 forward separate Denali Borough from Yukon-Koyukuk Census Area and Lake and Peninsula Borough from Dillingham Census Area. Estimates from 1993 forward separate Skagway-Yakutat-Angoon Census Area into Skagway-Hoonah-Angoon Census Area and Yakutat Borough. Estimates from 2008 forward separate Skagway-Hoonah-Angoon Census Area into Skagway Borough and Hoonah-Angoon Census Area. Estimates from 2009 forward separate Wrangell-Petersburg Census Area into Petersburg Census Area and Wrangell City and Borough. In addition, a part of the Prince of Wales-Outer Ketchikan Census Area was annexed by Ketchikan Gateway Borough and part (Meyers Chuck Area) was included in the new Wrangell City and Borough. The remainder of the Prince of Wales-Outer Ketchikan Census Area was renamed Prince of Wales-Hyder Census Area."
"Geographic Note-- Virginia combination areas consist of one or two independent cities with 1980 populations of less than 100,000 combined with an adjacent county. The county name appears first, followed by the city name(s). Separate estimates for the jurisdictions making up the combination area are not available."
"Note-- All state and local area dollar estimates are in current dollars (not adjusted for inflation)."
"(NA) Data not available for this year."
"Last updated: November 26, 2012 - new estimates for 2011; revised estimates for 2009-2010."
