"CA34 Wage and salary summary"
"Wage and salary employment (number of jobs)" 
"Bureau of Economic Analysis" 
"County"
"Fips","Area","2011"
"01001","Autauga, AL",12059
"01003","Baldwin, AL",65785
"01005","Barbour, AL",9858
"01007","Bibb, AL",4568
"01009","Blount, AL",9527
"01011","Bullock, AL",3113
"01013","Butler, AL",7165
"01015","Calhoun, AL",50266
"01017","Chambers, AL",8864
"01019","Cherokee, AL",5336
"01021","Chilton, AL",9380
"01023","Choctaw, AL",3991
"01025","Clarke, AL",9008
"01027","Clay, AL",3955
"01029","Cleburne, AL",2694
"01031","Coffee, AL",15957
"01033","Colbert, AL",23640
"01035","Conecuh, AL",3587
"01037","Coosa, AL",1509
"01039","Covington, AL",13688
"01041","Crenshaw, AL",4056
"01043","Cullman, AL",27541
"01045","Dale, AL",23849
"01047","Dallas, AL",14926
"01049","DeKalb, AL",22068
"01051","Elmore, AL",19907
"01053","Escambia, AL",13523
"01055","Etowah, AL",37254
"01057","Fayette, AL",4369
"01059","Franklin, AL",11058
"01061","Geneva, AL",5732
"01063","Greene, AL",2069
"01065","Hale, AL",3336
"01067","Henry, AL",3770
"01069","Houston, AL",50557
"01071","Jackson, AL",17264
"01073","Jefferson, AL",365141
"01075","Lamar, AL",3626
"01077","Lauderdale, AL",33106
"01079","Lawrence, AL",6741
"01081","Lee, AL",54200
"01083","Limestone, AL",23028
"01085","Lowndes, AL",2986
"01087","Macon, AL",5701
"01089","Madison, AL",194673
"01091","Marengo, AL",7466
"01093","Marion, AL",10037
"01095","Marshall, AL",36065
"01097","Mobile, AL",183691
"01099","Monroe, AL",7262
"01101","Montgomery, AL",141829
"01103","Morgan, AL",49448
"01105","Perry, AL",2727
"01107","Pickens, AL",3907
"01109","Pike, AL",14984
"01111","Randolph, AL",4963
"01113","Russell, AL",14220
"01115","St. Clair, AL",18234
"01117","Shelby, AL",80499
"01119","Sumter, AL",3678
"01121","Talladega, AL",28618
"01123","Tallapoosa, AL",13451
"01125","Tuscaloosa, AL",92051
"01127","Walker, AL",20015
"01129","Washington, AL",3928
"01131","Wilcox, AL",2964
"01133","Winston, AL",7581
"02010","Aleutian Islands Census Area, AK","(NA)"
"02013","Aleutians East Borough, AK",2003
"02016","Aleutians West Census Area, AK",3885
"02020","Anchorage Municipality, AK",169781
"02050","Bethel Census Area, AK",7045
"02060","Bristol Bay Borough, AK",1414
"02068","Denali Borough, AK",1876
"02070","Dillingham Census Area, AK",2653
"02090","Fairbanks North Star Borough, AK",49075
"02100","Haines Borough, AK",1064
"02105","Hoonah-Angoon Census Area, AK",713
"02110","Juneau City and Borough, AK",18765
"02122","Kenai Peninsula Borough, AK",20204
"02130","Ketchikan Gateway Borough, AK",7674
"02150","Kodiak Island Borough, AK",7551
"02164","Lake and Peninsula Borough, AK",784
"02170","Matanuska-Susitna Borough, AK",21762
"02180","Nome Census Area, AK",3895
"02185","North Slope Borough, AK",13981
"02188","Northwest Arctic Borough, AK",2950
"02195","Petersburg Census Area, AK",1674
"02198","Prince of Wales-Hyder Census Area, AK",1964
"02201","Prince of Wales-Outer Ketchikan Census Area, AK","(NA)"
"02220","Sitka City and Borough, AK",4577
"02230","Skagway Municipality, AK",681
"02231","Skagway-Yakutat-Angoon Census Area, AK","(NA)"
"02232","Skagway-Hoonah-Angoon Census Area, AK","(NA)"
"02240","Southeast Fairbanks Census Area, AK",2789
"02261","Valdez-Cordova Census Area, AK",4929
"02270","Wade Hampton Census Area, AK",2409
"02275","Wrangell City and Borough, AK",891
"02280","Wrangell-Petersburg Census Area, AK","(NA)"
"02282","Yakutat City and Borough, AK",324
"02290","Yukon-Koyukuk Census Area, AK",2356
"02901","Aleutian Islands Division, AK","(NA)"
"02903","Angoon Division, AK","(NA)"
"02904","Barrow-North Slope Division, AK","(NA)"
"02905","Bethel Division, AK","(NA)"
"02907","Bristol Bay Division, AK","(NA)"
"02908","Cordova-McCarthy Division, AK","(NA)"
"02910","Haines Division, AK","(NA)"
"02912","Kenai-Cook Inlet Division, AK","(NA)"
"02916","Kuskokwim Division, AK","(NA)"
"02919","Outer Ketchikan Division, AK","(NA)"
"02920","Prince of Wales Division, AK","(NA)"
"02921","Seward Division, AK","(NA)"
"02922","Sitka Division, AK","(NA)"
"02923","Skagway-Yakutat Division, AK","(NA)"
"02924","Southeast Fairbanks Division, AK","(NA)"
"02925","Upper Yukon Division, AK","(NA)"
"02926","Valdez-Chitina-Whittier Division, AK","(NA)"
"02928","Wrangell-Petersburg Division, AK","(NA)"
"02929","Yukon-Koyukuk Division, AK","(NA)"
"04001","Apache, AZ",19708
"04003","Cochise, AZ",44873
"04005","Coconino, AZ",59802
"04007","Gila, AZ",14658
"04009","Graham, AZ",8908
"04011","Greenlee, AZ",3691
"04012","La Paz, AZ",5666
"04013","Maricopa, AZ",1714034
"04015","Mohave, AZ",46996
"04017","Navajo, AZ",27565
"04019","Pima, AZ",370634
"04021","Pinal, AZ",56090
"04023","Santa Cruz, AZ",13575
"04025","Yavapai, AZ",56320
"04027","Yuma, AZ",67838
"05001","Arkansas, AR",10764
"05003","Ashley, AR",8766
"05005","Baxter, AR",15223
"05007","Benton, AR",101415
"05009","Boone, AR",15048
"05011","Bradley, AR",3770
"05013","Calhoun, AR",2983
"05015","Carroll, AR",10746
"05017","Chicot, AR",3902
"05019","Clark, AR",10333
"05021","Clay, AR",4240
"05023","Cleburne, AR",7666
"05025","Cleveland, AR",1197
"05027","Columbia, AR",9606
"05029","Conway, AR",7671
"05031","Craighead, AR",47924
"05033","Crawford, AR",20826
"05035","Crittenden, AR",17121
"05037","Cross, AR",5682
"05039","Dallas, AR",3149
"05041","Desha, AR",5239
"05043","Drew, AR",7279
"05045","Faulkner, AR",44718
"05047","Franklin, AR",4868
"05049","Fulton, AR",2213
"05051","Garland, AR",38690
"05053","Grant, AR",4016
"05055","Greene, AR",15496
"05057","Hempstead, AR",9295
"05059","Hot Spring, AR",9198
"05061","Howard, AR",7728
"05063","Independence, AR",16154
"05065","Izard, AR",3425
"05067","Jackson, AR",5838
"05069","Jefferson, AR",34644
"05071","Johnson, AR",9323
"05073","Lafayette, AR",1537
"05075","Lawrence, AR",4559
"05077","Lee, AR",2439
"05079","Lincoln, AR",3536
"05081","Little River, AR",4163
"05083","Logan, AR",5986
"05085","Lonoke, AR",14306
"05087","Madison, AR",3487
"05089","Marion, AR",3909
"05091","Miller, AR",14664
"05093","Mississippi, AR",20922
"05095","Monroe, AR",2542
"05097","Montgomery, AR",1905
"05099","Nevada, AR",2493
"05101","Newton, AR",1280
"05103","Ouachita, AR",8308
"05105","Perry, AR",1577
"05107","Phillips, AR",7213
"05109","Pike, AR",2747
"05111","Poinsett, AR",5774
"05113","Polk, AR",6538
"05115","Pope, AR",28661
"05117","Prairie, AR",1718
"05119","Pulaski, AR",268935
"05121","Randolph, AR",5230
"05123","St. Francis, AR",9023
"05125","Saline, AR",22999
"05127","Scott, AR",3244
"05129","Searcy, AR",1874
"05131","Sebastian, AR",70117
"05133","Sevier, AR",5634
"05135","Sharp, AR",4052
"05137","Stone, AR",2921
"05139","Union, AR",18581
"05141","Van Buren, AR",4203
"05143","Washington, AR",99318
"05145","White, AR",28299
"05147","Woodruff, AR",2200
"05149","Yell, AR",6863
"06001","Alameda, CA",671680
"06003","Alpine, CA",891
"06005","Amador, CA",12197
"06007","Butte, CA",73578
"06009","Calaveras, CA",8064
"06011","Colusa, CA",8708
"06013","Contra Costa, CA",336177
"06015","Del Norte, CA",8328
"06017","El Dorado, CA",50394
"06019","Fresno, CA",343936
"06021","Glenn, CA",8113
"06023","Humboldt, CA",48281
"06025","Imperial, CA",56810
"06027","Inyo, CA",7835
"06029","Kern, CA",293951
"06031","Kings, CA",46849
"06033","Lake, CA",13867
"06035","Lassen, CA",10700
"06037","Los Angeles, CA",4096635
"06039","Madera, CA",44294
"06041","Marin, CA",111701
"06043","Mariposa, CA",5504
"06045","Mendocino, CA",30134
"06047","Merced, CA",69805
"06049","Modoc, CA",2683
"06051","Mono, CA",7326
"06053","Monterey, CA",179092
"06055","Napa, CA",68033
"06057","Nevada, CA",29920
"06059","Orange, CA",1464868
"06061","Placer, CA",135058
"06063","Plumas, CA",6232
"06065","Riverside, CA",590804
"06067","Sacramento, CA",601712
"06069","San Benito, CA",14413
"06071","San Bernardino, CA",648627
"06073","San Diego, CA",1426618
"06075","San Francisco, CA",584253
"06077","San Joaquin, CA",210917
"06079","San Luis Obispo, CA",107535
"06081","San Mateo, CA",348628
"06083","Santa Barbara, CA",192806
"06085","Santa Clara, CA",916880
"06087","Santa Cruz, CA",96706
"06089","Shasta, CA",62104
"06091","Sierra, CA",817
"06093","Siskiyou, CA",13454
"06095","Solano, CA",132688
"06097","Sonoma, CA",187007
"06099","Stanislaus, CA",166726
"06101","Sutter, CA",27012
"06103","Tehama, CA",16133
"06105","Trinity, CA",2678
"06107","Tulare, CA",149917
"06109","Tuolumne, CA",17218
"06111","Ventura, CA",319009
"06113","Yolo, CA",97964
"06115","Yuba, CA",20165
"08001","Adams, CO",165374
"08003","Alamosa, CO",8385
"08005","Arapahoe, CO",297070
"08007","Archuleta, CO",3559
"08009","Baca, CO",1361
"08011","Bent, CO",1489
"08013","Boulder, CO",169975
"08014","Broomfield, CO",31988
"08015","Chaffee, CO",6924
"08017","Cheyenne, CO",836
"08019","Clear Creek, CO",3331
"08021","Conejos, CO",1477
"08023","Costilla, CO",768
"08025","Crowley, CO",1227
"08027","Custer, CO",920
"08029","Delta, CO",8875
"08031","Denver, CO",453491
"08033","Dolores, CO",454
"08035","Douglas, CO",97675
"08037","Eagle, CO",29337
"08039","Elbert, CO",3437
"08041","El Paso, CO",287952
"08043","Fremont, CO",13998
"08045","Garfield, CO",25575
"08047","Gilpin, CO",5554
"08049","Grand, CO",6833
"08051","Gunnison, CO",8286
"08053","Hinsdale, CO",302
"08055","Huerfano, CO",1943
"08057","Jackson, CO",605
"08059","Jefferson, CO",219060
"08061","Kiowa, CO",637
"08063","Kit Carson, CO",3144
"08065","Lake, CO",2087
"08067","La Plata, CO",24903
"08069","Larimer, CO",140016
"08071","Las Animas, CO",5719
"08073","Lincoln, CO",2337
"08075","Logan, CO",8917
"08077","Mesa, CO",61648
"08079","Mineral, CO",508
"08081","Moffat, CO",5370
"08083","Montezuma, CO",9397
"08085","Montrose, CO",14259
"08087","Morgan, CO",12536
"08089","Otero, CO",6698
"08091","Ouray, CO",1447
"08093","Park, CO",2430
"08095","Phillips, CO",1599
"08097","Pitkin, CO",16032
"08099","Prowers, CO",5069
"08101","Pueblo, CO",60915
"08103","Rio Blanco, CO",3367
"08105","Rio Grande, CO",4473
"08107","Routt, CO",13853
"08109","Saguache, CO",1876
"08111","San Juan, CO",293
"08113","San Miguel, CO",4756
"08115","Sedgwick, CO",875
"08117","Summit, CO",18462
"08119","Teller, CO",7213
"08121","Washington, CO",1298
"08123","Weld, CO",88581
"08125","Yuma, CO",4308
"09001","Fairfield, CT",437924
"09003","Hartford, CT",522802
"09005","Litchfield, CT",63762
"09007","Middlesex, CT",69197
"09009","New Haven, CT",378590
"09011","New London, CT",138132
"09013","Tolland, CT",44550
"09015","Windham, CT",40092
"10001","Kent, DE",68550
"10003","New Castle, DE",289694
"10005","Sussex, DE",73917
"11001","District of Columbia, DC",757818
"12001","Alachua, FL",128712
"12003","Baker, FL",7056
"12005","Bay, FL",77925
"12007","Bradford, FL",7395
"12009","Brevard, FL",202854
"12011","Broward, FL",745623
"12013","Calhoun, FL",3167
"12015","Charlotte, FL",44122
"12017","Citrus, FL",33852
"12019","Clay, FL",45075
"12021","Collier, FL",124299
"12023","Columbia, FL",22643
"12027","DeSoto, FL",10490
"12029","Dixie, FL",2586
"12031","Duval, FL",489234
"12033","Escambia, FL",140230
"12035","Flagler, FL",19715
"12037","Franklin, FL",3602
"12039","Gadsden, FL",13352
"12041","Gilchrist, FL",3173
"12043","Glades, FL",2065
"12045","Gulf, FL",3759
"12047","Hamilton, FL",3439
"12049","Hardee, FL",8570
"12051","Hendry, FL",14680
"12053","Hernando, FL",39093
"12055","Highlands, FL",30136
"12057","Hillsborough, FL",621898
"12059","Holmes, FL",3649
"12061","Indian River, FL",49810
"12063","Jackson, FL",15249
"12065","Jefferson, FL",2753
"12067","Lafayette, FL",1795
"12069","Lake, FL",84559
"12071","Lee, FL",211668
"12073","Leon, FL",149569
"12075","Levy, FL",9095
"12077","Liberty, FL",2120
"12079","Madison, FL",4547
"12081","Manatee, FL",110228
"12083","Marion, FL",95976
"12085","Martin, FL",60838
"12086","Miami-Dade, FL",1059158
"12087","Monroe, FL",38780
"12089","Nassau, FL",18907
"12091","Okaloosa, FL",96144
"12093","Okeechobee, FL",11107
"12095","Orange, FL",701894
"12097","Osceola, FL",78436
"12099","Palm Beach, FL",541736
"12101","Pasco, FL",105288
"12103","Pinellas, FL",407164
"12105","Polk, FL",205640
"12107","Putnam, FL",18500
"12109","St. Johns, FL",58999
"12111","St. Lucie, FL",69193
"12113","Santa Rosa, FL",35987
"12115","Sarasota, FL",145063
"12117","Seminole, FL",166850
"12119","Sumter, FL",23598
"12121","Suwannee, FL",11710
"12123","Taylor, FL",7151
"12125","Union, FL",4075
"12127","Volusia, FL",160876
"12129","Wakulla, FL",5509
"12131","Walton, FL",20695
"12133","Washington, FL",6408
"13001","Appling, GA",6789
"13003","Atkinson, GA",1680
"13005","Bacon, GA",3607
"13007","Baker, GA",622
"13009","Baldwin, GA",16598
"13011","Banks, GA",4762
"13013","Barrow, GA",15998
"13015","Bartow, GA",33564
"13017","Ben Hill, GA",6344
"13019","Berrien, GA",4192
"13021","Bibb, GA",86688
"13023","Bleckley, GA",3698
"13025","Brantley, GA",2240
"13027","Brooks, GA",3587
"13029","Bryan, GA",6357
"13031","Bulloch, GA",24545
"13033","Burke, GA",6687
"13035","Butts, GA",6118
"13037","Calhoun, GA",1520
"13039","Camden, GA",19190
"13043","Candler, GA",2971
"13045","Carroll, GA",38249
"13047","Catoosa, GA",14160
"13049","Charlton, GA",2395
"13051","Chatham, GA",147216
"13053","Chattahoochee, GA",19433
"13055","Chattooga, GA",6071
"13057","Cherokee, GA",48575
"13059","Clarke, GA",71380
"13061","Clay, GA",737
"13063","Clayton, GA",107557
"13065","Clinch, GA",2512
"13067","Cobb, GA",316939
"13069","Coffee, GA",15741
"13071","Colquitt, GA",15701
"13073","Columbia, GA",31799
"13075","Cook, GA",4039
"13077","Coweta, GA",33421
"13079","Crawford, GA",1462
"13081","Crisp, GA",7765
"13083","Dade, GA",3314
"13085","Dawson, GA",7946
"13087","Decatur, GA",8963
"13089","DeKalb, GA",302279
"13091","Dodge, GA",5973
"13093","Dooly, GA",3185
"13095","Dougherty, GA",51420
"13097","Douglas, GA",39336
"13099","Early, GA",4554
"13101","Echols, GA",658
"13103","Effingham, GA",9894
"13105","Elbert, GA",6096
"13107","Emanuel, GA",7151
"13109","Evans, GA",4562
"13111","Fannin, GA",5781
"13113","Fayette, GA",39764
"13115","Floyd, GA",39137
"13117","Forsyth, GA",60335
"13119","Franklin, GA",7208
"13121","Fulton, GA",786281
"13123","Gilmer, GA",7793
"13125","Glascock, GA",438
"13127","Glynn, GA",37296
"13129","Gordon, GA",20721
"13131","Grady, GA",6486
"13133","Greene, GA",5338
"13135","Gwinnett, GA",328498
"13137","Habersham, GA",13762
"13139","Hall, GA",75939
"13141","Hancock, GA",1367
"13143","Haralson, GA",7491
"13145","Harris, GA",4363
"13147","Hart, GA",6717
"13149","Heard, GA",2476
"13151","Henry, GA",52775
"13153","Houston, GA",64978
"13155","Irwin, GA",2144
"13157","Jackson, GA",19736
"13159","Jasper, GA",2120
"13161","Jeff Davis, GA",4481
"13163","Jefferson, GA",5159
"13165","Jenkins, GA",1396
"13167","Johnson, GA",1845
"13169","Jones, GA",3935
"13171","Lamar, GA",3617
"13173","Lanier, GA",1587
"13175","Laurens, GA",18587
"13177","Lee, GA",5695
"13179","Liberty, GA",38729
"13181","Lincoln, GA",1470
"13183","Long, GA",1071
"13185","Lowndes, GA",53521
"13187","Lumpkin, GA",7144
"13189","McDuffie, GA",7333
"13191","McIntosh, GA",2075
"13193","Macon, GA",3374
"13195","Madison, GA",3619
"13197","Marion, GA",1580
"13199","Meriwether, GA",5147
"13201","Miller, GA",1748
"13205","Mitchell, GA",8802
"13207","Monroe, GA",6988
"13209","Montgomery, GA",1793
"13211","Morgan, GA",6524
"13213","Murray, GA",10343
"13215","Muscogee, GA",105477
"13217","Newton, GA",21660
"13219","Oconee, GA",9006
"13221","Oglethorpe, GA",2073
"13223","Paulding, GA",21203
"13225","Peach, GA",8802
"13227","Pickens, GA",7461
"13229","Pierce, GA",4156
"13231","Pike, GA",2575
"13233","Polk, GA",11687
"13235","Pulaski, GA",2925
"13237","Putnam, GA",6140
"13239","Quitman, GA",424
"13241","Rabun, GA",4971
"13243","Randolph, GA",2091
"13245","Richmond, GA",117125
"13247","Rockdale, GA",31608
"13249","Schley, GA",1141
"13251","Screven, GA",3720
"13253","Seminole, GA",2453
"13255","Spalding, GA",22939
"13257","Stephens, GA",9596
"13259","Stewart, GA",1350
"13261","Sumter, GA",11699
"13263","Talbot, GA",973
"13265","Taliaferro, GA",229
"13267","Tattnall, GA",6557
"13269","Taylor, GA",1915
"13271","Telfair, GA",3874
"13273","Terrell, GA",2524
"13275","Thomas, GA",22581
"13277","Tift, GA",19702
"13279","Toombs, GA",11673
"13281","Towns, GA",3373
"13283","Treutlen, GA",1318
"13285","Troup, GA",35811
"13287","Turner, GA",2416
"13289","Twiggs, GA",1130
"13291","Union, GA",6641
"13293","Upson, GA",7616
"13295","Walker, GA",13839
"13297","Walton, GA",20344
"13299","Ware, GA",15943
"13301","Warren, GA",1223
"13303","Washington, GA",7393
"13305","Wayne, GA",8830
"13307","Webster, GA",591
"13309","Wheeler, GA",1593
"13311","White, GA",6393
"13313","Whitfield, GA",55885
"13315","Wilcox, GA",1490
"13317","Wilkes, GA",3207
"13319","Wilkinson, GA",3085
"13321","Worth, GA",3974
"15001","Hawaii, HI",66820
"15003","Honolulu, HI",506813
"15007","Kauai, HI",29988
"15901","Maui + Kalawao, HI",70831
"16001","Ada, ID",207419
"16003","Adams, ID",1083
"16005","Bannock, ID",33948
"16007","Bear Lake, ID",1925
"16009","Benewah, ID",3610
"16011","Bingham, ID",15591
"16013","Blaine, ID",12714
"16015","Boise, ID",1623
"16017","Bonner, ID",13660
"16019","Bonneville, ID",45247
"16021","Boundary, ID",3781
"16023","Butte, ID",8698
"16025","Camas, ID",418
"16027","Canyon, ID",53885
"16029","Caribou, ID",3364
"16031","Cassia, ID",10526
"16033","Clark, ID",534
"16035","Clearwater, ID",3004
"16037","Custer, ID",1815
"16039","Elmore, ID",10382
"16041","Franklin, ID",3320
"16043","Fremont (includes Yellowstone Park), ID",3099
"16045","Gem, ID",3333
"16047","Gooding, ID",6267
"16049","Idaho, ID",4559
"16051","Jefferson, ID",6142
"16053","Jerome, ID",8556
"16055","Kootenai, ID",55041
"16057","Latah, ID",15283
"16059","Lemhi, ID",2671
"16061","Lewis, ID",1649
"16063","Lincoln, ID",1647
"16065","Madison, ID",13864
"16067","Minidoka, ID",7056
"16069","Nez Perce, ID",21405
"16071","Oneida, ID",1145
"16073","Owyhee, ID",2695
"16075","Payette, ID",6456
"16077","Power, ID",3531
"16079","Shoshone, ID",4731
"16081","Teton, ID",2768
"16083","Twin Falls, ID",34682
"16085","Valley, ID",3836
"16087","Washington, ID",3036
"17001","Adams, IL",35225
"17003","Alexander, IL",1873
"17005","Bond, IL",4759
"17007","Boone, IL",14541
"17009","Brown, IL",3371
"17011","Bureau, IL",12533
"17013","Calhoun, IL",969
"17015","Carroll, IL",4587
"17017","Cass, IL",6297
"17019","Champaign, IL",102437
"17021","Christian, IL",11718
"17023","Clark, IL",4614
"17025","Clay, IL",5183
"17027","Clinton, IL",12009
"17029","Coles, IL",25133
"17031","Cook, IL",2576256
"17033","Crawford, IL",9104
"17035","Cumberland, IL",2662
"17037","DeKalb, IL",40508
"17039","De Witt, IL",5918
"17041","Douglas, IL",8182
"17043","DuPage, IL",599672
"17045","Edgar, IL",6450
"17047","Edwards, IL",2571
"17049","Effingham, IL",20812
"17051","Fayette, IL",6549
"17053","Ford, IL",4881
"17055","Franklin, IL",9933
"17057","Fulton, IL",9370
"17059","Gallatin, IL",1283
"17061","Greene, IL",2936
"17063","Grundy, IL",17226
"17065","Hamilton, IL",1727
"17067","Hancock, IL",4510
"17069","Hardin, IL",1020
"17071","Henderson, IL",1339
"17073","Henry, IL",14211
"17075","Iroquois, IL",8890
"17077","Jackson, IL",31445
"17079","Jasper, IL",2416
"17081","Jefferson, IL",19956
"17083","Jersey, IL",5405
"17085","Jo Daviess, IL",8619
"17087","Johnson, IL",2120
"17089","Kane, IL",204458
"17091","Kankakee, IL",43598
"17093","Kendall, IL",26637
"17095","Knox, IL",22026
"17097","Lake, IL",347860
"17099","LaSalle, IL",45123
"17101","Lawrence, IL",4417
"17103","Lee, IL",12709
"17105","Livingston, IL",14593
"17107","Logan, IL",9920
"17109","McDonough, IL",14315
"17111","McHenry, IL",99029
"17113","McLean, IL",94588
"17115","Macon, IL",54618
"17117","Macoupin, IL",11158
"17119","Madison, IL",103084
"17121","Marion, IL",14289
"17123","Marshall, IL",3399
"17125","Mason, IL",3505
"17127","Massac, IL",4346
"17129","Menard, IL",2426
"17131","Mercer, IL",3530
"17133","Monroe, IL",9047
"17135","Montgomery, IL",9951
"17137","Morgan, IL",14837
"17139","Moultrie, IL",4207
"17141","Ogle, IL",16799
"17143","Peoria, IL",107920
"17145","Perry, IL",5393
"17147","Piatt, IL",3613
"17149","Pike, IL",4674
"17151","Pope, IL",721
"17153","Pulaski, IL",1808
"17155","Putnam, IL",1561
"17157","Randolph, IL",12252
"17159","Richland, IL",6763
"17161","Rock Island, IL",79735
"17163","St. Clair, IL",110565
"17165","Saline, IL",9979
"17167","Sangamon, IL",110691
"17169","Schuyler, IL",2120
"17171","Scott, IL",1132
"17173","Shelby, IL",5262
"17175","Stark, IL",1319
"17177","Stephenson, IL",19446
"17179","Tazewell, IL",62615
"17181","Union, IL",4988
"17183","Vermilion, IL",30226
"17185","Wabash, IL",3503
"17187","Warren, IL",6678
"17189","Washington, IL",5432
"17191","Wayne, IL",4847
"17193","White, IL",5026
"17195","Whiteside, IL",22056
"17197","Will, IL",215402
"17199","Williamson, IL",27662
"17201","Winnebago, IL",132639
"17203","Woodford, IL",11198
"18001","Adams, IN",13276
"18003","Allen, IN",187835
"18005","Bartholomew, IN",46941
"18007","Benton, IN",2575
"18009","Blackford, IN",3523
"18011","Boone, IN",22740
"18013","Brown, IN",3324
"18015","Carroll, IN",5463
"18017","Cass, IN",15272
"18019","Clark, IN",49821
"18021","Clay, IN",8084
"18023","Clinton, IN",11363
"18025","Crawford, IN",2101
"18027","Daviess, IN",11551
"18029","Dearborn, IN",15631
"18031","Decatur, IN",12115
"18033","DeKalb, IN",19701
"18035","Delaware, IN",49450
"18037","Dubois, IN",27753
"18039","Elkhart, IN",110199
"18041","Fayette, IN",6887
"18043","Floyd, IN",30839
"18045","Fountain, IN",5612
"18047","Franklin, IN",4457
"18049","Fulton, IN",6929
"18051","Gibson, IN",18245
"18053","Grant, IN",29027
"18055","Greene, IN",7263
"18057","Hamilton, IN",120381
"18059","Hancock, IN",20871
"18061","Harrison, IN",11754
"18063","Hendricks, IN",56367
"18065","Henry, IN",12716
"18067","Howard, IN",38304
"18069","Huntington, IN",15235
"18071","Jackson, IN",19517
"18073","Jasper, IN",11770
"18075","Jay, IN",8242
"18077","Jefferson, IN",12931
"18079","Jennings, IN",7862
"18081","Johnson, IN",46599
"18083","Knox, IN",18408
"18085","Kosciusko, IN",36306
"18087","Lagrange, IN",11816
"18089","Lake, IN",200483
"18091","LaPorte, IN",44561
"18093","Lawrence, IN",13622
"18095","Madison, IN",41952
"18097","Marion, IN",599514
"18099","Marshall, IN",18233
"18101","Martin, IN",8078
"18103","Miami, IN",9949
"18105","Monroe, IN",71530
"18107","Montgomery, IN",15504
"18109","Morgan, IN",15554
"18111","Newton, IN",3878
"18113","Noble, IN",18070
"18115","Ohio, IN",1662
"18117","Orange, IN",7723
"18119","Owen, IN",5067
"18121","Parke, IN",3464
"18123","Perry, IN",6501
"18125","Pike, IN",3383
"18127","Porter, IN",60620
"18129","Posey, IN",9316
"18131","Pulaski, IN",4663
"18133","Putnam, IN",12710
"18135","Randolph, IN",7766
"18137","Ripley, IN",14203
"18139","Rush, IN",4888
"18141","St. Joseph, IN",127849
"18143","Scott, IN",6970
"18145","Shelby, IN",16866
"18147","Spencer, IN",7391
"18149","Starke, IN",4651
"18151","Steuben, IN",14950
"18153","Sullivan, IN",6242
"18155","Switzerland, IN",2575
"18157","Tippecanoe, IN",86956
"18159","Tipton, IN",3942
"18161","Union, IN",1539
"18163","Vanderburgh, IN",113686
"18165","Vermillion, IN",4360
"18167","Vigo, IN",53638
"18169","Wabash, IN",12435
"18171","Warren, IN",2123
"18173","Warrick, IN",15749
"18175","Washington, IN",5968
"18177","Wayne, IN",30801
"18179","Wells, IN",10856
"18181","White, IN",9127
"18183","Whitley, IN",11785
"19001","Adair, IA",2946
"19003","Adams, IA",1458
"19005","Allamakee, IA",5372
"19007","Appanoose, IA",4612
"19009","Audubon, IA",1835
"19011","Benton, IA",6168
"19013","Black Hawk, IA",78106
"19015","Boone, IA",9897
"19017","Bremer, IA",10282
"19019","Buchanan, IA",6608
"19021","Buena Vista, IA",10935
"19023","Butler, IA",4072
"19025","Calhoun, IA",3298
"19027","Carroll, IA",12628
"19029","Cass, IA",6231
"19031","Cedar, IA",5912
"19033","Cerro Gordo, IA",25672
"19035","Cherokee, IA",5839
"19037","Chickasaw, IA",5086
"19039","Clarke, IA",4207
"19041","Clay, IA",9523
"19043","Clayton, IA",7125
"19045","Clinton, IA",24558
"19047","Crawford, IA",7993
"19049","Dallas, IA",35293
"19051","Davis, IA",2087
"19053","Decatur, IA",2530
"19055","Delaware, IA",6629
"19057","Des Moines, IA",22506
"19059","Dickinson, IA",8774
"19061","Dubuque, IA",58285
"19063","Emmet, IA",4365
"19065","Fayette, IA",7833
"19067","Floyd, IA",5818
"19069","Franklin, IA",4242
"19071","Fremont, IA",2863
"19073","Greene, IA",3397
"19075","Grundy, IA",4300
"19077","Guthrie, IA",3306
"19079","Hamilton, IA",6179
"19081","Hancock, IA",6064
"19083","Hardin, IA",7903
"19085","Harrison, IA",4389
"19087","Henry, IA",9741
"19089","Howard, IA",4261
"19091","Humboldt, IA",4017
"19093","Ida, IA",3510
"19095","Iowa, IA",9035
"19097","Jackson, IA",6480
"19099","Jasper, IA",11307
"19101","Jefferson, IA",7485
"19103","Johnson, IA",89088
"19105","Jones, IA",6876
"19107","Keokuk, IA",2602
"19109","Kossuth, IA",6930
"19111","Lee, IA",16673
"19113","Linn, IA",131665
"19115","Louisa, IA",3843
"19117","Lucas, IA",3292
"19119","Lyon, IA",4622
"19121","Madison, IA",3907
"19123","Mahaska, IA",8478
"19125","Marion, IA",17058
"19127","Marshall, IA",19070
"19129","Mills, IA",4312
"19131","Mitchell, IA",4010
"19133","Monona, IA",2991
"19135","Monroe, IA",3628
"19137","Montgomery, IA",4229
"19139","Muscatine, IA",22487
"19141","O'Brien, IA",6638
"19143","Osceola, IA",2370
"19145","Page, IA",6506
"19147","Palo Alto, IA",3964
"19149","Plymouth, IA",11059
"19151","Pocahontas, IA",2920
"19153","Polk, IA",281421
"19155","Pottawattamie, IA",39923
"19157","Poweshiek, IA",10452
"19159","Ringgold, IA",1558
"19161","Sac, IA",3612
"19163","Scott, IA",91360
"19165","Shelby, IA",5870
"19167","Sioux, IA",20233
"19169","Story, IA",49341
"19171","Tama, IA",5303
"19173","Taylor, IA",2040
"19175","Union, IA",6966
"19177","Van Buren, IA",2142
"19179","Wapello, IA",16600
"19181","Warren, IA",10476
"19183","Washington, IA",8417
"19185","Wayne, IA",2116
"19187","Webster, IA",18836
"19189","Winnebago, IA",4828
"19191","Winneshiek, IA",11239
"19193","Woodbury, IA",52951
"19195","Worth, IA",2433
"19197","Wright, IA",5903
"20001","Allen, KS",6321
"20003","Anderson, KS",2372
"20005","Atchison, KS",6482
"20007","Barber, KS",1982
"20009","Barton, KS",13875
"20011","Bourbon, KS",6525
"20013","Brown, KS",5109
"20015","Butler, KS",19833
"20017","Chase, KS",840
"20019","Chautauqua, KS",967
"20021","Cherokee, KS",6367
"20023","Cheyenne, KS",897
"20025","Clark, KS",865
"20027","Clay, KS",3388
"20029","Cloud, KS",3913
"20031","Coffey, KS",4289
"20033","Comanche, KS",733
"20035","Cowley, KS",14730
"20037","Crawford, KS",18112
"20039","Decatur, KS",1085
"20041","Dickinson, KS",7348
"20043","Doniphan, KS",2440
"20045","Douglas, KS",52533
"20047","Edwards, KS",1078
"20049","Elk, KS",753
"20051","Ellis, KS",17250
"20053","Ellsworth, KS",2785
"20055","Finney, KS",19955
"20057","Ford, KS",18388
"20059","Franklin, KS",9787
"20061","Geary, KS",34870
"20063","Gove, KS",1386
"20065","Graham, KS",1159
"20067","Grant, KS",3659
"20069","Gray, KS",3277
"20071","Greeley, KS",666
"20073","Greenwood, KS",1895
"20075","Hamilton, KS",1071
"20077","Harper, KS",2509
"20079","Harvey, KS",14597
"20081","Haskell, KS",1801
"20083","Hodgeman, KS",644
"20085","Jackson, KS",4367
"20087","Jefferson, KS",3741
"20089","Jewell, KS",955
"20091","Johnson, KS",326542
"20093","Kearny, KS",1468
"20095","Kingman, KS",2913
"20097","Kiowa, KS",1226
"20099","Labette, KS",9914
"20101","Lane, KS",922
"20103","Leavenworth, KS",26425
"20105","Lincoln, KS",1077
"20107","Linn, KS",2120
"20109","Logan, KS",1402
"20111","Lyon, KS",16514
"20113","McPherson, KS",15106
"20115","Marion, KS",4132
"20117","Marshall, KS",5274
"20119","Meade, KS",1693
"20121","Miami, KS",8246
"20123","Mitchell, KS",3670
"20125","Montgomery, KS",17733
"20127","Morris, KS",1690
"20129","Morton, KS",1451
"20131","Nemaha, KS",5406
"20133","Neosho, KS",7299
"20135","Ness, KS",1419
"20137","Norton, KS",2784
"20139","Osage, KS",3227
"20141","Osborne, KS",1610
"20143","Ottawa, KS",1494
"20145","Pawnee, KS",3391
"20147","Phillips, KS",2531
"20149","Pottawatomie, KS",9445
"20151","Pratt, KS",4924
"20153","Rawlins, KS",1005
"20155","Reno, KS",30017
"20157","Republic, KS",2278
"20159","Rice, KS",4000
"20161","Riley, KS",32996
"20163","Rooks, KS",2033
"20165","Rush, KS",1345
"20167","Russell, KS",2964
"20169","Saline, KS",30969
"20171","Scott, KS",2079
"20173","Sedgwick, KS",257901
"20175","Seward, KS",12401
"20177","Shawnee, KS",102199
"20179","Sheridan, KS",1073
"20181","Sherman, KS",2910
"20183","Smith, KS",1524
"20185","Stafford, KS",1537
"20187","Stanton, KS",917
"20189","Stevens, KS",1983
"20191","Sumner, KS",6761
"20193","Thomas, KS",4527
"20195","Trego, KS",1356
"20197","Wabaunsee, KS",1542
"20199","Wallace, KS",569
"20201","Washington, KS",2284
"20203","Wichita, KS",884
"20205","Wilson, KS",3532
"20207","Woodson, KS",796
"20209","Wyandotte, KS",90027
"21001","Adair, KY",5334
"21003","Allen, KY",4623
"21005","Anderson, KY",4597
"21007","Ballard, KY",2838
"21009","Barren, KY",17612
"21011","Bath, KY",1870
"21013","Bell, KY",9601
"21015","Boone, KY",77881
"21017","Bourbon, KY",7915
"21019","Boyd, KY",28370
"21021","Boyle, KY",15062
"21023","Bracken, KY",1495
"21025","Breathitt, KY",3387
"21027","Breckinridge, KY",3771
"21029","Bullitt, KY",19507
"21031","Butler, KY",2833
"21033","Caldwell, KY",4365
"21035","Calloway, KY",17532
"21037","Campbell, KY",30654
"21039","Carlisle, KY",954
"21041","Carroll, KY",6344
"21043","Carter, KY",6588
"21045","Casey, KY",3856
"21047","Christian, KY",66660
"21049","Clark, KY",13021
"21051","Clay, KY",4378
"21053","Clinton, KY",4103
"21055","Crittenden, KY",2134
"21057","Cumberland, KY",1742
"21059","Daviess, KY",46235
"21061","Edmonson, KY",1669
"21063","Elliott, KY",1000
"21065","Estill, KY",2537
"21067","Fayette, KY",191129
"21069","Fleming, KY",3323
"21071","Floyd, KY",12735
"21073","Franklin, KY",32019
"21075","Fulton, KY",2750
"21077","Gallatin, KY",2483
"21079","Garrard, KY",2322
"21081","Grant, KY",5206
"21083","Graves, KY",12055
"21085","Grayson, KY",7822
"21087","Green, KY",2051
"21089","Greenup, KY",8891
"21091","Hancock, KY",4330
"21093","Hardin, KY",58241
"21095","Harlan, KY",9159
"21097","Harrison, KY",5230
"21099","Hart, KY",4969
"21101","Henderson, KY",20173
"21103","Henry, KY",3390
"21105","Hickman, KY",1135
"21107","Hopkins, KY",18717
"21109","Jackson, KY",2501
"21111","Jefferson, KY",444394
"21113","Jessamine, KY",16470
"21115","Johnson, KY",6458
"21117","Kenton, KY",66449
"21119","Knott, KY",3647
"21121","Knox, KY",8682
"21123","Larue, KY",2869
"21125","Laurel, KY",24316
"21127","Lawrence, KY",3765
"21129","Lee, KY",1884
"21131","Leslie, KY",2277
"21133","Letcher, KY",6354
"21135","Lewis, KY",2275
"21137","Lincoln, KY",4721
"21139","Livingston, KY",2883
"21141","Logan, KY",8635
"21143","Lyon, KY",2366
"21145","McCracken, KY",40276
"21147","McCreary, KY",3179
"21149","McLean, KY",1951
"21151","Madison, KY",35038
"21153","Magoffin, KY",2308
"21155","Marion, KY",7699
"21157","Marshall, KY",11192
"21159","Martin, KY",3248
"21161","Mason, KY",9209
"21163","Meade, KY",4745
"21165","Menifee, KY",1050
"21167","Mercer, KY",6380
"21169","Metcalfe, KY",2014
"21171","Monroe, KY",3144
"21173","Montgomery, KY",11064
"21175","Morgan, KY",3415
"21177","Muhlenberg, KY",9787
"21179","Nelson, KY",14722
"21181","Nicholas, KY",1133
"21183","Ohio, KY",8113
"21185","Oldham, KY",14933
"21187","Owen, KY",1862
"21189","Owsley, KY",759
"21191","Pendleton, KY",2522
"21193","Perry, KY",14000
"21195","Pike, KY",25842
"21197","Powell, KY",2648
"21199","Pulaski, KY",26420
"21201","Robertson, KY",367
"21203","Rockcastle, KY",3482
"21205","Rowan, KY",11051
"21207","Russell, KY",6665
"21209","Scott, KY",23300
"21211","Shelby, KY",13871
"21213","Simpson, KY",8199
"21215","Spencer, KY",1952
"21217","Taylor, KY",11823
"21219","Todd, KY",2694
"21221","Trigg, KY",3505
"21223","Trimble, KY",1145
"21225","Union, KY",6633
"21227","Warren, KY",60457
"21229","Washington, KY",3323
"21231","Wayne, KY",5543
"21233","Webster, KY",3675
"21235","Whitley, KY",13138
"21237","Wolfe, KY",1285
"21239","Woodford, KY",10637
"22001","Acadia, LA",16546
"22003","Allen, LA",9005
"22005","Ascension, LA",39400
"22007","Assumption, LA",4872
"22009","Avoyelles, LA",12305
"22011","Beauregard, LA",8940
"22013","Bienville, LA",4544
"22015","Bossier, LA",52956
"22017","Caddo, LA",129363
"22019","Calcasieu, LA",88455
"22021","Caldwell, LA",2722
"22023","Cameron, LA",2836
"22025","Catahoula, LA",2825
"22027","Claiborne, LA",4557
"22029","Concordia, LA",6356
"22031","De Soto, LA",7629
"22033","East Baton Rouge, LA",271964
"22035","East Carroll, LA",2187
"22037","East Feliciana, LA",5327
"22039","Evangeline, LA",8936
"22041","Franklin, LA",5709
"22043","Grant, LA",3708
"22045","Iberia, LA",34109
"22047","Iberville, LA",14792
"22049","Jackson, LA",3925
"22051","Jefferson, LA",207820
"22053","Jefferson Davis, LA",9376
"22055","Lafayette, LA",141956
"22057","Lafourche, LA",39945
"22059","La Salle, LA",4967
"22061","Lincoln, LA",19812
"22063","Livingston, LA",24526
"22065","Madison, LA",3721
"22067","Morehouse, LA",7562
"22069","Natchitoches, LA",14296
"22071","Orleans, LA",198737
"22073","Ouachita, LA",72785
"22075","Plaquemines, LA",16199
"22077","Pointe Coupee, LA",6312
"22079","Rapides, LA",63376
"22081","Red River, LA",2859
"22083","Richland, LA",7017
"22085","Sabine, LA",6016
"22087","St. Bernard, LA",12024
"22089","St. Charles, LA",24878
"22091","St. Helena, LA",1677
"22093","St. James, LA",8164
"22095","St. John the Baptist, LA",16046
"22097","St. Landry, LA",26722
"22099","St. Martin, LA",13019
"22101","St. Mary, LA",27963
"22103","St. Tammany, LA",83155
"22105","Tangipahoa, LA",45631
"22107","Tensas, LA",1633
"22109","Terrebonne, LA",56709
"22111","Union, LA",5346
"22113","Vermilion, LA",14878
"22115","Vernon, LA",26002
"22117","Washington, LA",11029
"22119","Webster, LA",13853
"22121","West Baton Rouge, LA",12232
"22123","West Carroll, LA",2574
"22125","West Feliciana, LA",5580
"22127","Winn, LA",5439
"23001","Androscoggin, ME",50302
"23003","Aroostook, ME",29895
"23005","Cumberland, ME",182756
"23007","Franklin, ME",11745
"23009","Hancock, ME",23755
"23011","Kennebec, ME",61256
"23013","Knox, ME",17542
"23015","Lincoln, ME",11680
"23017","Oxford, ME",17183
"23019","Penobscot, ME",73826
"23021","Piscataquis, ME",5936
"23023","Sagadahoc, ME",16093
"23025","Somerset, ME",17923
"23027","Waldo, ME",11326
"23029","Washington, ME",11042
"23031","York, ME",71065
"24001","Allegany, MD",32044
"24003","Anne Arundel, MD",291145
"24005","Baltimore, MD",387422
"24009","Calvert, MD",23110
"24011","Caroline, MD",8759
"24013","Carroll, MD",59491
"24015","Cecil, MD",30431
"24017","Charles, MD",44224
"24019","Dorchester, MD",11839
"24021","Frederick, MD",99262
"24023","Garrett, MD",12359
"24025","Harford, MD",91216
"24027","Howard, MD",163581
"24029","Kent, MD",8470
"24031","Montgomery, MD",493469
"24033","Prince George's, MD",329520
"24035","Queen Anne's, MD",14345
"24037","St. Mary's, MD",47127
"24039","Somerset, MD",7143
"24041","Talbot, MD",19571
"24043","Washington, MD",69101
"24045","Wicomico, MD",46415
"24047","Worcester, MD",24578
"24510","Baltimore (Independent City), MD",349892
"25001","Barnstable, MA",94263
"25003","Berkshire, MA",64391
"25005","Bristol, MA",218840
"25007","Dukes, MA",8360
"25009","Essex, MA",314764
"25011","Franklin, MA",26950
"25013","Hampden, MA",201688
"25015","Hampshire, MA",66654
"25017","Middlesex, MA",872490
"25019","Nantucket, MA",5996
"25021","Norfolk, MA",333971
"25023","Plymouth, MA",182369
"25025","Suffolk, MA",626356
"25027","Worcester, MA",333200
"26001","Alcona, MI",1726
"26003","Alger, MI",2724
"26005","Allegan, MI",35692
"26007","Alpena, MI",11777
"26009","Antrim, MI",5368
"26011","Arenac, MI",4837
"26013","Baraga, MI",3079
"26015","Barry, MI",11974
"26017","Bay, MI",37959
"26019","Benzie, MI",4259
"26021","Berrien, MI",63292
"26023","Branch, MI",13553
"26025","Calhoun, MI",57431
"26027","Cass, MI",9763
"26029","Charlevoix, MI",9951
"26031","Cheboygan, MI",6910
"26033","Chippewa, MI",14073
"26035","Clare, MI",7498
"26037","Clinton, MI",15486
"26039","Crawford, MI",3962
"26041","Delta, MI",14842
"26043","Dickinson, MI",14458
"26045","Eaton, MI",32273
"26047","Emmet, MI",17425
"26049","Genesee, MI",138880
"26051","Gladwin, MI",4343
"26053","Gogebic, MI",5739
"26055","Grand Traverse, MI",46620
"26057","Gratiot, MI",13734
"26059","Hillsdale, MI",12474
"26061","Houghton, MI",13904
"26063","Huron, MI",12310
"26065","Ingham, MI",167327
"26067","Ionia, MI",20603
"26069","Iosco, MI",7491
"26071","Iron, MI",3849
"26073","Isabella, MI",31371
"26075","Jackson, MI",57772
"26077","Kalamazoo, MI",114972
"26079","Kalkaska, MI",4033
"26081","Kent, MI",338905
"26083","Keweenaw, MI",463
"26085","Lake, MI",1808
"26087","Lapeer, MI",21481
"26089","Leelanau, MI",6134
"26091","Lenawee, MI",28147
"26093","Livingston, MI",49892
"26095","Luce, MI",1774
"26097","Mackinac, MI",4592
"26099","Macomb, MI",301949
"26101","Manistee, MI",7552
"26103","Marquette, MI",29087
"26105","Mason, MI",10548
"26107","Mecosta, MI",13808
"26109","Menominee, MI",8036
"26111","Midland, MI",37334
"26113","Missaukee, MI",3005
"26115","Monroe, MI",39398
"26117","Montcalm, MI",15919
"26119","Montmorency, MI",2005
"26121","Muskegon, MI",61031
"26123","Newaygo, MI",11127
"26125","Oakland, MI",682832
"26127","Oceana, MI",7634
"26129","Ogemaw, MI",6372
"26131","Ontonagon, MI",1633
"26133","Osceola, MI",6006
"26135","Oscoda, MI",1759
"26137","Otsego, MI",9949
"26139","Ottawa, MI",111771
"26141","Presque Isle, MI",3195
"26143","Roscommon, MI",5904
"26145","Saginaw, MI",87227
"26147","St. Clair, MI",46796
"26149","St. Joseph, MI",20329
"26151","Sanilac, MI",11112
"26153","Schoolcraft, MI",3005
"26155","Shiawassee, MI",17476
"26157","Tuscola, MI",12183
"26159","Van Buren, MI",22113
"26161","Washtenaw, MI",201614
"26163","Wayne, MI",727174
"26165","Wexford, MI",13382
"27001","Aitkin, MN",4029
"27003","Anoka, MN",115754
"27005","Becker, MN",14023
"27007","Beltrami, MN",18671
"27009","Benton, MN",16921
"27011","Big Stone, MN",2102
"27013","Blue Earth, MN",39916
"27015","Brown, MN",14470
"27017","Carlton, MN",13566
"27019","Carver, MN",35708
"27021","Cass, MN",10393
"27023","Chippewa, MN",6146
"27025","Chisago, MN",14650
"27027","Clay, MN",20353
"27029","Clearwater, MN",2720
"27031","Cook, MN",2798
"27033","Cottonwood, MN",5500
"27035","Crow Wing, MN",29222
"27037","Dakota, MN",183106
"27039","Dodge, MN",5607
"27041","Douglas, MN",18439
"27043","Faribault, MN",5454
"27045","Fillmore, MN",6522
"27047","Freeborn, MN",12996
"27049","Goodhue, MN",22966
"27051","Grant, MN",2028
"27053","Hennepin, MN",889184
"27055","Houston, MN",5298
"27057","Hubbard, MN",5859
"27059","Isanti, MN",10962
"27061","Itasca, MN",17010
"27063","Jackson, MN",5546
"27065","Kanabec, MN",3942
"27067","Kandiyohi, MN",23368
"27069","Kittson, MN",1577
"27071","Koochiching, MN",5490
"27073","Lac qui Parle, MN",2581
"27075","Lake, MN",4627
"27077","Lake of the Woods, MN",1552
"27079","Le Sueur, MN",8514
"27081","Lincoln, MN",1897
"27083","Lyon, MN",15556
"27085","McLeod, MN",17669
"27087","Mahnomen, MN",2078
"27089","Marshall, MN",2630
"27091","Martin, MN",9629
"27093","Meeker, MN",7082
"27095","Mille Lacs, MN",9699
"27097","Morrison, MN",12282
"27099","Mower, MN",17487
"27101","Murray, MN",3226
"27103","Nicollet, MN",14644
"27105","Nobles, MN",10991
"27107","Norman, MN",2070
"27109","Olmsted, MN",92467
"27111","Otter Tail, MN",23348
"27113","Pennington, MN",10105
"27115","Pine, MN",8867
"27117","Pipestone, MN",4723
"27119","Polk, MN",12823
"27121","Pope, MN",4098
"27123","Ramsey, MN",340900
"27125","Red Lake, MN",1293
"27127","Redwood, MN",7038
"27129","Renville, MN",5718
"27131","Rice, MN",24640
"27133","Rock, MN",3547
"27135","Roseau, MN",8634
"27137","St. Louis, MN",100640
"27139","Scott, MN",44886
"27141","Sherburne, MN",24591
"27143","Sibley, MN",4103
"27145","Stearns, MN",85932
"27147","Steele, MN",22129
"27149","Stevens, MN",5271
"27151","Swift, MN",3957
"27153","Todd, MN",6611
"27155","Traverse, MN",1222
"27157","Wabasha, MN",7292
"27159","Wadena, MN",6036
"27161","Waseca, MN",8131
"27163","Washington, MN",78225
"27165","Watonwan, MN",4274
"27167","Wilkin, MN",2371
"27169","Winona, MN",26187
"27171","Wright, MN",38536
"27173","Yellow Medicine, MN",4510
"28001","Adams, MS",12497
"28003","Alcorn, MS",13785
"28005","Amite, MS",2221
"28007","Attala, MS",5188
"28009","Benton, MS",1545
"28011","Bolivar, MS",13456
"28013","Calhoun, MS",3869
"28015","Carroll, MS",1454
"28017","Chickasaw, MS",6499
"28019","Choctaw, MS",2203
"28021","Claiborne, MS",4280
"28023","Clarke, MS",3417
"28025","Clay, MS",5668
"28027","Coahoma, MS",9430
"28029","Copiah, MS",8401
"28031","Covington, MS",5591
"28033","DeSoto, MS",50328
"28035","Forrest, MS",40525
"28037","Franklin, MS",1869
"28039","George, MS",4974
"28041","Greene, MS",2339
"28043","Grenada, MS",10451
"28045","Hancock, MS",15438
"28047","Harrison, MS",99679
"28049","Hinds, MS",138175
"28051","Holmes, MS",4318
"28053","Humphreys, MS",3435
"28055","Issaquena, MS",304
"28057","Itawamba, MS",5987
"28059","Jackson, MS",53124
"28061","Jasper, MS",4714
"28063","Jefferson, MS",1441
"28065","Jefferson Davis, MS",2159
"28067","Jones, MS",30815
"28069","Kemper, MS",2733
"28071","Lafayette, MS",20980
"28073","Lamar, MS",19067
"28075","Lauderdale, MS",37787
"28077","Lawrence, MS",2828
"28079","Leake, MS",6009
"28081","Lee, MS",53271
"28083","Leflore, MS",15760
"28085","Lincoln, MS",12330
"28087","Lowndes, MS",28337
"28089","Madison, MS",49912
"28091","Marion, MS",8982
"28093","Marshall, MS",6867
"28095","Monroe, MS",10497
"28097","Montgomery, MS",2996
"28099","Neshoba, MS",13730
"28101","Newton, MS",6465
"28103","Noxubee, MS",2857
"28105","Oktibbeha, MS",21286
"28107","Panola, MS",11952
"28109","Pearl River, MS",11282
"28111","Perry, MS",2466
"28113","Pike, MS",15557
"28115","Pontotoc, MS",11729
"28117","Prentiss, MS",7785
"28119","Quitman, MS",1517
"28121","Rankin, MS",61661
"28123","Scott, MS",13218
"28125","Sharkey, MS",1453
"28127","Simpson, MS",8465
"28129","Smith, MS",3249
"28131","Stone, MS",4536
"28133","Sunflower, MS",10189
"28135","Tallahatchie, MS",3428
"28137","Tate, MS",6239
"28139","Tippah, MS",6298
"28141","Tishomingo, MS",5612
"28143","Tunica, MS",12070
"28145","Union, MS",9679
"28147","Walthall, MS",3065
"28149","Warren, MS",22740
"28151","Washington, MS",20352
"28153","Wayne, MS",5938
"28155","Webster, MS",2344
"28157","Wilkinson, MS",2619
"28159","Winston, MS",5234
"28161","Yalobusha, MS",3430
"28163","Yazoo, MS",7253
"29001","Adair, MO",11095
"29003","Andrew, MO",2648
"29005","Atchison, MO",1850
"29007","Audrain, MO",9924
"29009","Barry, MO",15027
"29011","Barton, MO",3727
"29013","Bates, MO",4047
"29015","Benton, MO",3699
"29017","Bollinger, MO",1892
"29019","Boone, MO",94385
"29021","Buchanan, MO",48922
"29023","Butler, MO",19573
"29025","Caldwell, MO",1638
"29027","Callaway, MO",14942
"29029","Camden, MO",16923
"29031","Cape Girardeau, MO",42811
"29033","Carroll, MO",2537
"29035","Carter, MO",1526
"29037","Cass, MO",24897
"29039","Cedar, MO",3390
"29041","Chariton, MO",2293
"29043","Christian, MO",15888
"29045","Clark, MO",1625
"29047","Clay, MO",96835
"29049","Clinton, MO",4542
"29051","Cole, MO",55665
"29053","Cooper, MO",5957
"29055","Crawford, MO",6592
"29057","Dade, MO",1928
"29059","Dallas, MO",2658
"29061","Daviess, MO",1714
"29063","DeKalb, MO",3626
"29065","Dent, MO",4161
"29067","Douglas, MO",2649
"29069","Dunklin, MO",9862
"29071","Franklin, MO",38146
"29073","Gasconade, MO",5369
"29075","Gentry, MO",2527
"29077","Greene, MO",161897
"29079","Grundy, MO",3773
"29081","Harrison, MO",2739
"29083","Henry, MO",7772
"29085","Hickory, MO",1244
"29087","Holt, MO",1420
"29089","Howard, MO",2703
"29091","Howell, MO",16082
"29093","Iron, MO",3034
"29095","Jackson, MO",371004
"29097","Jasper, MO",60798
"29099","Jefferson, MO",51252
"29101","Johnson, MO",20386
"29103","Knox, MO",1120
"29105","Laclede, MO",13045
"29107","Lafayette, MO",9506
"29109","Lawrence, MO",9223
"29111","Lewis, MO",2774
"29113","Lincoln, MO",11096
"29115","Linn, MO",4220
"29117","Livingston, MO",6406
"29119","McDonald, MO",7192
"29121","Macon, MO",5235
"29123","Madison, MO",3600
"29125","Maries, MO",1408
"29127","Marion, MO",14989
"29129","Mercer, MO",845
"29131","Miller, MO",6249
"29133","Mississippi, MO",3982
"29135","Moniteau, MO",4352
"29137","Monroe, MO",2007
"29139","Montgomery, MO",3246
"29141","Morgan, MO",4278
"29143","New Madrid, MO",7568
"29145","Newton, MO",20744
"29147","Nodaway, MO",9033
"29149","Oregon, MO",2609
"29151","Osage, MO",3872
"29153","Ozark, MO",1663
"29155","Pemiscot, MO",6184
"29157","Perry, MO",9784
"29159","Pettis, MO",19782
"29161","Phelps, MO",19149
"29163","Pike, MO",6127
"29165","Platte, MO",43122
"29167","Polk, MO",8420
"29169","Pulaski, MO",28009
"29171","Putnam, MO",1113
"29173","Ralls, MO",2774
"29175","Randolph, MO",10328
"29177","Ray, MO",4406
"29179","Reynolds, MO",1740
"29181","Ripley, MO",3062
"29183","St. Charles, MO",134620
"29185","St. Clair, MO",1902
"29186","Ste. Genevieve, MO",6069
"29187","St. Francois, MO",24316
"29189","St. Louis, MO",618796
"29195","Saline, MO",9349
"29197","Schuyler, MO",799
"29199","Scotland, MO",1312
"29201","Scott, MO",15404
"29203","Shannon, MO",1362
"29205","Shelby, MO",2083
"29207","Stoddard, MO",11002
"29209","Stone, MO",6722
"29211","Sullivan, MO",2683
"29213","Taney, MO",28793
"29215","Texas, MO",6465
"29217","Vernon, MO",7467
"29219","Warren, MO",7197
"29221","Washington, MO",4800
"29223","Wayne, MO",2702
"29225","Webster, MO",7000
"29227","Worth, MO",483
"29229","Wright, MO",5245
"29510","St. Louis (Independent City), MO",237597
"30001","Beaverhead, MT",3896
"30003","Big Horn, MT",4826
"30005","Blaine, MT",1687
"30007","Broadwater, MT",1412
"30009","Carbon, MT",2664
"30011","Carter, MT",341
"30013","Cascade, MT",40427
"30015","Chouteau, MT",1531
"30017","Custer, MT",5826
"30019","Daniels, MT",669
"30021","Dawson, MT",4073
"30023","Deer Lodge, MT",3361
"30025","Fallon, MT",1689
"30027","Fergus, MT",4781
"30029","Flathead, MT",39779
"30031","Gallatin, MT",47630
"30033","Garfield, MT",377
"30035","Glacier, MT",4566
"30037","Golden Valley, MT",227
"30039","Granite, MT",850
"30041","Hill, MT",8027
"30043","Jefferson, MT",2581
"30045","Judith Basin, MT",488
"30047","Lake, MT",8672
"30049","Lewis and Clark, MT",36798
"30051","Liberty, MT",607
"30053","Lincoln, MT",5549
"30055","McCone, MT",672
"30057","Madison, MT",3700
"30059","Meagher, MT",604
"30061","Mineral, MT",1242
"30063","Missoula, MT",59384
"30065","Musselshell, MT",1328
"30067","Park, MT",5544
"30069","Petroleum, MT",162
"30071","Phillips, MT",1585
"30073","Pondera, MT",1929
"30075","Powder River, MT",582
"30077","Powell, MT",2586
"30079","Prairie, MT",345
"30081","Ravalli, MT",11135
"30083","Richland, MT",6176
"30085","Roosevelt, MT",3928
"30087","Rosebud, MT",4663
"30089","Sanders, MT",2948
"30091","Sheridan, MT",1479
"30093","Silver Bow, MT",16353
"30095","Stillwater, MT",3287
"30097","Sweet Grass, MT",1487
"30099","Teton, MT",1981
"30101","Toole, MT",2269
"30103","Treasure, MT",207
"30105","Valley, MT",3095
"30107","Wheatland, MT",611
"30109","Wibaux, MT",365
"30111","Yellowstone, MT",81503
"31001","Adams, NE",15923
"31003","Antelope, NE",2449
"31005","Arthur, NE",143
"31007","Banner, NE",217
"31009","Blaine, NE",192
"31011","Boone, NE",2361
"31013","Box Butte, NE",5338
"31015","Boyd, NE",657
"31017","Brown, NE",1345
"31019","Buffalo, NE",27228
"31021","Burt, NE",1997
"31023","Butler, NE",2747
"31025","Cass, NE",5357
"31027","Cedar, NE",2997
"31029","Chase, NE",1821
"31031","Cherry, NE",2628
"31033","Cheyenne, NE",6062
"31035","Clay, NE",2783
"31037","Colfax, NE",5121
"31039","Cuming, NE",4222
"31041","Custer, NE",4479
"31043","Dakota, NE",12301
"31045","Dawes, NE",3725
"31047","Dawson, NE",11663
"31049","Deuel, NE",660
"31051","Dixon, NE",2047
"31053","Dodge, NE",17611
"31055","Douglas, NE",340613
"31057","Dundy, NE",747
"31059","Fillmore, NE",2544
"31061","Franklin, NE",927
"31063","Frontier, NE",921
"31065","Furnas, NE",2043
"31067","Gage, NE",9453
"31069","Garden, NE",711
"31071","Garfield, NE",929
"31073","Gosper, NE",549
"31075","Grant, NE",254
"31077","Greeley, NE",797
"31079","Hall, NE",35955
"31081","Hamilton, NE",3517
"31083","Harlan, NE",1051
"31085","Hayes, NE",279
"31087","Hitchcock, NE",867
"31089","Holt, NE",4854
"31091","Hooker, NE",386
"31093","Howard, NE",1672
"31095","Jefferson, NE",3595
"31097","Johnson, NE",1793
"31099","Kearney, NE",2490
"31101","Keith, NE",3497
"31103","Keya Paha, NE",208
"31105","Kimball, NE",1605
"31107","Knox, NE",3186
"31109","Lancaster, NE",167067
"31111","Lincoln, NE",17827
"31113","Logan, NE",243
"31115","Loup, NE",134
"31117","McPherson, NE",106
"31119","Madison, NE",22130
"31121","Merrick, NE",2402
"31123","Morrill, NE",1764
"31125","Nance, NE",1184
"31127","Nemaha, NE",3394
"31129","Nuckolls, NE",1637
"31131","Otoe, NE",6812
"31133","Pawnee, NE",909
"31135","Perkins, NE",1236
"31137","Phelps, NE",4909
"31139","Pierce, NE",2312
"31141","Platte, NE",19930
"31143","Polk, NE",1607
"31145","Red Willow, NE",5652
"31147","Richardson, NE",2758
"31149","Rock, NE",611
"31151","Saline, NE",7342
"31153","Sarpy, NE",70756
"31155","Saunders, NE",5379
"31157","Scotts Bluff, NE",18454
"31159","Seward, NE",6666
"31161","Sheridan, NE",1868
"31163","Sherman, NE",918
"31165","Sioux, NE",325
"31167","Stanton, NE",1548
"31169","Thayer, NE",2534
"31171","Thomas, NE",319
"31173","Thurston, NE",2997
"31175","Valley, NE",1933
"31177","Washington, NE",8440
"31179","Wayne, NE",4367
"31181","Webster, NE",1093
"31183","Wheeler, NE",329
"31185","York, NE",8142
"32001","Churchill, NV",9048
"32003","Clark, NV",842868
"32005","Douglas, NV",18117
"32007","Elko, NV",23349
"32009","Esmeralda, NV",302
"32011","Eureka, NV",4558
"32013","Humboldt, NV",8403
"32015","Lander, NV",3296
"32017","Lincoln, NV",1529
"32019","Lyon, NV",11617
"32021","Mineral, NV",1739
"32023","Nye, NV",11200
"32027","Pershing, NV",1812
"32029","Storey, NV",3164
"32031","Washoe, NV",192231
"32033","White Pine, NV",4466
"32510","Carson City (Independent City), NV",28484
"33001","Belknap, NH",26649
"33003","Carroll, NH",21266
"33005","Cheshire, NH",34378
"33007","Coos, NH",13416
"33009","Grafton, NH",56316
"33011","Hillsborough, NH",200549
"33013","Merrimack, NH",77383
"33015","Rockingham, NH",144830
"33017","Strafford, NH",49898
"33019","Sullivan, NH",14171
"34001","Atlantic, NJ",141002
"34003","Bergen, NJ",456016
"34005","Burlington, NJ",210288
"34007","Camden, NJ",206619
"34009","Cape May, NJ",43053
"34011","Cumberland, NJ",62469
"34013","Essex, NJ",364855
"34015","Gloucester, NJ",102894
"34017","Hudson, NJ",250159
"34019","Hunterdon, NJ",50388
"34021","Mercer, NJ",224634
"34023","Middlesex, NJ",407219
"34025","Monmouth, NJ",261321
"34027","Morris, NJ",288815
"34029","Ocean, NJ",157263
"34031","Passaic, NJ",181212
"34033","Salem, NJ",22443
"34035","Somerset, NJ",181240
"34037","Sussex, NJ",39751
"34039","Union, NJ",234904
"34041","Warren, NJ",37394
"35001","Bernalillo, NM",338027
"35003","Catron, NM",726
"35005","Chaves, NM",22531
"35006","Cibola, NM",8299
"35007","Colfax, NM",5504
"35009","Curry, NM",21652
"35011","De Baca, NM",585
"35013","Dona Ana, NM",75591
"35015","Eddy, NM",26433
"35017","Grant, NM",10258
"35019","Guadalupe, NM",1382
"35021","Harding, NM",226
"35023","Hidalgo, NM",1757
"35025","Lea, NM",30176
"35027","Lincoln, NM",7110
"35028","Los Alamos, NM",17780
"35029","Luna, NM",7966
"35031","McKinley, NM",22553
"35033","Mora, NM",824
"35035","Otero, NM",22905
"35037","Quay, NM",2932
"35039","Rio Arriba, NM",10458
"35041","Roosevelt, NM",6722
"35043","Sandoval, NM",31420
"35045","San Juan, NM",51203
"35047","San Miguel, NM",8936
"35049","Santa Fe, NM",65251
"35051","Sierra, NM",3369
"35053","Socorro, NM",6166
"35055","Taos, NM",11124
"35057","Torrance, NM",3339
"35059","Union, NM",1493
"35061","Valencia, NM",15992
"36001","Albany, NY",229623
"36003","Allegany, NY",14275
"36005","Bronx, NY",254634
"36007","Broome, NY",93972
"36009","Cattaraugus, NY",31502
"36011","Cayuga, NY",27476
"36013","Chautauqua, NY",53769
"36015","Chemung, NY",39899
"36017","Chenango, NY",17788
"36019","Clinton, NY",33905
"36021","Columbia, NY",20718
"36023","Cortland, NY",18441
"36025","Delaware, NY",16253
"36027","Dutchess, NY",117029
"36029","Erie, NY",473403
"36031","Essex, NY",15012
"36033","Franklin, NY",19535
"36035","Fulton, NY",18220
"36037","Genesee, NY",23624
"36039","Greene, NY",15303
"36041","Hamilton, NY",1735
"36043","Herkimer, NY",17317
"36045","Jefferson, NY",63269
"36047","Kings, NY",543283
"36049","Lewis, NY",6952
"36051","Livingston, NY",20867
"36053","Madison, NY",22558
"36055","Monroe, NY",392379
"36057","Montgomery, NY",19289
"36059","Nassau, NY",624166
"36061","New York, NY",2459125
"36063","Niagara, NY",73151
"36065","Oneida, NY",111304
"36067","Onondaga, NY",252994
"36069","Ontario, NY",52105
"36071","Orange, NY",142397
"36073","Orleans, NY",13639
"36075","Oswego, NY",34406
"36077","Otsego, NY",25203
"36079","Putnam, NY",26188
"36081","Queens, NY",540262
"36083","Rensselaer, NY",54537
"36085","Richmond, NY",99301
"36087","Rockland, NY",118434
"36089","St. Lawrence, NY",37184
"36091","Saratoga, NY",81233
"36093","Schenectady, NY",66987
"36095","Schoharie, NY",9083
"36097","Schuyler, NY",5279
"36099","Seneca, NY",12027
"36101","Steuben, NY",38355
"36103","Suffolk, NY",643587
"36105","Sullivan, NY",25494
"36107","Tioga, NY",13976
"36109","Tompkins, NY",55527
"36111","Ulster, NY",61664
"36113","Warren, NY",39475
"36115","Washington, NY",16111
"36117","Wayne, NY",29721
"36119","Westchester, NY",430775
"36121","Wyoming, NY",14007
"36123","Yates, NY",7441
"37001","Alamance, NC",60713
"37003","Alexander, NC",9452
"37005","Alleghany, NC",3566
"37007","Anson, NC",8084
"37009","Ashe, NC",7957
"37011","Avery, NC",7303
"37013","Beaufort, NC",17722
"37015","Bertie, NC",7211
"37017","Bladen, NC",13349
"37019","Brunswick, NC",29661
"37021","Buncombe, NC",119002
"37023","Burke, NC",30296
"37025","Cabarrus, NC",65634
"37027","Caldwell, NC",26241
"37029","Camden, NC",2519
"37031","Carteret, NC",23453
"37033","Caswell, NC",3570
"37035","Catawba, NC",83216
"37037","Chatham, NC",15258
"37039","Cherokee, NC",8377
"37041","Chowan, NC",5033
"37043","Clay, NC",1978
"37045","Cleveland, NC",34370
"37047","Columbus, NC",17182
"37049","Craven, NC",49515
"37051","Cumberland, NC",180457
"37053","Currituck, NC",5849
"37055","Dare, NC",19221
"37057","Davidson, NC",42694
"37059","Davie, NC",10426
"37061","Duplin, NC",19710
"37063","Durham, NC",194023
"37065","Edgecombe, NC",19695
"37067","Forsyth, NC",185990
"37069","Franklin, NC",13189
"37071","Gaston, NC",69384
"37073","Gates, NC",1631
"37075","Graham, NC",2395
"37077","Granville, NC",21032
"37079","Greene, NC",4919
"37081","Guilford, NC",281797
"37083","Halifax, NC",17927
"37085","Harnett, NC",24112
"37087","Haywood, NC",17811
"37089","Henderson, NC",36902
"37091","Hertford, NC",9597
"37093","Hoke, NC",8613
"37095","Hyde, NC",2139
"37097","Iredell, NC",66768
"37099","Jackson, NC",15584
"37101","Johnston, NC",45070
"37103","Jones, NC",2037
"37105","Lee, NC",26643
"37107","Lenoir, NC",28441
"37109","Lincoln, NC",20667
"37111","McDowell, NC",15483
"37113","Macon, NC",11437
"37115","Madison, NC",4676
"37117","Martin, NC",8159
"37119","Mecklenburg, NC",593278
"37121","Mitchell, NC",5541
"37123","Montgomery, NC",9191
"37125","Moore, NC",33286
"37127","Nash, NC",42609
"37129","New Hanover, NC",104829
"37131","Northampton, NC",5414
"37133","Onslow, NC",101011
"37135","Orange, NC",70071
"37137","Pamlico, NC",3342
"37139","Pasquotank, NC",18228
"37141","Pender, NC",10573
"37143","Perquimans, NC",2057
"37145","Person, NC",10522
"37147","Pitt, NC",76571
"37149","Polk, NC",5152
"37151","Randolph, NC",47840
"37153","Richmond, NC",15016
"37155","Robeson, NC",41585
"37157","Rockingham, NC",28795
"37159","Rowan, NC",48058
"37161","Rutherford, NC",19206
"37163","Sampson, NC",21244
"37165","Scotland, NC",12704
"37167","Stanly, NC",19555
"37169","Stokes, NC",7701
"37171","Surry, NC",29378
"37173","Swain, NC",6607
"37175","Transylvania, NC",8992
"37177","Tyrrell, NC",1233
"37179","Union, NC",56318
"37181","Vance, NC",15320
"37183","Wake, NC",479620
"37185","Warren, NC",3805
"37187","Washington, NC",3530
"37189","Watauga, NC",23618
"37191","Wayne, NC",50611
"37193","Wilkes, NC",22650
"37195","Wilson, NC",39570
"37197","Yadkin, NC",10750
"37199","Yancey, NC",4152
"38001","Adams, ND",1033
"38003","Barnes, ND",5407
"38005","Benson, ND",2659
"38007","Billings, ND",558
"38009","Bottineau, ND",2937
"38011","Bowman, ND",1837
"38013","Burke, ND",899
"38015","Burleigh, ND",55747
"38017","Cass, ND",109355
"38019","Cavalier, ND",1722
"38021","Dickey, ND",2339
"38023","Divide, ND",919
"38025","Dunn, ND",2019
"38027","Eddy, ND",787
"38029","Emmons, ND",1194
"38031","Foster, ND",1848
"38033","Golden Valley, ND",722
"38035","Grand Forks, ND",44360
"38037","Grant, ND",733
"38039","Griggs, ND",1051
"38041","Hettinger, ND",857
"38043","Kidder, ND",725
"38045","LaMoure, ND",1556
"38047","Logan, ND",734
"38049","McHenry, ND",1490
"38051","McIntosh, ND",1156
"38053","McKenzie, ND",5605
"38055","McLean, ND",3634
"38057","Mercer, ND",4864
"38059","Morton, ND",11008
"38061","Mountrail, ND",5255
"38063","Nelson, ND",1167
"38065","Oliver, ND",821
"38067","Pembina, ND",3936
"38069","Pierce, ND",1889
"38071","Ramsey, ND",6317
"38073","Ransom, ND",2356
"38075","Renville, ND",1003
"38077","Richland, ND",8134
"38079","Rolette, ND",4891
"38081","Sargent, ND",2562
"38083","Sheridan, ND",346
"38085","Sioux, ND",1822
"38087","Slope, ND",203
"38089","Stark, ND",17492
"38091","Steele, ND",741
"38093","Stutsman, ND",11227
"38095","Towner, ND",884
"38097","Traill, ND",3568
"38099","Walsh, ND",5330
"38101","Ward, ND",39052
"38103","Wells, ND",1844
"38105","Williams, ND",24693
"39001","Adams, OH",6375
"39003","Allen, OH",52390
"39005","Ashland, OH",18690
"39007","Ashtabula, OH",32408
"39009","Athens, OH",24093
"39011","Auglaize, OH",19595
"39013","Belmont, OH",24333
"39015","Brown, OH",8807
"39017","Butler, OH",151699
"39019","Carroll, OH",6067
"39021","Champaign, OH",9982
"39023","Clark, OH",51375
"39025","Clermont, OH",56434
"39027","Clinton, OH",16871
"39029","Columbiana, OH",31926
"39031","Coshocton, OH",11273
"39033","Crawford, OH",13865
"39035","Cuyahoga, OH",733438
"39037","Darke, OH",17907
"39039","Defiance, OH",15943
"39041","Delaware, OH",81139
"39043","Erie, OH",38273
"39045","Fairfield, OH",42303
"39047","Fayette, OH",11319
"39049","Franklin, OH",718087
"39051","Fulton, OH",17772
"39053","Gallia, OH",11666
"39055","Geauga, OH",34198
"39057","Greene, OH",77364
"39059","Guernsey, OH",14462
"39061","Hamilton, OH",517949
"39063","Hancock, OH",43027
"39065","Hardin, OH",8721
"39067","Harrison, OH",3530
"39069","Henry, OH",11618
"39071","Highland, OH",10588
"39073","Hocking, OH",7160
"39075","Holmes, OH",18292
"39077","Huron, OH",22042
"39079","Jackson, OH",10964
"39081","Jefferson, OH",23763
"39083","Knox, OH",20368
"39085","Lake, OH",99044
"39087","Lawrence, OH",13559
"39089","Licking, OH",54980
"39091","Logan, OH",18570
"39093","Lorain, OH",99800
"39095","Lucas, OH",215316
"39097","Madison, OH",14366
"39099","Mahoning, OH",103782
"39101","Marion, OH",25663
"39103","Medina, OH",60701
"39105","Meigs, OH",3987
"39107","Mercer, OH",18730
"39109","Miami, OH",40103
"39111","Monroe, OH",3908
"39113","Montgomery, OH",259098
"39115","Morgan, OH",2697
"39117","Morrow, OH",5431
"39119","Muskingum, OH",35022
"39121","Noble, OH",3091
"39123","Ottawa, OH",14210
"39125","Paulding, OH",4867
"39127","Perry, OH",6379
"39129","Pickaway, OH",14620
"39131","Pike, OH",9196
"39133","Portage, OH",58002
"39135","Preble, OH",10600
"39137","Putnam, OH",11840
"39139","Richland, OH",54646
"39141","Ross, OH",28019
"39143","Sandusky, OH",26806
"39145","Scioto, OH",25685
"39147","Seneca, OH",20475
"39149","Shelby, OH",26136
"39151","Stark, OH",161336
"39153","Summit, OH",272564
"39155","Trumbull, OH",75028
"39157","Tuscarawas, OH",36053
"39159","Union, OH",27473
"39161","Van Wert, OH",10640
"39163","Vinton, OH",2440
"39165","Warren, OH",79285
"39167","Washington, OH",25552
"39169","Wayne, OH",45666
"39171","Williams, OH",16198
"39173","Wood, OH",63880
"39175","Wyandot, OH",8543
"40001","Adair, OK",5846
"40003","Alfalfa, OK",1520
"40005","Atoka, OK",3653
"40007","Beaver, OK",1819
"40009","Beckham, OK",11057
"40011","Blaine, OK",3261
"40013","Bryan, OK",15736
"40015","Caddo, OK",7803
"40017","Canadian, OK",29924
"40019","Carter, OK",23907
"40021","Cherokee, OK",17177
"40023","Choctaw, OK",4837
"40025","Cimarron, OK",805
"40027","Cleveland, OK",82445
"40029","Coal, OK",1317
"40031","Comanche, OK",58345
"40033","Cotton, OK",1562
"40035","Craig, OK",6012
"40037","Creek, OK",18719
"40039","Custer, OK",13454
"40041","Delaware, OK",9637
"40043","Dewey, OK",1745
"40045","Ellis, OK",1277
"40047","Garfield, OK",28861
"40049","Garvin, OK",10092
"40051","Grady, OK",13616
"40053","Grant, OK",1379
"40055","Greer, OK",1442
"40057","Harmon, OK",816
"40059","Harper, OK",1153
"40061","Haskell, OK",4063
"40063","Hughes, OK",3269
"40065","Jackson, OK",11884
"40067","Jefferson, OK",1352
"40069","Johnston, OK",3018
"40071","Kay, OK",20751
"40073","Kingfisher, OK",6183
"40075","Kiowa, OK",2603
"40077","Latimer, OK",3986
"40079","Le Flore, OK",14196
"40081","Lincoln, OK",7523
"40083","Logan, OK",8326
"40085","Love, OK",4466
"40087","McClain, OK",8626
"40089","McCurtain, OK",11638
"40091","McIntosh, OK",4662
"40093","Major, OK",2719
"40095","Marshall, OK",4518
"40097","Mayes, OK",11777
"40099","Murray, OK",6016
"40101","Muskogee, OK",31412
"40103","Noble, OK",4498
"40105","Nowata, OK",2019
"40107","Okfuskee, OK",2486
"40109","Oklahoma, OK",461634
"40111","Okmulgee, OK",10671
"40113","Osage, OK",7308
"40115","Ottawa, OK",12458
"40117","Pawnee, OK",3881
"40119","Payne, OK",36164
"40121","Pittsburg, OK",18599
"40123","Pontotoc, OK",19037
"40125","Pottawatomie, OK",23175
"40127","Pushmataha, OK",3181
"40129","Roger Mills, OK",1106
"40131","Rogers, OK",26987
"40133","Seminole, OK",8176
"40135","Sequoyah, OK",9950
"40137","Stephens, OK",17148
"40139","Texas, OK",9282
"40141","Tillman, OK",2119
"40143","Tulsa, OK",354502
"40145","Wagoner, OK",8399
"40147","Washington, OK",22200
"40149","Washita, OK",2538
"40151","Woods, OK",3733
"40153","Woodward, OK",10252
"41001","Baker, OR",5456
"41003","Benton, OR",42173
"41005","Clackamas, OR",148396
"41007","Clatsop, OR",17505
"41009","Columbia, OR",10194
"41011","Coos, OR",23200
"41013","Crook, OR",6007
"41015","Curry, OR",6599
"41017","Deschutes, OR",63184
"41019","Douglas, OR",36493
"41021","Gilliam, OR",1034
"41023","Grant, OR",2540
"41025","Harney, OR",2522
"41027","Hood River, OR",12375
"41029","Jackson, OR",79769
"41031","Jefferson, OR",6297
"41033","Josephine, OR",24330
"41035","Klamath, OR",23427
"41037","Lake, OR",2528
"41039","Lane, OR",149994
"41041","Lincoln, OR",18494
"41043","Linn, OR",41763
"41045","Malheur, OR",13467
"41047","Marion, OR",137305
"41049","Morrow, OR",4786
"41051","Multnomah, OR",462758
"41053","Polk, OR",19371
"41055","Sherman, OR",933
"41057","Tillamook, OR",8905
"41059","Umatilla, OR",30814
"41061","Union, OR",10612
"41063","Wallowa, OR",2553
"41065","Wasco, OR",10628
"41067","Washington, OR",259544
"41069","Wheeler, OR",334
"41071","Yamhill, OR",34089
"42001","Adams, PA",33982
"42003","Allegheny, PA",732981
"42005","Armstrong, PA",19906
"42007","Beaver, PA",58621
"42009","Bedford, PA",16667
"42011","Berks, PA",174938
"42013","Blair, PA",63297
"42015","Bradford, PA",25981
"42017","Bucks, PA",269705
"42019","Butler, PA",88228
"42021","Cambria, PA",61055
"42023","Cameron, PA",2248
"42025","Carbon, PA",17907
"42027","Centre, PA",92570
"42029","Chester, PA",256251
"42031","Clarion, PA",15268
"42033","Clearfield, PA",33022
"42035","Clinton, PA",14977
"42037","Columbia, PA",27667
"42039","Crawford, PA",32825
"42041","Cumberland, PA",133810
"42043","Dauphin, PA",189137
"42045","Delaware, PA",226193
"42047","Elk, PA",15859
"42049","Erie, PA",134716
"42051","Fayette, PA",44386
"42053","Forest, PA",2556
"42055","Franklin, PA",58864
"42057","Fulton, PA",4985
"42059","Greene, PA",15423
"42061","Huntingdon, PA",14011
"42063","Indiana, PA",37396
"42065","Jefferson, PA",17058
"42067","Juniata, PA",6509
"42069","Lackawanna, PA",103997
"42071","Lancaster, PA",233446
"42073","Lawrence, PA",31614
"42075","Lebanon, PA",51997
"42077","Lehigh, PA",185586
"42079","Luzerne, PA",148550
"42081","Lycoming, PA",58061
"42083","McKean, PA",17517
"42085","Mercer, PA",50984
"42087","Mifflin, PA",16088
"42089","Monroe, PA",59764
"42091","Montgomery, PA",497533
"42093","Montour, PA",16513
"42095","Northampton, PA",107867
"42097","Northumberland, PA",30501
"42099","Perry, PA",8620
"42101","Philadelphia, PA",689700
"42103","Pike, PA",11044
"42105","Potter, PA",5788
"42107","Schuylkill, PA",52483
"42109","Snyder, PA",16062
"42111","Somerset, PA",26950
"42113","Sullivan, PA",1896
"42115","Susquehanna, PA",10190
"42117","Tioga, PA",15221
"42119","Union, PA",17458
"42121","Venango, PA",21793
"42123","Warren, PA",15878
"42125","Washington, PA",91126
"42127","Wayne, PA",16603
"42129","Westmoreland, PA",141133
"42131","Wyoming, PA",10492
"42133","York, PA",181138
"44001","Bristol, RI",14912
"44003","Kent, RI",77419
"44005","Newport, RI",43190
"44007","Providence, RI",286703
"44009","Washington, RI",55822
"45001","Abbeville, SC",6208
"45003","Aiken, SC",62742
"45005","Allendale, SC",3513
"45007","Anderson, SC",61729
"45009","Bamberg, SC",5194
"45011","Barnwell, SC",5891
"45013","Beaufort, SC",71284
"45015","Berkeley, SC",42046
"45017","Calhoun, SC",4321
"45019","Charleston, SC",240348
"45021","Cherokee, SC",19031
"45023","Chester, SC",8455
"45025","Chesterfield, SC",13984
"45027","Clarendon, SC",7570
"45029","Colleton, SC",10634
"45031","Darlington, SC",20388
"45033","Dillon, SC",9272
"45035","Dorchester, SC",32042
"45037","Edgefield, SC",6421
"45039","Fairfield, SC",7426
"45041","Florence, SC",66867
"45043","Georgetown, SC",23807
"45045","Greenville, SC",253795
"45047","Greenwood, SC",30298
"45049","Hampton, SC",5141
"45051","Horry, SC",118281
"45053","Jasper, SC",7825
"45055","Kershaw, SC",17509
"45057","Lancaster, SC",18112
"45059","Laurens, SC",19242
"45061","Lee, SC",3925
"45063","Lexington, SC",103294
"45065","McCormick, SC",1879
"45067","Marion, SC",7584
"45069","Marlboro, SC",7553
"45071","Newberry, SC",14190
"45073","Oconee, SC",23374
"45075","Orangeburg, SC",33083
"45077","Pickens, SC",37965
"45079","Richland, SC",225091
"45081","Saluda, SC",4977
"45083","Spartanburg, SC",121489
"45085","Sumter, SC",43453
"45087","Union, SC",7290
"45089","Williamsburg, SC",10191
"45091","York, SC",81312
"46003","Aurora, SD",977
"46005","Beadle, SD",9079
"46007","Bennett, SD",1011
"46009","Bon Homme, SD",1988
"46011","Brookings, SD",19303
"46013","Brown, SD",21993
"46015","Brule, SD",2330
"46017","Buffalo, SD",560
"46019","Butte, SD",3010
"46021","Campbell, SD",477
"46023","Charles Mix, SD",3709
"46025","Clark, SD",1120
"46027","Clay, SD",7533
"46029","Codington, SD",16490
"46031","Corson, SD",990
"46033","Custer, SD",2778
"46035","Davison, SD",12699
"46037","Day, SD",2149
"46039","Deuel, SD",1771
"46041","Dewey, SD",2360
"46043","Douglas, SD",1329
"46045","Edmunds, SD",1346
"46047","Fall River, SD",2923
"46049","Faulk, SD",729
"46051","Grant, SD",3951
"46053","Gregory, SD",1655
"46055","Haakon, SD",838
"46057","Hamlin, SD",1802
"46059","Hand, SD",1460
"46061","Hanson, SD",626
"46063","Harding, SD",584
"46065","Hughes, SD",11031
"46067","Hutchinson, SD",2844
"46069","Hyde, SD",648
"46071","Jackson, SD",806
"46073","Jerauld, SD",1626
"46075","Jones, SD",542
"46077","Kingsbury, SD",1917
"46079","Lake, SD",5066
"46081","Lawrence, SD",12151
"46083","Lincoln, SD",16610
"46085","Lyman, SD",1645
"46087","McCook, SD",1571
"46089","McPherson, SD",693
"46091","Marshall, SD",1712
"46093","Meade, SD",7669
"46095","Mellette, SD",432
"46097","Miner, SD",794
"46099","Minnehaha, SD",121581
"46101","Moody, SD",2436
"46103","Pennington, SD",60548
"46105","Perkins, SD",1196
"46107","Potter, SD",938
"46109","Roberts, SD",3771
"46111","Sanborn, SD",724
"46113","Shannon, SD",4232
"46115","Spink, SD",2675
"46117","Stanley, SD",1420
"46119","Sully, SD",688
"46121","Todd, SD",3326
"46123","Tripp, SD",2345
"46125","Turner, SD",2325
"46127","Union, SD",9135
"46129","Walworth, SD",2410
"46135","Yankton, SD",12790
"46137","Ziebach, SD",389
"47001","Anderson, TN",41823
"47003","Bedford, TN",18068
"47005","Benton, TN",4206
"47007","Bledsoe, TN",2132
"47009","Blount, TN",44452
"47011","Bradley, TN",38454
"47013","Campbell, TN",9580
"47015","Cannon, TN",2195
"47017","Carroll, TN",8136
"47019","Carter, TN",11321
"47021","Cheatham, TN",8367
"47023","Chester, TN",3810
"47025","Claiborne, TN",9247
"47027","Clay, TN",1862
"47029","Cocke, TN",8216
"47031","Coffee, TN",24751
"47033","Crockett, TN",3766
"47035","Cumberland, TN",17308
"47037","Davidson, TN",432640
"47039","Decatur, TN",3936
"47041","DeKalb, TN",5685
"47043","Dickson, TN",15429
"47045","Dyer, TN",15692
"47047","Fayette, TN",8132
"47049","Fentress, TN",4830
"47051","Franklin, TN",10431
"47053","Gibson, TN",15502
"47055","Giles, TN",9530
"47057","Grainger, TN",3690
"47059","Greene, TN",26020
"47061","Grundy, TN",2277
"47063","Hamblen, TN",30945
"47065","Hamilton, TN",198618
"47067","Hancock, TN",1089
"47069","Hardeman, TN",6999
"47071","Hardin, TN",8258
"47073","Hawkins, TN",12783
"47075","Haywood, TN",5524
"47077","Henderson, TN",8967
"47079","Henry, TN",10976
"47081","Hickman, TN",3635
"47083","Houston, TN",1695
"47085","Humphreys, TN",5917
"47087","Jackson, TN",1552
"47089","Jefferson, TN",12131
"47091","Johnson, TN",3964
"47093","Knox, TN",239331
"47095","Lake, TN",1781
"47097","Lauderdale, TN",6944
"47099","Lawrence, TN",10959
"47101","Lewis, TN",2660
"47103","Lincoln, TN",10059
"47105","Loudon, TN",14481
"47107","McMinn, TN",17054
"47109","McNairy, TN",6540
"47111","Macon, TN",4720
"47113","Madison, TN",56557
"47115","Marion, TN",7600
"47117","Marshall, TN",8075
"47119","Maury, TN",29194
"47121","Meigs, TN",1937
"47123","Monroe, TN",13085
"47125","Montgomery, TN",49548
"47127","Moore, TN",1775
"47129","Morgan, TN",3244
"47131","Obion, TN",11904
"47133","Overton, TN",4812
"47135","Perry, TN",1751
"47137","Pickett, TN",1013
"47139","Polk, TN",2816
"47141","Putnam, TN",34454
"47143","Rhea, TN",11119
"47145","Roane, TN",19811
"47147","Robertson, TN",18781
"47149","Rutherford, TN",105618
"47151","Scott, TN",5544
"47153","Sequatchie, TN",2432
"47155","Sevier, TN",40427
"47157","Shelby, TN",510766
"47159","Smith, TN",5123
"47161","Stewart, TN",2941
"47163","Sullivan, TN",72636
"47165","Sumner, TN",45899
"47167","Tipton, TN",11353
"47169","Trousdale, TN",1633
"47171","Unicoi, TN",5559
"47173","Union, TN",2840
"47175","Van Buren, TN",926
"47177","Warren, TN",13339
"47179","Washington, TN",65905
"47181","Wayne, TN",4100
"47183","Weakley, TN",11438
"47185","White, TN",7249
"47187","Williamson, TN",100207
"47189","Wilson, TN",37364
"48001","Anderson, TX",19404
"48003","Andrews, TX",6294
"48005","Angelina, TX",37226
"48007","Aransas, TX",6344
"48009","Archer, TX",2215
"48011","Armstrong, TX",500
"48013","Atascosa, TX",10639
"48015","Austin, TX",11255
"48017","Bailey, TX",2629
"48019","Bandera, TX",3291
"48021","Bastrop, TX",15301
"48023","Baylor, TX",1396
"48025","Bee, TX",9516
"48027","Bell, TX",161755
"48029","Bexar, TX",809240
"48031","Blanco, TX",2884
"48033","Borden, TX",210
"48035","Bosque, TX",3937
"48037","Bowie, TX",44717
"48039","Brazoria, TX",95200
"48041","Brazos, TX",89777
"48043","Brewster, TX",4799
"48045","Briscoe, TX",401
"48047","Brooks, TX",2701
"48049","Brown, TX",16065
"48051","Burleson, TX",4369
"48053","Burnet, TX",13420
"48055","Caldwell, TX",8116
"48057","Calhoun, TX",10953
"48059","Callahan, TX",2323
"48061","Cameron, TX",136393
"48063","Camp, TX",3948
"48065","Carson, TX",5042
"48067","Cass, TX",8113
"48069","Castro, TX",2592
"48071","Chambers, TX",11250
"48073","Cherokee, TX",15923
"48075","Childress, TX",2690
"48077","Clay, TX",1756
"48079","Cochran, TX",890
"48081","Coke, TX",807
"48083","Coleman, TX",2448
"48085","Collin, TX",317291
"48087","Collingsworth, TX",952
"48089","Colorado, TX",7332
"48091","Comal, TX",43959
"48093","Comanche, TX",3988
"48095","Concho, TX",1086
"48097","Cooke, TX",17203
"48099","Coryell, TX",16529
"48101","Cottle, TX",489
"48103","Crane, TX",1637
"48105","Crockett, TX",1528
"48107","Crosby, TX",1531
"48109","Culberson, TX",1156
"48111","Dallam, TX",3878
"48113","Dallas, TX",1527798
"48115","Dawson, TX",4740
"48117","Deaf Smith, TX",7436
"48119","Delta, TX",1471
"48121","Denton, TX",191571
"48123","DeWitt, TX",7670
"48125","Dickens, TX",673
"48127","Dimmit, TX",4350
"48129","Donley, TX",1111
"48131","Duval, TX",3513
"48133","Eastland, TX",7736
"48135","Ector, TX",68808
"48137","Edwards, TX",517
"48139","Ellis, TX",41705
"48141","El Paso, TX",319681
"48143","Erath, TX",16242
"48145","Falls, TX",4088
"48147","Fannin, TX",7185
"48149","Fayette, TX",9207
"48151","Fisher, TX",987
"48153","Floyd, TX",2002
"48155","Foard, TX",407
"48157","Fort Bend, TX",147505
"48159","Franklin, TX",3249
"48161","Freestone, TX",6344
"48163","Frio, TX",5555
"48165","Gaines, TX",5700
"48167","Galveston, TX",102207
"48169","Garza, TX",1969
"48171","Gillespie, TX",10193
"48173","Glasscock, TX",436
"48175","Goliad, TX",1685
"48177","Gonzales, TX",6908
"48179","Gray, TX",9177
"48181","Grayson, TX",45376
"48183","Gregg, TX",80498
"48185","Grimes, TX",8208
"48187","Guadalupe, TX",32408
"48189","Hale, TX",15101
"48191","Hall, TX",1057
"48193","Hamilton, TX",2860
"48195","Hansford, TX",2233
"48197","Hardeman, TX",1329
"48199","Hardin, TX",13258
"48201","Harris, TX",2168991
"48203","Harrison, TX",25013
"48205","Hartley, TX",1854
"48207","Haskell, TX",2203
"48209","Hays, TX",53540
"48211","Hemphill, TX",2374
"48213","Henderson, TX",17435
"48215","Hidalgo, TX",241843
"48217","Hill, TX",9771
"48219","Hockley, TX",9881
"48221","Hood, TX",14084
"48223","Hopkins, TX",12736
"48225","Houston, TX",7327
"48227","Howard, TX",12935
"48229","Hudspeth, TX",1208
"48231","Hunt, TX",29943
"48233","Hutchinson, TX",9028
"48235","Irion, TX",639
"48237","Jack, TX",3067
"48239","Jackson, TX",5695
"48241","Jasper, TX",11105
"48243","Jeff Davis, TX",792
"48245","Jefferson, TX",129830
"48247","Jim Hogg, TX",2142
"48249","Jim Wells, TX",20268
"48251","Johnson, TX",43924
"48253","Jones, TX",4231
"48255","Karnes, TX",4165
"48257","Kaufman, TX",27995
"48259","Kendall, TX",12147
"48261","Kenedy, TX",459
"48263","Kent, TX",324
"48265","Kerr, TX",18500
"48267","Kimble, TX",1498
"48269","King, TX",161
"48271","Kinney, TX",886
"48273","Kleberg, TX",14080
"48275","Knox, TX",1321
"48277","Lamar, TX",20436
"48279","Lamb, TX",4438
"48281","Lampasas, TX",5148
"48283","La Salle, TX",2562
"48285","Lavaca, TX",6606
"48287","Lee, TX",6821
"48289","Leon, TX",5901
"48291","Liberty, TX",17888
"48293","Limestone, TX",9011
"48295","Lipscomb, TX",1402
"48297","Live Oak, TX",3962
"48299","Llano, TX",4731
"48301","Loving, TX",35
"48303","Lubbock, TX",131860
"48305","Lynn, TX",1455
"48307","McCulloch, TX",3400
"48309","McLennan, TX",107732
"48311","McMullen, TX",438
"48313","Madison, TX",4321
"48315","Marion, TX",2070
"48317","Martin, TX",1549
"48319","Mason, TX",1177
"48321","Matagorda, TX",11286
"48323","Maverick, TX",17671
"48325","Medina, TX",9177
"48327","Menard, TX",508
"48329","Midland, TX",77853
"48331","Milam, TX",6126
"48333","Mills, TX",1562
"48335","Mitchell, TX",2615
"48337","Montague, TX",5412
"48339","Montgomery, TX",144159
"48341","Moore, TX",10828
"48343","Morris, TX",4729
"48345","Motley, TX",424
"48347","Nacogdoches, TX",24225
"48349","Navarro, TX",17013
"48351","Newton, TX",1908
"48353","Nolan, TX",6576
"48355","Nueces, TX",164585
"48357","Ochiltree, TX",5258
"48359","Oldham, TX",979
"48361","Orange, TX",23639
"48363","Palo Pinto, TX",9033
"48365","Panola, TX",10060
"48367","Parker, TX",29842
"48369","Parmer, TX",5310
"48371","Pecos, TX",6589
"48373","Polk, TX",11669
"48375","Potter, TX",79360
"48377","Presidio, TX",2146
"48379","Rains, TX",1876
"48381","Randall, TX",32166
"48383","Reagan, TX",2258
"48385","Real, TX",781
"48387","Red River, TX",2915
"48389","Reeves, TX",4228
"48391","Refugio, TX",2574
"48393","Roberts, TX",274
"48395","Robertson, TX",4232
"48397","Rockwall, TX",22835
"48399","Runnels, TX",3144
"48401","Rusk, TX",14586
"48403","Sabine, TX",2129
"48405","San Augustine, TX",1826
"48407","San Jacinto, TX",2446
"48409","San Patricio, TX",20422
"48411","San Saba, TX",1859
"48413","Schleicher, TX",1117
"48415","Scurry, TX",7372
"48417","Shackelford, TX",1409
"48419","Shelby, TX",8849
"48421","Sherman, TX",914
"48423","Smith, TX",97072
"48425","Somervell, TX",4024
"48427","Starr, TX",15311
"48429","Stephens, TX",3468
"48431","Sterling, TX",526
"48433","Stonewall, TX",618
"48435","Sutton, TX",2539
"48437","Swisher, TX",2231
"48439","Tarrant, TX",813123
"48441","Taylor, TX",66354
"48443","Terrell, TX",439
"48445","Terry, TX",4109
"48447","Throckmorton, TX",559
"48449","Titus, TX",16511
"48451","Tom Green, TX",50827
"48453","Travis, TX",617203
"48455","Trinity, TX",2499
"48457","Tyler, TX",4105
"48459","Upshur, TX",7805
"48461","Upton, TX",1574
"48463","Uvalde, TX",10178
"48465","Val Verde, TX",19214
"48467","Van Zandt, TX",10895
"48469","Victoria, TX",39604
"48471","Walker, TX",24207
"48473","Waller, TX",15387
"48475","Ward, TX",4086
"48477","Washington, TX",15712
"48479","Webb, TX",95503
"48481","Wharton, TX",15107
"48483","Wheeler, TX",2452
"48485","Wichita, TX",61896
"48487","Wilbarger, TX",7006
"48489","Willacy, TX",4466
"48491","Williamson, TX",138547
"48493","Wilson, TX",7473
"48495","Winkler, TX",2690
"48497","Wise, TX",21600
"48499","Wood, TX",9926
"48501","Yoakum, TX",4047
"48503","Young, TX",7157
"48505","Zapata, TX",4893
"48507","Zavala, TX",3306
"49001","Beaver, UT",2679
"49003","Box Elder, UT",17698
"49005","Cache, UT",51265
"49007","Carbon, UT",9618
"49009","Daggett, UT",416
"49011","Davis, UT",115077
"49013","Duchesne, UT",8485
"49015","Emery, UT",3868
"49017","Garfield, UT",2441
"49019","Grand, UT",4846
"49021","Iron, UT",16043
"49023","Juab, UT",3209
"49025","Kane, UT",3154
"49027","Millard, UT",4560
"49029","Morgan, UT",2125
"49031","Piute, UT",319
"49033","Rich, UT",692
"49035","Salt Lake, UT",606613
"49037","San Juan, UT",4496
"49039","Sanpete, UT",7277
"49041","Sevier, UT",8378
"49043","Summit, UT",23331
"49045","Tooele, UT",17016
"49047","Uintah, UT",14974
"49049","Utah, UT",188152
"49051","Wasatch, UT",6474
"49053","Washington, UT",49140
"49055","Wayne, UT",1021
"49057","Weber, UT",95032
"50001","Addison, VT",15981
"50003","Bennington, VT",18268
"50005","Caledonia, VT",12213
"50007","Chittenden, VT",103448
"50009","Essex, VT",1192
"50011","Franklin, VT",17394
"50013","Grand Isle, VT",1305
"50015","Lamoille, VT",11987
"50017","Orange, VT",8414
"50019","Orleans, VT",10838
"50021","Rutland, VT",29620
"50023","Washington, VT",35004
"50025","Windham, VT",24036
"50027","Windsor, VT",25078
"51001","Accomack, VA",13906
"51007","Amelia, VA",2647
"51009","Amherst, VA",9663
"51011","Appomattox, VA",3427
"51013","Arlington, VA",188792
"51017","Bath, VA",2354
"51021","Bland, VA",2006
"51023","Botetourt, VA",9897
"51025","Brunswick, VA",4653
"51027","Buchanan, VA",8903
"51029","Buckingham, VA",3436
"51033","Caroline, VA",5853
"51036","Charles City, VA",1549
"51037","Charlotte, VA",2955
"51041","Chesterfield, VA",122623
"51043","Clarke, VA",4190
"51045","Craig, VA",724
"51047","Culpeper, VA",15533
"51049","Cumberland, VA",1423
"51051","Dickenson, VA",4081
"51057","Essex, VA",4079
"51061","Fauquier, VA",22862
"51063","Floyd, VA",3279
"51065","Fluvanna, VA",4713
"51067","Franklin, VA",14222
"51071","Giles, VA",5254
"51073","Gloucester, VA",10256
"51075","Goochland, VA",11831
"51077","Grayson, VA",2676
"51079","Greene, VA",3845
"51083","Halifax, VA",13062
"51085","Hanover, VA",48731
"51087","Henrico, VA",185612
"51091","Highland, VA",594
"51093","Isle of Wight, VA",10263
"51097","King and Queen, VA",1175
"51099","King George, VA",11456
"51101","King William, VA",3584
"51103","Lancaster, VA",5117
"51105","Lee, VA",5839
"51107","Loudoun, VA",148462
"51109","Louisa, VA",8076
"51111","Lunenburg, VA",2844
"51113","Madison, VA",3318
"51115","Mathews, VA",1632
"51117","Mecklenburg, VA",13164
"51119","Middlesex, VA",3522
"51125","Nelson, VA",3771
"51127","New Kent, VA",4106
"51131","Northampton, VA",5202
"51133","Northumberland, VA",2742
"51135","Nottoway, VA",5712
"51137","Orange, VA",9781
"51139","Page, VA",6165
"51141","Patrick, VA",5399
"51145","Powhatan, VA",7389
"51147","Prince Edward, VA",9678
"51155","Pulaski, VA",13031
"51157","Rappahannock, VA",1661
"51159","Richmond, VA",2855
"51167","Russell, VA",7540
"51169","Scott, VA",5372
"51171","Shenandoah, VA",14264
"51173","Smyth, VA",12378
"51179","Stafford, VA",41802
"51181","Surry, VA",2524
"51183","Sussex, VA",3769
"51185","Tazewell, VA",17863
"51187","Warren, VA",12519
"51193","Westmoreland, VA",3974
"51197","Wythe, VA",12340
"51510","Alexandria (Independent City), VA",102867
"51550","Chesapeake (Independent City), VA",102143
"51650","Hampton (Independent City), VA",65864
"51700","Newport News (Independent City), VA",107691
"51710","Norfolk (Independent City), VA",193591
"51740","Portsmouth (Independent City), VA",51361
"51760","Richmond (Independent City), VA",161012
"51770","Roanoke (Independent City), VA",71223
"51800","Suffolk (Independent City), VA",26807
"51810","Virginia Beach (Independent City), VA",193607
"51901","Albemarle + Charlottesville, VA",92368
"51903","Alleghany + Covington, VA",8552
"51907","Augusta, Staunton + Waynesboro, VA",48279
"51909","Bedford + Bedford City, VA",20208
"51911","Campbell + Lynchburg, VA",72120
"51913","Carroll + Galax, VA",13041
"51918","Dinwiddie, Colonial Heights + Petersburg, VA",34648
"51919","Fairfax, Fairfax City + Falls Church, VA",678986
"51921","Frederick + Winchester, VA",53210
"51923","Greensville + Emporia, VA",8799
"51929","Henry + Martinsville, VA",25977
"51931","James City + Williamsburg, VA",43192
"51933","Montgomery + Radford, VA",49942
"51939","Pittsylvania + Danville, VA",41055
"51941","Prince George + Hopewell, VA",30641
"51942","Prince William, Manassas + Manassas Park, VA",151663
"51944","Roanoke + Salem, VA",63264
"51945","Rockbridge, Buena Vista + Lexington, VA",14260
"51947","Rockingham + Harrisonburg, VA",63416
"51949","Southampton + Franklin, VA",8842
"51951","Spotsylvania + Fredericksburg, VA",59432
"51953","Washington + Bristol, VA",33723
"51955","Wise + Norton, VA",21514
"51958","York + Poquoson, VA",26157
"53001","Adams, WA",6618
"53003","Asotin, WA",6069
"53005","Benton, WA",84244
"53007","Chelan, WA",39748
"53009","Clallam, WA",23913
"53011","Clark, WA",135140
"53013","Columbia, WA",1303
"53015","Cowlitz, WA",37447
"53017","Douglas, WA",10839
"53019","Ferry, WA",1691
"53021","Franklin, WA",29749
"53023","Garfield, WA",825
"53025","Grant, WA",34642
"53027","Grays Harbor, WA",23586
"53029","Island, WA",22255
"53031","Jefferson, WA",8623
"53033","King, WA",1202930
"53035","Kitsap, WA",96456
"53037","Kittitas, WA",14922
"53039","Klickitat, WA",7097
"53041","Lewis, WA",24976
"53043","Lincoln, WA",3158
"53045","Mason, WA",14069
"53047","Okanogan, WA",16497
"53049","Pacific, WA",6233
"53051","Pend Oreille, WA",3077
"53053","Pierce, WA",311393
"53055","San Juan, WA",5765
"53057","Skagit, WA",47963
"53059","Skamania, WA",2187
"53061","Snohomish, WA",266717
"53063","Spokane, WA",214522
"53065","Stevens, WA",10372
"53067","Thurston, WA",102406
"53069","Wahkiakum, WA",819
"53071","Walla Walla, WA",26903
"53073","Whatcom, WA",84783
"53075","Whitman, WA",19946
"53077","Yakima, WA",100315
"54001","Barbour, WV",3761
"54003","Berkeley, WV",31577
"54005","Boone, WV",9271
"54007","Braxton, WV",4238
"54009","Brooke, WV",8308
"54011","Cabell, WV",56560
"54013","Calhoun, WV",1562
"54015","Clay, WV",2023
"54017","Doddridge, WV",1232
"54019","Fayette, WV",13513
"54021","Gilmer, WV",2508
"54023","Grant, WV",4186
"54025","Greenbrier, WV",14765
"54027","Hampshire, WV",4384
"54029","Hancock, WV",11640
"54031","Hardy, WV",6296
"54033","Harrison, WV",37004
"54035","Jackson, WV",8056
"54037","Jefferson, WV",16475
"54039","Kanawha, WV",114540
"54041","Lewis, WV",7650
"54043","Lincoln, WV",3752
"54045","Logan, WV",12953
"54047","McDowell, WV",6820
"54049","Marion, WV",22706
"54051","Marshall, WV",11795
"54053","Mason, WV",6933
"54055","Mercer, WV",23411
"54057","Mineral, WV",8481
"54059","Mingo, WV",9556
"54061","Monongalia, WV",58190
"54063","Monroe, WV",2286
"54065","Morgan, WV",3132
"54067","Nicholas, WV",9387
"54069","Ohio, WV",31582
"54071","Pendleton, WV",1968
"54073","Pleasants, WV",2937
"54075","Pocahontas, WV",3313
"54077","Preston, WV",7637
"54079","Putnam, WV",20749
"54081","Raleigh, WV",36284
"54083","Randolph, WV",12426
"54085","Ritchie, WV",3394
"54087","Roane, WV",3351
"54089","Summers, WV",2696
"54091","Taylor, WV",3239
"54093","Tucker, WV",2558
"54095","Tyler, WV",2480
"54097","Upshur, WV",9110
"54099","Wayne, WV",9923
"54101","Webster, WV",2265
"54103","Wetzel, WV",4810
"54105","Wirt, WV",833
"54107","Wood, WV",41502
"54109","Wyoming, WV",5658
"55001","Adams, WI",4820
"55003","Ashland, WI",8575
"55005","Barron, WI",21484
"55007","Bayfield, WI",4206
"55009","Brown, WI",155027
"55011","Buffalo, WI",4762
"55013","Burnett, WI",5028
"55015","Calumet, WI",12852
"55017","Chippewa, WI",23600
"55019","Clark, WI",10812
"55021","Columbia, WI",22060
"55023","Crawford, WI",8400
"55025","Dane, WI",327398
"55027","Dodge, WI",35319
"55029","Door, WI",13318
"55031","Douglas, WI",17440
"55033","Dunn, WI",18160
"55035","Eau Claire, WI",60218
"55037","Florence, WI",970
"55039","Fond du Lac, WI",46998
"55041","Forest, WI",3263
"55043","Grant, WI",19845
"55045","Green, WI",15519
"55047","Green Lake, WI",7025
"55049","Iowa, WI",11091
"55051","Iron, WI",1749
"55053","Jackson, WI",8838
"55055","Jefferson, WI",35044
"55057","Juneau, WI",8654
"55059","Kenosha, WI",57843
"55061","Kewaunee, WI",7676
"55063","La Crosse, WI",71300
"55065","Lafayette, WI",4272
"55067","Langlade, WI",7843
"55069","Lincoln, WI",10918
"55071","Manitowoc, WI",35859
"55073","Marathon, WI",69460
"55075","Marinette, WI",19348
"55077","Marquette, WI",3912
"55078","Menominee, WI",2211
"55079","Milwaukee, WI",505392
"55081","Monroe, WI",21101
"55083","Oconto, WI",9060
"55085","Oneida, WI",17116
"55087","Outagamie, WI",107856
"55089","Ozaukee, WI",41741
"55091","Pepin, WI",2447
"55093","Pierce, WI",11273
"55095","Polk, WI",15839
"55097","Portage, WI",35500
"55099","Price, WI",5992
"55101","Racine, WI",77076
"55103","Richland, WI",6444
"55105","Rock, WI",63057
"55107","Rusk, WI",5162
"55109","St. Croix, WI",31224
"55111","Sauk, WI",38396
"55113","Sawyer, WI",6996
"55115","Shawano, WI",14024
"55117","Sheboygan, WI",59021
"55119","Taylor, WI",8606
"55121","Trempealeau, WI",14316
"55123","Vernon, WI",9124
"55125","Vilas, WI",7662
"55127","Walworth, WI",41514
"55129","Washburn, WI",5951
"55131","Washington, WI",53557
"55133","Waukesha, WI",238251
"55135","Waupaca, WI",20954
"55137","Waushara, WI",6278
"55139","Winnebago, WI",96021
"55141","Wood, WI",44584
"55901","Shawano (includes Menominee), WI","(NA)"
"56001","Albany, WY",18285
"56003","Big Horn, WY",4777
"56005","Campbell, WY",29493
"56007","Carbon, WY",7217
"56009","Converse, WY",6137
"56011","Crook, WY",2568
"56013","Fremont, WY",18061
"56015","Goshen, WY",5089
"56017","Hot Springs, WY",2300
"56019","Johnson, WY",3544
"56021","Laramie, WY",49768
"56023","Lincoln, WY",6671
"56025","Natrona, WY",41796
"56027","Niobrara, WY",1071
"56029","Park, WY",14533
"56031","Platte, WY",3827
"56033","Sheridan, WY",13865
"56035","Sublette, WY",6405
"56037","Sweetwater, WY",26187
"56039","Teton, WY",17832
"56041","Uinta, WY",9626
"56043","Washakie, WY",4303
"56045","Weston, WY",2515
"Legend / Footnotes:"
"Geographic Note-- Cibola, NM was separated from Valencia in June 1981, but in these estimates, Valencia includes Cibola through the end of 1981."
"Geographic Note-- La Paz County, AZ was separated from Yuma County on January 1, 1983. The Yuma, AZ MSA contains the area that became La Paz County, AZ through 1982 and excludes it beginning with 1983."
"Geographic Note-- Shawano, WI and Menominee, WI are combined as Shawano (incl. Menominee), WI for the years prior to 1989."
"Geographic Note-- Broomfield County, CO, was created from parts of Adams, Boulder, Jefferson, and Weld counties effective November 15, 2001. Estimates for Broomfield county begin with 2002."
"Geographic Note-- Estimates for 1979 forward reflect Alaska Census Areas as defined by the Census Bureau; those for prior years reflect Alaska Census Divisions as defined in the 1970 Decennial Census. Estimates from 1988 forward separate Aleutian Islands Census Area into Aleutians East Borough and Aleutians West Census Area. Estimates for 1991 forward separate Denali Borough from Yukon-Koyukuk Census Area and Lake and Peninsula Borough from Dillingham Census Area. Estimates from 1993 forward separate Skagway-Yakutat-Angoon Census Area into Skagway-Hoonah-Angoon Census Area and Yakutat Borough. Estimates from 2008 forward separate Skagway-Hoonah-Angoon Census Area into Skagway Borough and Hoonah-Angoon Census Area. Estimates from 2009 forward separate Wrangell-Petersburg Census Area into Petersburg Census Area and Wrangell City and Borough. In addition, a part of the Prince of Wales-Outer Ketchikan Census Area was annexed by Ketchikan Gateway Borough and part (Meyers Chuck Area) was included in the new Wrangell City and Borough. The remainder of the Prince of Wales-Outer Ketchikan Census Area was renamed Prince of Wales-Hyder Census Area."
"Geographic Note-- Virginia combination areas consist of one or two independent cities with 1980 populations of less than 100,000 combined with an adjacent county. The county name appears first, followed by the city name(s). Separate estimates for the jurisdictions making up the combination area are not available."
"Note-- All state and local area dollar estimates are in current dollars (not adjusted for inflation)."
"(NA) Data not available for this year."
"Last updated: November 26, 2012 - new estimates for 2011; revised estimates for 2009-2010."
