"CA34 Wage and salary summary"
"Average wage per job (dollars) 1/" 
"Bureau of Economic Analysis" 
"County"
"Fips","Area","2011"
"01001","Autauga, AL",32457
"01003","Baldwin, AL",31563
"01005","Barbour, AL",31024
"01007","Bibb, AL",33795
"01009","Blount, AL",29318
"01011","Bullock, AL",28834
"01013","Butler, AL",29767
"01015","Calhoun, AL",37131
"01017","Chambers, AL",30677
"01019","Cherokee, AL",30012
"01021","Chilton, AL",30788
"01023","Choctaw, AL",42704
"01025","Clarke, AL",33650
"01027","Clay, AL",28299
"01029","Cleburne, AL",34789
"01031","Coffee, AL",29944
"01033","Colbert, AL",40085
"01035","Conecuh, AL",31211
"01037","Coosa, AL",32719
"01039","Covington, AL",31250
"01041","Crenshaw, AL",30923
"01043","Cullman, AL",33043
"01045","Dale, AL",53281
"01047","Dallas, AL",32494
"01049","DeKalb, AL",30434
"01051","Elmore, AL",31646
"01053","Escambia, AL",34021
"01055","Etowah, AL",33144
"01057","Fayette, AL",27863
"01059","Franklin, AL",30218
"01061","Geneva, AL",28059
"01063","Greene, AL",32599
"01065","Hale, AL",30479
"01067","Henry, AL",33668
"01069","Houston, AL",35561
"01071","Jackson, AL",32430
"01073","Jefferson, AL",47531
"01075","Lamar, AL",32135
"01077","Lauderdale, AL",29705
"01079","Lawrence, AL",39311
"01081","Lee, AL",32764
"01083","Limestone, AL",39972
"01085","Lowndes, AL",37778
"01087","Macon, AL",36004
"01089","Madison, AL",52851
"01091","Marengo, AL",33604
"01093","Marion, AL",31265
"01095","Marshall, AL",30924
"01097","Mobile, AL",41722
"01099","Monroe, AL",36617
"01101","Montgomery, AL",42413
"01103","Morgan, AL",38512
"01105","Perry, AL",28446
"01107","Pickens, AL",30809
"01109","Pike, AL",34346
"01111","Randolph, AL",28930
"01113","Russell, AL",32546
"01115","St. Clair, AL",32629
"01117","Shelby, AL",44151
"01119","Sumter, AL",31242
"01121","Talladega, AL",38339
"01123","Tallapoosa, AL",31229
"01125","Tuscaloosa, AL",40214
"01127","Walker, AL",32885
"01129","Washington, AL",50119
"01131","Wilcox, AL",36897
"01133","Winston, AL",28838
"02010","Aleutian Islands Census Area, AK","(NA)"
"02013","Aleutians East Borough, AK",34485
"02016","Aleutians West Census Area, AK",43262
"02020","Anchorage Municipality, AK",53301
"02050","Bethel Census Area, AK",39239
"02060","Bristol Bay Borough, AK",42955
"02068","Denali Borough, AK",48430
"02070","Dillingham Census Area, AK",39910
"02090","Fairbanks North Star Borough, AK",50027
"02100","Haines Borough, AK",34221
"02105","Hoonah-Angoon Census Area, AK",33199
"02110","Juneau City and Borough, AK",47795
"02122","Kenai Peninsula Borough, AK",43650
"02130","Ketchikan Gateway Borough, AK",43427
"02150","Kodiak Island Borough, AK",44163
"02164","Lake and Peninsula Borough, AK",40176
"02170","Matanuska-Susitna Borough, AK",38257
"02180","Nome Census Area, AK",43515
"02185","North Slope Borough, AK",93708
"02188","Northwest Arctic Borough, AK",56467
"02195","Petersburg Census Area, AK",38234
"02198","Prince of Wales-Hyder Census Area, AK",38309
"02201","Prince of Wales-Outer Ketchikan Census Area, AK","(NA)"
"02220","Sitka City and Borough, AK",42349
"02230","Skagway Municipality, AK",41178
"02231","Skagway-Yakutat-Angoon Census Area, AK","(NA)"
"02232","Skagway-Hoonah-Angoon Census Area, AK","(NA)"
"02240","Southeast Fairbanks Census Area, AK",62548
"02261","Valdez-Cordova Census Area, AK",49158
"02270","Wade Hampton Census Area, AK",25817
"02275","Wrangell City and Borough, AK",36287
"02280","Wrangell-Petersburg Census Area, AK","(NA)"
"02282","Yakutat City and Borough, AK",35772
"02290","Yukon-Koyukuk Census Area, AK",41591
"02901","Aleutian Islands Division, AK","(NA)"
"02903","Angoon Division, AK","(NA)"
"02904","Barrow-North Slope Division, AK","(NA)"
"02905","Bethel Division, AK","(NA)"
"02907","Bristol Bay Division, AK","(NA)"
"02908","Cordova-McCarthy Division, AK","(NA)"
"02910","Haines Division, AK","(NA)"
"02912","Kenai-Cook Inlet Division, AK","(NA)"
"02916","Kuskokwim Division, AK","(NA)"
"02919","Outer Ketchikan Division, AK","(NA)"
"02920","Prince of Wales Division, AK","(NA)"
"02921","Seward Division, AK","(NA)"
"02922","Sitka Division, AK","(NA)"
"02923","Skagway-Yakutat Division, AK","(NA)"
"02924","Southeast Fairbanks Division, AK","(NA)"
"02925","Upper Yukon Division, AK","(NA)"
"02926","Valdez-Chitina-Whittier Division, AK","(NA)"
"02928","Wrangell-Petersburg Division, AK","(NA)"
"02929","Yukon-Koyukuk Division, AK","(NA)"
"04001","Apache, AZ",39546
"04003","Cochise, AZ",45674
"04005","Coconino, AZ",37927
"04007","Gila, AZ",39223
"04009","Graham, AZ",36295
"04011","Greenlee, AZ",61167
"04012","La Paz, AZ",31070
"04013","Maricopa, AZ",47857
"04015","Mohave, AZ",34342
"04017","Navajo, AZ",37518
"04019","Pima, AZ",42398
"04021","Pinal, AZ",39723
"04023","Santa Cruz, AZ",40935
"04025","Yavapai, AZ",34677
"04027","Yuma, AZ",35903
"05001","Arkansas, AR",33798
"05003","Ashley, AR",38286
"05005","Baxter, AR",31495
"05007","Benton, AR",48371
"05009","Boone, AR",33567
"05011","Bradley, AR",30392
"05013","Calhoun, AR",45528
"05015","Carroll, AR",26940
"05017","Chicot, AR",28442
"05019","Clark, AR",29880
"05021","Clay, AR",27853
"05023","Cleburne, AR",30767
"05025","Cleveland, AR",26352
"05027","Columbia, AR",34705
"05029","Conway, AR",33075
"05031","Craighead, AR",34296
"05033","Crawford, AR",32884
"05035","Crittenden, AR",32796
"05037","Cross, AR",30892
"05039","Dallas, AR",28766
"05041","Desha, AR",30844
"05043","Drew, AR",28753
"05045","Faulkner, AR",37438
"05047","Franklin, AR",34348
"05049","Fulton, AR",25798
"05051","Garland, AR",31657
"05053","Grant, AR",30381
"05055","Greene, AR",33124
"05057","Hempstead, AR",36112
"05059","Hot Spring, AR",32064
"05061","Howard, AR",28469
"05063","Independence, AR",32947
"05065","Izard, AR",27267
"05067","Jackson, AR",32710
"05069","Jefferson, AR",37900
"05071","Johnson, AR",29325
"05073","Lafayette, AR",29204
"05075","Lawrence, AR",28247
"05077","Lee, AR",29794
"05079","Lincoln, AR",29576
"05081","Little River, AR",44514
"05083","Logan, AR",30128
"05085","Lonoke, AR",29898
"05087","Madison, AR",28917
"05089","Marion, AR",27469
"05091","Miller, AR",34784
"05093","Mississippi, AR",38606
"05095","Monroe, AR",27427
"05097","Montgomery, AR",25574
"05099","Nevada, AR",31264
"05101","Newton, AR",23938
"05103","Ouachita, AR",30562
"05105","Perry, AR",29727
"05107","Phillips, AR",28746
"05109","Pike, AR",27163
"05111","Poinsett, AR",30413
"05113","Polk, AR",26881
"05115","Pope, AR",34391
"05117","Prairie, AR",28542
"05119","Pulaski, AR",44939
"05121","Randolph, AR",26594
"05123","St. Francis, AR",31874
"05125","Saline, AR",32108
"05127","Scott, AR",26802
"05129","Searcy, AR",23736
"05131","Sebastian, AR",38574
"05133","Sevier, AR",27952
"05135","Sharp, AR",25910
"05137","Stone, AR",26025
"05139","Union, AR",42449
"05141","Van Buren, AR",35656
"05143","Washington, AR",39760
"05145","White, AR",34839
"05147","Woodruff, AR",28969
"05149","Yell, AR",26988
"06001","Alameda, CA",63676
"06003","Alpine, CA",45503
"06005","Amador, CA",39365
"06007","Butte, CA",37117
"06009","Calaveras, CA",35623
"06011","Colusa, CA",36613
"06013","Contra Costa, CA",61254
"06015","Del Norte, CA",36063
"06017","El Dorado, CA",41773
"06019","Fresno, CA",39351
"06021","Glenn, CA",36186
"06023","Humboldt, CA",35779
"06025","Imperial, CA",37761
"06027","Inyo, CA",38539
"06029","Kern, CA",44430
"06031","Kings, CA",41638
"06033","Lake, CA",36755
"06035","Lassen, CA",42410
"06037","Los Angeles, CA",56093
"06039","Madera, CA",38136
"06041","Marin, CA",58341
"06043","Mariposa, CA",33550
"06045","Mendocino, CA",35932
"06047","Merced, CA",36669
"06049","Modoc, CA",33938
"06051","Mono, CA",37062
"06053","Monterey, CA",43243
"06055","Napa, CA",47571
"06057","Nevada, CA",40835
"06059","Orange, CA",55526
"06061","Placer, CA",48436
"06063","Plumas, CA",39173
"06065","Riverside, CA",40617
"06067","Sacramento, CA",54941
"06069","San Benito, CA",40078
"06071","San Bernardino, CA",42879
"06073","San Diego, CA",53990
"06075","San Francisco, CA",82840
"06077","San Joaquin, CA",42359
"06079","San Luis Obispo, CA",41021
"06081","San Mateo, CA",77315
"06083","Santa Barbara, CA",46553
"06085","Santa Clara, CA",95614
"06087","Santa Cruz, CA",44316
"06089","Shasta, CA",38813
"06091","Sierra, CA",34573
"06093","Siskiyou, CA",35025
"06095","Solano, CA",49672
"06097","Sonoma, CA",46697
"06099","Stanislaus, CA",41464
"06101","Sutter, CA",37417
"06103","Tehama, CA",36670
"06105","Trinity, CA",34688
"06107","Tulare, CA",34568
"06109","Tuolumne, CA",38861
"06111","Ventura, CA",51210
"06113","Yolo, CA",48489
"06115","Yuba, CA",46132
"08001","Adams, CO",44719
"08003","Alamosa, CO",33459
"08005","Arapahoe, CO",57582
"08007","Archuleta, CO",31627
"08009","Baca, CO",27625
"08011","Bent, CO",32082
"08013","Boulder, CO",54888
"08014","Broomfield, CO",67367
"08015","Chaffee, CO",31126
"08017","Cheyenne, CO",37583
"08019","Clear Creek, CO",47938
"08021","Conejos, CO",28740
"08023","Costilla, CO",28775
"08025","Crowley, CO",35943
"08027","Custer, CO",31145
"08029","Delta, CO",34200
"08031","Denver, CO",59945
"08033","Dolores, CO",27079
"08035","Douglas, CO",53938
"08037","Eagle, CO",41169
"08039","Elbert, CO",33827
"08041","El Paso, CO",46930
"08043","Fremont, CO",36612
"08045","Garfield, CO",44952
"08047","Gilpin, CO",40936
"08049","Grand, CO",31312
"08051","Gunnison, CO",35633
"08053","Hinsdale, CO",25252
"08055","Huerfano, CO",28436
"08057","Jackson, CO",31025
"08059","Jefferson, CO",49505
"08061","Kiowa, CO",35673
"08063","Kit Carson, CO",31342
"08065","Lake, CO",31211
"08067","La Plata, CO",41465
"08069","Larimer, CO",42354
"08071","Las Animas, CO",34348
"08073","Lincoln, CO",34088
"08075","Logan, CO",34500
"08077","Mesa, CO",40317
"08079","Mineral, CO",28886
"08081","Moffat, CO",44483
"08083","Montezuma, CO",32468
"08085","Montrose, CO",35286
"08087","Morgan, CO",37063
"08089","Otero, CO",31242
"08091","Ouray, CO",31497
"08093","Park, CO",31799
"08095","Phillips, CO",33058
"08097","Pitkin, CO",44724
"08099","Prowers, CO",31583
"08101","Pueblo, CO",37722
"08103","Rio Blanco, CO",52226
"08105","Rio Grande, CO",30717
"08107","Routt, CO",41043
"08109","Saguache, CO",29981
"08111","San Juan, CO",24587
"08113","San Miguel, CO",36331
"08115","Sedgwick, CO",30223
"08117","Summit, CO",34876
"08119","Teller, CO",34862
"08121","Washington, CO",32649
"08123","Weld, CO",41440
"08125","Yuma, CO",34969
"09001","Fairfield, CT",81243
"09003","Hartford, CT",59628
"09005","Litchfield, CT",41496
"09007","Middlesex, CT",48699
"09009","New Haven, CT",50036
"09011","New London, CT",48998
"09013","Tolland, CT",42251
"09015","Windham, CT",39289
"10001","Kent, DE",37919
"10003","New Castle, DE",56433
"10005","Sussex, DE",34010
"11001","District of Columbia, DC",79851
"12001","Alachua, FL",40302
"12003","Baker, FL",32524
"12005","Bay, FL",38601
"12007","Bradford, FL",32914
"12009","Brevard, FL",46058
"12011","Broward, FL",46265
"12013","Calhoun, FL",29738
"12015","Charlotte, FL",34398
"12017","Citrus, FL",36664
"12019","Clay, FL",34742
"12021","Collier, FL",42952
"12023","Columbia, FL",34765
"12027","DeSoto, FL",31445
"12029","Dixie, FL",30383
"12031","Duval, FL",48476
"12033","Escambia, FL",41511
"12035","Flagler, FL",32719
"12037","Franklin, FL",30447
"12039","Gadsden, FL",34016
"12041","Gilchrist, FL",31374
"12043","Glades, FL",34893
"12045","Gulf, FL",34782
"12047","Hamilton, FL",41413
"12049","Hardee, FL",30590
"12051","Hendry, FL",30410
"12053","Hernando, FL",32916
"12055","Highlands, FL",30629
"12057","Hillsborough, FL",48477
"12059","Holmes, FL",28566
"12061","Indian River, FL",36910
"12063","Jackson, FL",33220
"12065","Jefferson, FL",30058
"12067","Lafayette, FL",29611
"12069","Lake, FL",34044
"12071","Lee, FL",40211
"12073","Leon, FL",40786
"12075","Levy, FL",29389
"12077","Liberty, FL",32958
"12079","Madison, FL",30603
"12081","Manatee, FL",38796
"12083","Marion, FL",35144
"12085","Martin, FL",40634
"12086","Miami-Dade, FL",48036
"12087","Monroe, FL",41093
"12089","Nassau, FL",40361
"12091","Okaloosa, FL",43947
"12093","Okeechobee, FL",32855
"12095","Orange, FL",44705
"12097","Osceola, FL",35337
"12099","Palm Beach, FL",47792
"12101","Pasco, FL",35022
"12103","Pinellas, FL",44473
"12105","Polk, FL",37956
"12107","Putnam, FL",36144
"12109","St. Johns, FL",39070
"12111","St. Lucie, FL",36459
"12113","Santa Rosa, FL",36337
"12115","Sarasota, FL",40852
"12117","Seminole, FL",41666
"12119","Sumter, FL",37180
"12121","Suwannee, FL",30033
"12123","Taylor, FL",38376
"12125","Union, FL",34749
"12127","Volusia, FL",35608
"12129","Wakulla, FL",32724
"12131","Walton, FL",32794
"12133","Washington, FL",32384
"13001","Appling, GA",39579
"13003","Atkinson, GA",32112
"13005","Bacon, GA",29485
"13007","Baker, GA",30257
"13009","Baldwin, GA",31518
"13011","Banks, GA",28882
"13013","Barrow, GA",34410
"13015","Bartow, GA",38339
"13017","Ben Hill, GA",29895
"13019","Berrien, GA",31118
"13021","Bibb, GA",38939
"13023","Bleckley, GA",27600
"13025","Brantley, GA",29433
"13027","Brooks, GA",26513
"13029","Bryan, GA",31983
"13031","Bulloch, GA",31460
"13033","Burke, GA",44153
"13035","Butts, GA",32652
"13037","Calhoun, GA",26403
"13039","Camden, GA",44038
"13043","Candler, GA",29039
"13045","Carroll, GA",38621
"13047","Catoosa, GA",33300
"13049","Charlton, GA",33462
"13051","Chatham, GA",42464
"13053","Chattahoochee, GA",58882
"13055","Chattooga, GA",30684
"13057","Cherokee, GA",37528
"13059","Clarke, GA",38187
"13061","Clay, GA",28114
"13063","Clayton, GA",44156
"13065","Clinch, GA",30590
"13067","Cobb, GA",51056
"13069","Coffee, GA",31367
"13071","Colquitt, GA",29817
"13073","Columbia, GA",34103
"13075","Cook, GA",29106
"13077","Coweta, GA",35639
"13079","Crawford, GA",29882
"13081","Crisp, GA",30887
"13083","Dade, GA",32344
"13085","Dawson, GA",27807
"13087","Decatur, GA",30461
"13089","DeKalb, GA",51019
"13091","Dodge, GA",28812
"13093","Dooly, GA",30158
"13095","Dougherty, GA",38996
"13097","Douglas, GA",33950
"13099","Early, GA",38666
"13101","Echols, GA",29865
"13103","Effingham, GA",37596
"13105","Elbert, GA",31482
"13107","Emanuel, GA",29516
"13109","Evans, GA",28962
"13111","Fannin, GA",29507
"13113","Fayette, GA",41172
"13115","Floyd, GA",39014
"13117","Forsyth, GA",45292
"13119","Franklin, GA",31127
"13121","Fulton, GA",65923
"13123","Gilmer, GA",29132
"13125","Glascock, GA",25185
"13127","Glynn, GA",38351
"13129","Gordon, GA",36235
"13131","Grady, GA",30649
"13133","Greene, GA",34835
"13135","Gwinnett, GA",48541
"13137","Habersham, GA",32238
"13139","Hall, GA",41161
"13141","Hancock, GA",28980
"13143","Haralson, GA",34901
"13145","Harris, GA",28096
"13147","Hart, GA",34325
"13149","Heard, GA",44978
"13151","Henry, GA",35545
"13153","Houston, GA",44860
"13155","Irwin, GA",29005
"13157","Jackson, GA",35125
"13159","Jasper, GA",30020
"13161","Jeff Davis, GA",30375
"13163","Jefferson, GA",32878
"13165","Jenkins, GA",28966
"13167","Johnson, GA",29446
"13169","Jones, GA",30789
"13171","Lamar, GA",32726
"13173","Lanier, GA",27859
"13175","Laurens, GA",35027
"13177","Lee, GA",32537
"13179","Liberty, GA",49487
"13181","Lincoln, GA",28582
"13183","Long, GA",28822
"13185","Lowndes, GA",35240
"13187","Lumpkin, GA",33594
"13189","McDuffie, GA",31514
"13191","McIntosh, GA",28979
"13193","Macon, GA",33209
"13195","Madison, GA",30081
"13197","Marion, GA",28168
"13199","Meriwether, GA",31082
"13201","Miller, GA",28564
"13205","Mitchell, GA",27442
"13207","Monroe, GA",36012
"13209","Montgomery, GA",28474
"13211","Morgan, GA",31922
"13213","Murray, GA",33430
"13215","Muscogee, GA",40923
"13217","Newton, GA",37949
"13219","Oconee, GA",35039
"13221","Oglethorpe, GA",25727
"13223","Paulding, GA",32414
"13225","Peach, GA",33596
"13227","Pickens, GA",34735
"13229","Pierce, GA",29688
"13231","Pike, GA",30836
"13233","Polk, GA",33551
"13235","Pulaski, GA",33667
"13237","Putnam, GA",31514
"13239","Quitman, GA",29767
"13241","Rabun, GA",28639
"13243","Randolph, GA",29686
"13245","Richmond, GA",43298
"13247","Rockdale, GA",41991
"13249","Schley, GA",35805
"13251","Screven, GA",31001
"13253","Seminole, GA",31622
"13255","Spalding, GA",33699
"13257","Stephens, GA",34451
"13259","Stewart, GA",33247
"13261","Sumter, GA",30511
"13263","Talbot, GA",30027
"13265","Taliaferro, GA",24699
"13267","Tattnall, GA",28386
"13269","Taylor, GA",32414
"13271","Telfair, GA",27435
"13273","Terrell, GA",30611
"13275","Thomas, GA",36212
"13277","Tift, GA",33072
"13279","Toombs, GA",32617
"13281","Towns, GA",29288
"13283","Treutlen, GA",26630
"13285","Troup, GA",40001
"13287","Turner, GA",28745
"13289","Twiggs, GA",33873
"13291","Union, GA",30793
"13293","Upson, GA",32161
"13295","Walker, GA",31319
"13297","Walton, GA",35619
"13299","Ware, GA",34837
"13301","Warren, GA",29713
"13303","Washington, GA",33655
"13305","Wayne, GA",38068
"13307","Webster, GA",31489
"13309","Wheeler, GA",31450
"13311","White, GA",30002
"13313","Whitfield, GA",38229
"13315","Wilcox, GA",31681
"13317","Wilkes, GA",29511
"13319","Wilkinson, GA",45907
"13321","Worth, GA",30039
"15001","Hawaii, HI",36495
"15003","Honolulu, HI",46110
"15007","Kauai, HI",38809
"15901","Maui + Kalawao, HI",38996
"16001","Ada, ID",42223
"16003","Adams, ID",30284
"16005","Bannock, ID",33701
"16007","Bear Lake, ID",27144
"16009","Benewah, ID",33723
"16011","Bingham, ID",32464
"16013","Blaine, ID",36988
"16015","Boise, ID",25662
"16017","Bonner, ID",32564
"16019","Bonneville, ID",33840
"16021","Boundary, ID",31719
"16023","Butte, ID",81228
"16025","Camas, ID",34029
"16027","Canyon, ID",32319
"16029","Caribou, ID",45405
"16031","Cassia, ID",30915
"16033","Clark, ID",38335
"16035","Clearwater, ID",33083
"16037","Custer, ID",37384
"16039","Elmore, ID",38688
"16041","Franklin, ID",25030
"16043","Fremont (includes Yellowstone Park), ID",29502
"16045","Gem, ID",27778
"16047","Gooding, ID",31638
"16049","Idaho, ID",33202
"16051","Jefferson, ID",27448
"16053","Jerome, ID",32969
"16055","Kootenai, ID",33728
"16057","Latah, ID",30293
"16059","Lemhi, ID",28760
"16061","Lewis, ID",27058
"16063","Lincoln, ID",30791
"16065","Madison, ID",28245
"16067","Minidoka, ID",32126
"16069","Nez Perce, ID",36481
"16071","Oneida, ID",24955
"16073","Owyhee, ID",29366
"16075","Payette, ID",33628
"16077","Power, ID",36210
"16079","Shoshone, ID",38684
"16081","Teton, ID",30686
"16083","Twin Falls, ID",30588
"16085","Valley, ID",30831
"16087","Washington, ID",27427
"17001","Adams, IL",37316
"17003","Alexander, IL",36180
"17005","Bond, IL",35237
"17007","Boone, IL",44201
"17009","Brown, IL",41188
"17011","Bureau, IL",37137
"17013","Calhoun, IL",24541
"17015","Carroll, IL",33017
"17017","Cass, IL",33758
"17019","Champaign, IL",39550
"17021","Christian, IL",40158
"17023","Clark, IL",33148
"17025","Clay, IL",34377
"17027","Clinton, IL",32737
"17029","Coles, IL",35028
"17031","Cook, IL",57912
"17033","Crawford, IL",40886
"17035","Cumberland, IL",30629
"17037","DeKalb, IL",36439
"17039","De Witt, IL",45120
"17041","Douglas, IL",39304
"17043","DuPage, IL",57638
"17045","Edgar, IL",35736
"17047","Edwards, IL",35919
"17049","Effingham, IL",35186
"17051","Fayette, IL",31764
"17053","Ford, IL",35764
"17055","Franklin, IL",32882
"17057","Fulton, IL",30270
"17059","Gallatin, IL",33750
"17061","Greene, IL",29534
"17063","Grundy, IL",51632
"17065","Hamilton, IL",32165
"17067","Hancock, IL",29948
"17069","Hardin, IL",31110
"17071","Henderson, IL",28804
"17073","Henry, IL",31670
"17075","Iroquois, IL",32263
"17077","Jackson, IL",34613
"17079","Jasper, IL",37486
"17081","Jefferson, IL",39139
"17083","Jersey, IL",31302
"17085","Jo Daviess, IL",32441
"17087","Johnson, IL",35157
"17089","Kane, IL",44662
"17091","Kankakee, IL",37376
"17093","Kendall, IL",38725
"17095","Knox, IL",34566
"17097","Lake, IL",62395
"17099","LaSalle, IL",39763
"17101","Lawrence, IL",32721
"17103","Lee, IL",38978
"17105","Livingston, IL",40120
"17107","Logan, IL",37143
"17109","McDonough, IL",34448
"17111","McHenry, IL",41638
"17113","McLean, IL",48173
"17115","Macon, IL",45149
"17117","Macoupin, IL",33135
"17119","Madison, IL",40439
"17121","Marion, IL",35705
"17123","Marshall, IL",34059
"17125","Mason, IL",33463
"17127","Massac, IL",44719
"17129","Menard, IL",30104
"17131","Mercer, IL",30695
"17133","Monroe, IL",32522
"17135","Montgomery, IL",36326
"17137","Morgan, IL",34940
"17139","Moultrie, IL",34099
"17141","Ogle, IL",42361
"17143","Peoria, IL",47922
"17145","Perry, IL",33333
"17147","Piatt, IL",32843
"17149","Pike, IL",29524
"17151","Pope, IL",31614
"17153","Pulaski, IL",37555
"17155","Putnam, IL",47700
"17157","Randolph, IL",35903
"17159","Richland, IL",32425
"17161","Rock Island, IL",53474
"17163","St. Clair, IL",44233
"17165","Saline, IL",39359
"17167","Sangamon, IL",45438
"17169","Schuyler, IL",38337
"17171","Scott, IL",34102
"17173","Shelby, IL",31905
"17175","Stark, IL",32848
"17177","Stephenson, IL",39535
"17179","Tazewell, IL",57809
"17181","Union, IL",32374
"17183","Vermilion, IL",38842
"17185","Wabash, IL",33472
"17187","Warren, IL",31399
"17189","Washington, IL",36973
"17191","Wayne, IL",31881
"17193","White, IL",36290
"17195","Whiteside, IL",36327
"17197","Will, IL",43502
"17199","Williamson, IL",36487
"17201","Winnebago, IL",42227
"17203","Woodford, IL",34620
"18001","Adams, IN",32319
"18003","Allen, IN",40730
"18005","Bartholomew, IN",46192
"18007","Benton, IN",33045
"18009","Blackford, IN",32076
"18011","Boone, IN",38837
"18013","Brown, IN",25138
"18015","Carroll, IN",31622
"18017","Cass, IN",34100
"18019","Clark, IN",36129
"18021","Clay, IN",31339
"18023","Clinton, IN",36575
"18025","Crawford, IN",28034
"18027","Daviess, IN",32018
"18029","Dearborn, IN",37020
"18031","Decatur, IN",37154
"18033","DeKalb, IN",41978
"18035","Delaware, IN",33570
"18037","Dubois, IN",37281
"18039","Elkhart, IN",39023
"18041","Fayette, IN",32913
"18043","Floyd, IN",36398
"18045","Fountain, IN",32087
"18047","Franklin, IN",29031
"18049","Fulton, IN",34094
"18051","Gibson, IN",44197
"18053","Grant, IN",37143
"18055","Greene, IN",30069
"18057","Hamilton, IN",47063
"18059","Hancock, IN",39028
"18061","Harrison, IN",32182
"18063","Hendricks, IN",35277
"18065","Henry, IN",32750
"18067","Howard, IN",43811
"18069","Huntington, IN",34036
"18071","Jackson, IN",36996
"18073","Jasper, IN",34811
"18075","Jay, IN",31736
"18077","Jefferson, IN",34882
"18079","Jennings, IN",35357
"18081","Johnson, IN",33911
"18083","Knox, IN",35321
"18085","Kosciusko, IN",44333
"18087","Lagrange, IN",33894
"18089","Lake, IN",44216
"18091","LaPorte, IN",36669
"18093","Lawrence, IN",34090
"18095","Madison, IN",34364
"18097","Marion, IN",49758
"18099","Marshall, IN",34863
"18101","Martin, IN",62052
"18103","Miami, IN",34618
"18105","Monroe, IN",34524
"18107","Montgomery, IN",38582
"18109","Morgan, IN",33352
"18111","Newton, IN",33525
"18113","Noble, IN",34425
"18115","Ohio, IN",31717
"18117","Orange, IN",32168
"18119","Owen, IN",34871
"18121","Parke, IN",28320
"18123","Perry, IN",36704
"18125","Pike, IN",46338
"18127","Porter, IN",40075
"18129","Posey, IN",49543
"18131","Pulaski, IN",35258
"18133","Putnam, IN",31435
"18135","Randolph, IN",33398
"18137","Ripley, IN",42574
"18139","Rush, IN",33209
"18141","St. Joseph, IN",39356
"18143","Scott, IN",31568
"18145","Shelby, IN",37638
"18147","Spencer, IN",34684
"18149","Starke, IN",29069
"18151","Steuben, IN",31266
"18153","Sullivan, IN",34511
"18155","Switzerland, IN",31765
"18157","Tippecanoe, IN",39818
"18159","Tipton, IN",37867
"18161","Union, IN",29163
"18163","Vanderburgh, IN",40287
"18165","Vermillion, IN",45525
"18167","Vigo, IN",36097
"18169","Wabash, IN",32114
"18171","Warren, IN",34049
"18173","Warrick, IN",39679
"18175","Washington, IN",31586
"18177","Wayne, IN",34504
"18179","Wells, IN",34914
"18181","White, IN",33356
"18183","Whitley, IN",36668
"19001","Adair, IA",30156
"19003","Adams, IA",28302
"19005","Allamakee, IA",29328
"19007","Appanoose, IA",29392
"19009","Audubon, IA",30407
"19011","Benton, IA",32012
"19013","Black Hawk, IA",39335
"19015","Boone, IA",36187
"19017","Bremer, IA",34729
"19019","Buchanan, IA",31166
"19021","Buena Vista, IA",32265
"19023","Butler, IA",31000
"19025","Calhoun, IA",29232
"19027","Carroll, IA",32195
"19029","Cass, IA",31124
"19031","Cedar, IA",31040
"19033","Cerro Gordo, IA",35529
"19035","Cherokee, IA",31316
"19037","Chickasaw, IA",32652
"19039","Clarke, IA",31218
"19041","Clay, IA",34839
"19043","Clayton, IA",31494
"19045","Clinton, IA",34096
"19047","Crawford, IA",33647
"19049","Dallas, IA",47320
"19051","Davis, IA",28931
"19053","Decatur, IA",25017
"19055","Delaware, IA",33647
"19057","Des Moines, IA",36072
"19059","Dickinson, IA",30958
"19061","Dubuque, IA",37603
"19063","Emmet, IA",31620
"19065","Fayette, IA",28996
"19067","Floyd, IA",33555
"19069","Franklin, IA",34692
"19071","Fremont, IA",38421
"19073","Greene, IA",33548
"19075","Grundy, IA",35900
"19077","Guthrie, IA",32870
"19079","Hamilton, IA",34649
"19081","Hancock, IA",35775
"19083","Hardin, IA",32793
"19085","Harrison, IA",32184
"19087","Henry, IA",33905
"19089","Howard, IA",30911
"19091","Humboldt, IA",32933
"19093","Ida, IA",35834
"19095","Iowa, IA",32554
"19097","Jackson, IA",28393
"19099","Jasper, IA",32311
"19101","Jefferson, IA",32344
"19103","Johnson, IA",38538
"19105","Jones, IA",31476
"19107","Keokuk, IA",29910
"19109","Kossuth, IA",33704
"19111","Lee, IA",37166
"19113","Linn, IA",44928
"19115","Louisa, IA",32693
"19117","Lucas, IA",34103
"19119","Lyon, IA",30545
"19121","Madison, IA",30812
"19123","Mahaska, IA",32631
"19125","Marion, IA",37336
"19127","Marshall, IA",37036
"19129","Mills, IA",33532
"19131","Mitchell, IA",33600
"19133","Monona, IA",29124
"19135","Monroe, IA",39864
"19137","Montgomery, IA",33353
"19139","Muscatine, IA",41615
"19141","O'Brien, IA",29762
"19143","Osceola, IA",31454
"19145","Page, IA",31398
"19147","Palo Alto, IA",29498
"19149","Plymouth, IA",36964
"19151","Pocahontas, IA",34084
"19153","Polk, IA",47006
"19155","Pottawattamie, IA",34099
"19157","Poweshiek, IA",35868
"19159","Ringgold, IA",28856
"19161","Sac, IA",31155
"19163","Scott, IA",38343
"19165","Shelby, IA",31103
"19167","Sioux, IA",31589
"19169","Story, IA",36196
"19171","Tama, IA",30765
"19173","Taylor, IA",30206
"19175","Union, IA",31661
"19177","Van Buren, IA",32794
"19179","Wapello, IA",34055
"19181","Warren, IA",32023
"19183","Washington, IA",29943
"19185","Wayne, IA",28575
"19187","Webster, IA",36293
"19189","Winnebago, IA",30198
"19191","Winneshiek, IA",31224
"19193","Woodbury, IA",33988
"19195","Worth, IA",30670
"19197","Wright, IA",35017
"20001","Allen, KS",30335
"20003","Anderson, KS",28609
"20005","Atchison, KS",34124
"20007","Barber, KS",30034
"20009","Barton, KS",35309
"20011","Bourbon, KS",30698
"20013","Brown, KS",32526
"20015","Butler, KS",33058
"20017","Chase, KS",26574
"20019","Chautauqua, KS",25050
"20021","Cherokee, KS",34057
"20023","Cheyenne, KS",29499
"20025","Clark, KS",29548
"20027","Clay, KS",28484
"20029","Cloud, KS",27259
"20031","Coffey, KS",52219
"20033","Comanche, KS",25413
"20035","Cowley, KS",33131
"20037","Crawford, KS",30706
"20039","Decatur, KS",25017
"20041","Dickinson, KS",30672
"20043","Doniphan, KS",31662
"20045","Douglas, KS",32828
"20047","Edwards, KS",33685
"20049","Elk, KS",23507
"20051","Ellis, KS",33252
"20053","Ellsworth, KS",31254
"20055","Finney, KS",33975
"20057","Ford, KS",34330
"20059","Franklin, KS",34421
"20061","Geary, KS",50824
"20063","Gove, KS",25539
"20065","Graham, KS",31213
"20067","Grant, KS",40157
"20069","Gray, KS",32339
"20071","Greeley, KS",31763
"20073","Greenwood, KS",29170
"20075","Hamilton, KS",34268
"20077","Harper, KS",31709
"20079","Harvey, KS",34527
"20081","Haskell, KS",37184
"20083","Hodgeman, KS",30304
"20085","Jackson, KS",29467
"20087","Jefferson, KS",29805
"20089","Jewell, KS",27037
"20091","Johnson, KS",50037
"20093","Kearny, KS",30149
"20095","Kingman, KS",32083
"20097","Kiowa, KS",26832
"20099","Labette, KS",31709
"20101","Lane, KS",28990
"20103","Leavenworth, KS",52209
"20105","Lincoln, KS",27670
"20107","Linn, KS",40068
"20109","Logan, KS",28200
"20111","Lyon, KS",30955
"20113","McPherson, KS",36644
"20115","Marion, KS",27145
"20117","Marshall, KS",33772
"20119","Meade, KS",30937
"20121","Miami, KS",33863
"20123","Mitchell, KS",30934
"20125","Montgomery, KS",32943
"20127","Morris, KS",29480
"20129","Morton, KS",35382
"20131","Nemaha, KS",30860
"20133","Neosho, KS",31810
"20135","Ness, KS",34313
"20137","Norton, KS",32037
"20139","Osage, KS",25405
"20141","Osborne, KS",27585
"20143","Ottawa, KS",27536
"20145","Pawnee, KS",32139
"20147","Phillips, KS",29911
"20149","Pottawatomie, KS",35455
"20151","Pratt, KS",32947
"20153","Rawlins, KS",30353
"20155","Reno, KS",32628
"20157","Republic, KS",26003
"20159","Rice, KS",30948
"20161","Riley, KS",33232
"20163","Rooks, KS",31169
"20165","Rush, KS",29795
"20167","Russell, KS",31627
"20169","Saline, KS",35072
"20171","Scott, KS",35214
"20173","Sedgwick, KS",43891
"20175","Seward, KS",35550
"20177","Shawnee, KS",41793
"20179","Sheridan, KS",32821
"20181","Sherman, KS",28446
"20183","Smith, KS",26367
"20185","Stafford, KS",27450
"20187","Stanton, KS",37249
"20189","Stevens, KS",35263
"20191","Sumner, KS",32440
"20193","Thomas, KS",29141
"20195","Trego, KS",29594
"20197","Wabaunsee, KS",26343
"20199","Wallace, KS",28717
"20201","Washington, KS",25908
"20203","Wichita, KS",37723
"20205","Wilson, KS",32994
"20207","Woodson, KS",28251
"20209","Wyandotte, KS",44773
"21001","Adair, KY",26616
"21003","Allen, KY",29793
"21005","Anderson, KY",32365
"21007","Ballard, KY",49695
"21009","Barren, KY",31583
"21011","Bath, KY",28571
"21013","Bell, KY",30863
"21015","Boone, KY",41654
"21017","Bourbon, KY",34081
"21019","Boyd, KY",43324
"21021","Boyle, KY",34588
"21023","Bracken, KY",30477
"21025","Breathitt, KY",32550
"21027","Breckinridge, KY",28117
"21029","Bullitt, KY",31878
"21031","Butler, KY",30915
"21033","Caldwell, KY",29886
"21035","Calloway, KY",29178
"21037","Campbell, KY",35161
"21039","Carlisle, KY",24057
"21041","Carroll, KY",44340
"21043","Carter, KY",28698
"21045","Casey, KY",25725
"21047","Christian, KY",51238
"21049","Clark, KY",35978
"21051","Clay, KY",33501
"21053","Clinton, KY",26787
"21055","Crittenden, KY",27921
"21057","Cumberland, KY",27379
"21059","Daviess, KY",34430
"21061","Edmonson, KY",28820
"21063","Elliott, KY",27180
"21065","Estill, KY",29738
"21067","Fayette, KY",41633
"21069","Fleming, KY",28540
"21071","Floyd, KY",36645
"21073","Franklin, KY",39616
"21075","Fulton, KY",31053
"21077","Gallatin, KY",37757
"21079","Garrard, KY",27596
"21081","Grant, KY",30738
"21083","Graves, KY",30658
"21085","Grayson, KY",28359
"21087","Green, KY",26311
"21089","Greenup, KY",35849
"21091","Hancock, KY",56021
"21093","Hardin, KY",43995
"21095","Harlan, KY",40276
"21097","Harrison, KY",34159
"21099","Hart, KY",29486
"21101","Henderson, KY",35954
"21103","Henry, KY",31300
"21105","Hickman, KY",26266
"21107","Hopkins, KY",38193
"21109","Jackson, KY",28252
"21111","Jefferson, KY",45844
"21113","Jessamine, KY",34062
"21115","Johnson, KY",31795
"21117","Kenton, KY",44516
"21119","Knott, KY",42492
"21121","Knox, KY",30614
"21123","Larue, KY",26341
"21125","Laurel, KY",32739
"21127","Lawrence, KY",35350
"21129","Lee, KY",29385
"21131","Leslie, KY",39398
"21133","Letcher, KY",40516
"21135","Lewis, KY",26421
"21137","Lincoln, KY",29415
"21139","Livingston, KY",35504
"21141","Logan, KY",35351
"21143","Lyon, KY",27249
"21145","McCracken, KY",38409
"21147","McCreary, KY",31658
"21149","McLean, KY",30134
"21151","Madison, KY",32740
"21153","Magoffin, KY",29805
"21155","Marion, KY",32730
"21157","Marshall, KY",42547
"21159","Martin, KY",42449
"21161","Mason, KY",32967
"21163","Meade, KY",31984
"21165","Menifee, KY",27364
"21167","Mercer, KY",41784
"21169","Metcalfe, KY",29773
"21171","Monroe, KY",26813
"21173","Montgomery, KY",32375
"21175","Morgan, KY",31129
"21177","Muhlenberg, KY",37050
"21179","Nelson, KY",33666
"21181","Nicholas, KY",25246
"21183","Ohio, KY",32767
"21185","Oldham, KY",36311
"21187","Owen, KY",33301
"21189","Owsley, KY",27040
"21191","Pendleton, KY",34268
"21193","Perry, KY",40659
"21195","Pike, KY",41093
"21197","Powell, KY",27386
"21199","Pulaski, KY",30746
"21201","Robertson, KY",22229
"21203","Rockcastle, KY",29505
"21205","Rowan, KY",29442
"21207","Russell, KY",29511
"21209","Scott, KY",45076
"21211","Shelby, KY",34579
"21213","Simpson, KY",34259
"21215","Spencer, KY",29262
"21217","Taylor, KY",27784
"21219","Todd, KY",26937
"21221","Trigg, KY",29368
"21223","Trimble, KY",39351
"21225","Union, KY",39210
"21227","Warren, KY",35397
"21229","Washington, KY",32005
"21231","Wayne, KY",27645
"21233","Webster, KY",44581
"21235","Whitley, KY",33032
"21237","Wolfe, KY",26506
"21239","Woodford, KY",35818
"22001","Acadia, LA",35057
"22003","Allen, LA",32585
"22005","Ascension, LA",45829
"22007","Assumption, LA",39399
"22009","Avoyelles, LA",30496
"22011","Beauregard, LA",37385
"22013","Bienville, LA",34919
"22015","Bossier, LA",40010
"22017","Caddo, LA",41288
"22019","Calcasieu, LA",41837
"22021","Caldwell, LA",30162
"22023","Cameron, LA",48752
"22025","Catahoula, LA",28457
"22027","Claiborne, LA",37132
"22029","Concordia, LA",31114
"22031","De Soto, LA",44749
"22033","East Baton Rouge, LA",44939
"22035","East Carroll, LA",30453
"22037","East Feliciana, LA",37011
"22039","Evangeline, LA",33611
"22041","Franklin, LA",27837
"22043","Grant, LA",37061
"22045","Iberia, LA",44723
"22047","Iberville, LA",56356
"22049","Jackson, LA",36163
"22051","Jefferson, LA",45654
"22053","Jefferson Davis, LA",33472
"22055","Lafayette, LA",46880
"22057","Lafourche, LA",47655
"22059","La Salle, LA",36730
"22061","Lincoln, LA",34105
"22063","Livingston, LA",34930
"22065","Madison, LA",27597
"22067","Morehouse, LA",29407
"22069","Natchitoches, LA",32757
"22071","Orleans, LA",49393
"22073","Ouachita, LA",36465
"22075","Plaquemines, LA",56843
"22077","Pointe Coupee, LA",35901
"22079","Rapides, LA",37144
"22081","Red River, LA",39908
"22083","Richland, LA",30098
"22085","Sabine, LA",32236
"22087","St. Bernard, LA",45073
"22089","St. Charles, LA",58845
"22091","St. Helena, LA",33129
"22093","St. James, LA",57429
"22095","St. John the Baptist, LA",49127
"22097","St. Landry, LA",34183
"22099","St. Martin, LA",35310
"22101","St. Mary, LA",46323
"22103","St. Tammany, LA",41035
"22105","Tangipahoa, LA",36488
"22107","Tensas, LA",32126
"22109","Terrebonne, LA",46770
"22111","Union, LA",29460
"22113","Vermilion, LA",41011
"22115","Vernon, LA",46260
"22117","Washington, LA",34354
"22119","Webster, LA",37587
"22121","West Baton Rouge, LA",43984
"22123","West Carroll, LA",29494
"22125","West Feliciana, LA",49493
"22127","Winn, LA",32511
"23001","Androscoggin, ME",37189
"23003","Aroostook, ME",33029
"23005","Cumberland, ME",44762
"23007","Franklin, ME",35110
"23009","Hancock, ME",34899
"23011","Kennebec, ME",38081
"23013","Knox, ME",34951
"23015","Lincoln, ME",31430
"23017","Oxford, ME",34311
"23019","Penobscot, ME",36205
"23021","Piscataquis, ME",30993
"23023","Sagadahoc, ME",45440
"23025","Somerset, ME",36381
"23027","Waldo, ME",33434
"23029","Washington, ME",32285
"23031","York, ME",39341
"24001","Allegany, MD",36613
"24003","Anne Arundel, MD",57697
"24005","Baltimore, MD",50631
"24009","Calvert, MD",43241
"24011","Caroline, MD",36154
"24013","Carroll, MD",38835
"24015","Cecil, MD",42201
"24017","Charles, MD",41812
"24019","Dorchester, MD",35645
"24021","Frederick, MD",48743
"24023","Garrett, MD",32226
"24025","Harford, MD",49200
"24027","Howard, MD",60252
"24029","Kent, MD",36951
"24031","Montgomery, MD",67054
"24033","Prince George's, MD",52566
"24035","Queen Anne's, MD",36089
"24037","St. Mary's, MD",62052
"24039","Somerset, MD",39378
"24041","Talbot, MD",38280
"24043","Washington, MD",39176
"24045","Wicomico, MD",38744
"24047","Worcester, MD",31216
"24510","Baltimore (Independent City), MD",56631
"25001","Barnstable, MA",40684
"25003","Berkshire, MA",39476
"25005","Bristol, MA",43160
"25007","Dukes, MA",42583
"25009","Essex, MA",50716
"25011","Franklin, MA",36091
"25013","Hampden, MA",43827
"25015","Hampshire, MA",37940
"25017","Middlesex, MA",69497
"25019","Nantucket, MA",48175
"25021","Norfolk, MA",56365
"25023","Plymouth, MA",44990
"25025","Suffolk, MA",76629
"25027","Worcester, MA",47903
"26001","Alcona, MI",30186
"26003","Alger, MI",33799
"26005","Allegan, MI",40808
"26007","Alpena, MI",35328
"26009","Antrim, MI",27963
"26011","Arenac, MI",28745
"26013","Baraga, MI",32557
"26015","Barry, MI",35141
"26017","Bay, MI",38290
"26019","Benzie, MI",28242
"26021","Berrien, MI",40141
"26023","Branch, MI",36668
"26025","Calhoun, MI",44044
"26027","Cass, MI",32648
"26029","Charlevoix, MI",38586
"26031","Cheboygan, MI",30190
"26033","Chippewa, MI",33367
"26035","Clare, MI",31603
"26037","Clinton, MI",37883
"26039","Crawford, MI",37315
"26041","Delta, MI",35623
"26043","Dickinson, MI",39140
"26045","Eaton, MI",40160
"26047","Emmet, MI",35188
"26049","Genesee, MI",39973
"26051","Gladwin, MI",30877
"26053","Gogebic, MI",30918
"26055","Grand Traverse, MI",38049
"26057","Gratiot, MI",35250
"26059","Hillsdale, MI",37290
"26061","Houghton, MI",31675
"26063","Huron, MI",34226
"26065","Ingham, MI",43872
"26067","Ionia, MI",31515
"26069","Iosco, MI",29342
"26071","Iron, MI",32312
"26073","Isabella, MI",31407
"26075","Jackson, MI",40078
"26077","Kalamazoo, MI",43119
"26079","Kalkaska, MI",41416
"26081","Kent, MI",42403
"26083","Keweenaw, MI",21438
"26085","Lake, MI",32238
"26087","Lapeer, MI",32402
"26089","Leelanau, MI",29451
"26091","Lenawee, MI",36653
"26093","Livingston, MI",39464
"26095","Luce, MI",33612
"26097","Mackinac, MI",29904
"26099","Macomb, MI",48830
"26101","Manistee, MI",34149
"26103","Marquette, MI",38491
"26105","Mason, MI",33001
"26107","Mecosta, MI",34427
"26109","Menominee, MI",31492
"26111","Midland, MI",54211
"26113","Missaukee, MI",32770
"26115","Monroe, MI",42683
"26117","Montcalm, MI",33971
"26119","Montmorency, MI",32065
"26121","Muskegon, MI",38025
"26123","Newaygo, MI",35573
"26125","Oakland, MI",53717
"26127","Oceana, MI",30642
"26129","Ogemaw, MI",27136
"26131","Ontonagon, MI",29050
"26133","Osceola, MI",42556
"26135","Oscoda, MI",27196
"26137","Otsego, MI",34266
"26139","Ottawa, MI",39259
"26141","Presque Isle, MI",32373
"26143","Roscommon, MI",30220
"26145","Saginaw, MI",39201
"26147","St. Clair, MI",38505
"26149","St. Joseph, MI",37042
"26151","Sanilac, MI",32259
"26153","Schoolcraft, MI",34966
"26155","Shiawassee, MI",32511
"26157","Tuscola, MI",34241
"26159","Van Buren, MI",37246
"26161","Washtenaw, MI",46382
"26163","Wayne, MI",52436
"26165","Wexford, MI",34083
"27001","Aitkin, MN",29293
"27003","Anoka, MN",44204
"27005","Becker, MN",31372
"27007","Beltrami, MN",32727
"27009","Benton, MN",34803
"27011","Big Stone, MN",30820
"27013","Blue Earth, MN",34867
"27015","Brown, MN",32026
"27017","Carlton, MN",35154
"27019","Carver, MN",45508
"27021","Cass, MN",25923
"27023","Chippewa, MN",32892
"27025","Chisago, MN",34690
"27027","Clay, MN",32958
"27029","Clearwater, MN",31842
"27031","Cook, MN",28970
"27033","Cottonwood, MN",30456
"27035","Crow Wing, MN",32734
"27037","Dakota, MN",46391
"27039","Dodge, MN",35268
"27041","Douglas, MN",34045
"27043","Faribault, MN",38388
"27045","Fillmore, MN",28724
"27047","Freeborn, MN",33465
"27049","Goodhue, MN",37643
"27051","Grant, MN",31028
"27053","Hennepin, MN",59340
"27055","Houston, MN",27422
"27057","Hubbard, MN",30243
"27059","Isanti, MN",35098
"27061","Itasca, MN",35247
"27063","Jackson, MN",31086
"27065","Kanabec, MN",30078
"27067","Kandiyohi, MN",33238
"27069","Kittson, MN",32596
"27071","Koochiching, MN",39424
"27073","Lac qui Parle, MN",29893
"27075","Lake, MN",38119
"27077","Lake of the Woods, MN",27918
"27079","Le Sueur, MN",33531
"27081","Lincoln, MN",28707
"27083","Lyon, MN",35213
"27085","McLeod, MN",36765
"27087","Mahnomen, MN",27435
"27089","Marshall, MN",35306
"27091","Martin, MN",34048
"27093","Meeker, MN",32275
"27095","Mille Lacs, MN",29149
"27097","Morrison, MN",30728
"27099","Mower, MN",39069
"27101","Murray, MN",30080
"27103","Nicollet, MN",34317
"27105","Nobles, MN",33395
"27107","Norman, MN",31178
"27109","Olmsted, MN",50905
"27111","Otter Tail, MN",32080
"27113","Pennington, MN",36338
"27115","Pine, MN",27531
"27117","Pipestone, MN",27170
"27119","Polk, MN",32642
"27121","Pope, MN",34904
"27123","Ramsey, MN",52882
"27125","Red Lake, MN",32318
"27127","Redwood, MN",30151
"27129","Renville, MN",34952
"27131","Rice, MN",36559
"27133","Rock, MN",30569
"27135","Roseau, MN",39536
"27137","St. Louis, MN",39043
"27139","Scott, MN",41770
"27141","Sherburne, MN",37803
"27143","Sibley, MN",31491
"27145","Stearns, MN",37193
"27147","Steele, MN",37745
"27149","Stevens, MN",35698
"27151","Swift, MN",32945
"27153","Todd, MN",30696
"27155","Traverse, MN",29193
"27157","Wabasha, MN",31146
"27159","Wadena, MN",31460
"27161","Waseca, MN",34029
"27163","Washington, MN",39099
"27165","Watonwan, MN",29969
"27167","Wilkin, MN",32999
"27169","Winona, MN",34608
"27171","Wright, MN",35882
"27173","Yellow Medicine, MN",32810
"28001","Adams, MS",32151
"28003","Alcorn, MS",33361
"28005","Amite, MS",28026
"28007","Attala, MS",30644
"28009","Benton, MS",29533
"28011","Bolivar, MS",31389
"28013","Calhoun, MS",27830
"28015","Carroll, MS",28131
"28017","Chickasaw, MS",30182
"28019","Choctaw, MS",32996
"28021","Claiborne, MS",46940
"28023","Clarke, MS",30543
"28025","Clay, MS",32529
"28027","Coahoma, MS",32117
"28029","Copiah, MS",31098
"28031","Covington, MS",30248
"28033","DeSoto, MS",33077
"28035","Forrest, MS",36727
"28037","Franklin, MS",33883
"28039","George, MS",30675
"28041","Greene, MS",29333
"28043","Grenada, MS",31708
"28045","Hancock, MS",47207
"28047","Harrison, MS",38047
"28049","Hinds, MS",41806
"28051","Holmes, MS",28915
"28053","Humphreys, MS",24129
"28055","Issaquena, MS",25286
"28057","Itawamba, MS",31273
"28059","Jackson, MS",46272
"28061","Jasper, MS",34342
"28063","Jefferson, MS",28863
"28065","Jefferson Davis, MS",32156
"28067","Jones, MS",37163
"28069","Kemper, MS",30178
"28071","Lafayette, MS",34798
"28073","Lamar, MS",29222
"28075","Lauderdale, MS",35783
"28077","Lawrence, MS",39548
"28079","Leake, MS",27976
"28081","Lee, MS",36509
"28083","Leflore, MS",31978
"28085","Lincoln, MS",33319
"28087","Lowndes, MS",39489
"28089","Madison, MS",40156
"28091","Marion, MS",33113
"28093","Marshall, MS",31908
"28095","Monroe, MS",34942
"28097","Montgomery, MS",27716
"28099","Neshoba, MS",31841
"28101","Newton, MS",29724
"28103","Noxubee, MS",27169
"28105","Oktibbeha, MS",32470
"28107","Panola, MS",32463
"28109","Pearl River, MS",31121
"28111","Perry, MS",39365
"28113","Pike, MS",30527
"28115","Pontotoc, MS",31059
"28117","Prentiss, MS",29481
"28119","Quitman, MS",27115
"28121","Rankin, MS",36762
"28123","Scott, MS",29628
"28125","Sharkey, MS",26957
"28127","Simpson, MS",27101
"28129","Smith, MS",32778
"28131","Stone, MS",31365
"28133","Sunflower, MS",29356
"28135","Tallahatchie, MS",27756
"28137","Tate, MS",31586
"28139","Tippah, MS",31515
"28141","Tishomingo, MS",30048
"28143","Tunica, MS",32285
"28145","Union, MS",33967
"28147","Walthall, MS",27218
"28149","Warren, MS",40194
"28151","Washington, MS",32238
"28153","Wayne, MS",32130
"28155","Webster, MS",28403
"28157","Wilkinson, MS",30497
"28159","Winston, MS",31331
"28161","Yalobusha, MS",30817
"28163","Yazoo, MS",34157
"29001","Adair, MO",28018
"29003","Andrew, MO",29763
"29005","Atchison, MO",28402
"29007","Audrain, MO",31914
"29009","Barry, MO",33444
"29011","Barton, MO",28174
"29013","Bates, MO",28754
"29015","Benton, MO",27888
"29017","Bollinger, MO",26779
"29019","Boone, MO",36992
"29021","Buchanan, MO",38532
"29023","Butler, MO",32989
"29025","Caldwell, MO",31134
"29027","Callaway, MO",37268
"29029","Camden, MO",29650
"29031","Cape Girardeau, MO",36121
"29033","Carroll, MO",29901
"29035","Carter, MO",26115
"29037","Cass, MO",32968
"29039","Cedar, MO",26863
"29041","Chariton, MO",29940
"29043","Christian, MO",30054
"29045","Clark, MO",24874
"29047","Clay, MO",46041
"29049","Clinton, MO",30647
"29051","Cole, MO",38276
"29053","Cooper, MO",30953
"29055","Crawford, MO",32226
"29057","Dade, MO",26639
"29059","Dallas, MO",25727
"29061","Daviess, MO",27293
"29063","DeKalb, MO",29713
"29065","Dent, MO",32199
"29067","Douglas, MO",28450
"29069","Dunklin, MO",26970
"29071","Franklin, MO",35253
"29073","Gasconade, MO",28620
"29075","Gentry, MO",27058
"29077","Greene, MO",37084
"29079","Grundy, MO",31677
"29081","Harrison, MO",26372
"29083","Henry, MO",32375
"29085","Hickory, MO",26039
"29087","Holt, MO",29233
"29089","Howard, MO",26267
"29091","Howell, MO",30467
"29093","Iron, MO",39080
"29095","Jackson, MO",49247
"29097","Jasper, MO",35702
"29099","Jefferson, MO",33830
"29101","Johnson, MO",35335
"29103","Knox, MO",27225
"29105","Laclede, MO",30691
"29107","Lafayette, MO",29067
"29109","Lawrence, MO",31270
"29111","Lewis, MO",28993
"29113","Lincoln, MO",33775
"29115","Linn, MO",33628
"29117","Livingston, MO",31345
"29119","McDonald, MO",28952
"29121","Macon, MO",29385
"29123","Madison, MO",28286
"29125","Maries, MO",26974
"29127","Marion, MO",33953
"29129","Mercer, MO",40129
"29131","Miller, MO",29335
"29133","Mississippi, MO",29746
"29135","Moniteau, MO",28421
"29137","Monroe, MO",29091
"29139","Montgomery, MO",29271
"29141","Morgan, MO",26416
"29143","New Madrid, MO",36779
"29145","Newton, MO",35772
"29147","Nodaway, MO",31529
"29149","Oregon, MO",26890
"29151","Osage, MO",29003
"29153","Ozark, MO",24219
"29155","Pemiscot, MO",31095
"29157","Perry, MO",31925
"29159","Pettis, MO",32674
"29161","Phelps, MO",33431
"29163","Pike, MO",31170
"29165","Platte, MO",41795
"29167","Polk, MO",31106
"29169","Pulaski, MO",46281
"29171","Putnam, MO",31388
"29173","Ralls, MO",34111
"29175","Randolph, MO",33520
"29177","Ray, MO",31076
"29179","Reynolds, MO",36687
"29181","Ripley, MO",25634
"29183","St. Charles, MO",39671
"29185","St. Clair, MO",26124
"29186","Ste. Genevieve, MO",38799
"29187","St. Francois, MO",30432
"29189","St. Louis, MO",51729
"29195","Saline, MO",31730
"29197","Schuyler, MO",24730
"29199","Scotland, MO",26088
"29201","Scott, MO",33301
"29203","Shannon, MO",22518
"29205","Shelby, MO",26805
"29207","Stoddard, MO",31451
"29209","Stone, MO",27018
"29211","Sullivan, MO",35642
"29213","Taney, MO",28427
"29215","Texas, MO",28079
"29217","Vernon, MO",33404
"29219","Warren, MO",32532
"29221","Washington, MO",29641
"29223","Wayne, MO",26291
"29225","Webster, MO",30259
"29227","Worth, MO",23313
"29229","Wright, MO",26358
"29510","St. Louis (Independent City), MO",54252
"30001","Beaverhead, MT",30204
"30003","Big Horn, MT",36662
"30005","Blaine, MT",30437
"30007","Broadwater, MT",32070
"30009","Carbon, MT",28050
"30011","Carter, MT",25393
"30013","Cascade, MT",36281
"30015","Chouteau, MT",28325
"30017","Custer, MT",33445
"30019","Daniels, MT",31924
"30021","Dawson, MT",36221
"30023","Deer Lodge, MT",29353
"30025","Fallon, MT",49546
"30027","Fergus, MT",31601
"30029","Flathead, MT",34566
"30031","Gallatin, MT",34636
"30033","Garfield, MT",22371
"30035","Glacier, MT",36200
"30037","Golden Valley, MT",23604
"30039","Granite, MT",29245
"30041","Hill, MT",35069
"30043","Jefferson, MT",33365
"30045","Judith Basin, MT",26863
"30047","Lake, MT",30589
"30049","Lewis and Clark, MT",39112
"30051","Liberty, MT",27082
"30053","Lincoln, MT",32270
"30055","McCone, MT",32060
"30057","Madison, MT",31682
"30059","Meagher, MT",24950
"30061","Mineral, MT",26837
"30063","Missoula, MT",34349
"30065","Musselshell, MT",39807
"30067","Park, MT",29883
"30069","Petroleum, MT",24870
"30071","Phillips, MT",29324
"30073","Pondera, MT",31861
"30075","Powder River, MT",23526
"30077","Powell, MT",32813
"30079","Prairie, MT",28751
"30081","Ravalli, MT",30594
"30083","Richland, MT",44785
"30085","Roosevelt, MT",31655
"30087","Rosebud, MT",45363
"30089","Sanders, MT",28053
"30091","Sheridan, MT",30926
"30093","Silver Bow, MT",36482
"30095","Stillwater, MT",53003
"30097","Sweet Grass, MT",40289
"30099","Teton, MT",31238
"30101","Toole, MT",37657
"30103","Treasure, MT",25604
"30105","Valley, MT",33672
"30107","Wheatland, MT",27581
"30109","Wibaux, MT",25775
"30111","Yellowstone, MT",39562
"31001","Adams, NE",34157
"31003","Antelope, NE",29526
"31005","Arthur, NE",34804
"31007","Banner, NE",34562
"31009","Blaine, NE",31161
"31011","Boone, NE",32762
"31013","Box Butte, NE",45327
"31015","Boyd, NE",23945
"31017","Brown, NE",29791
"31019","Buffalo, NE",34883
"31021","Burt, NE",30502
"31023","Butler, NE",33476
"31025","Cass, NE",32937
"31027","Cedar, NE",31452
"31029","Chase, NE",33323
"31031","Cherry, NE",26666
"31033","Cheyenne, NE",43877
"31035","Clay, NE",35541
"31037","Colfax, NE",34055
"31039","Cuming, NE",33303
"31041","Custer, NE",32608
"31043","Dakota, NE",36256
"31045","Dawes, NE",30110
"31047","Dawson, NE",32991
"31049","Deuel, NE",26735
"31051","Dixon, NE",29804
"31053","Dodge, NE",32887
"31055","Douglas, NE",45977
"31057","Dundy, NE",34764
"31059","Fillmore, NE",31905
"31061","Franklin, NE",27752
"31063","Frontier, NE",30706
"31065","Furnas, NE",32462
"31067","Gage, NE",31628
"31069","Garden, NE",30627
"31071","Garfield, NE",25130
"31073","Gosper, NE",31377
"31075","Grant, NE",25480
"31077","Greeley, NE",27632
"31079","Hall, NE",35088
"31081","Hamilton, NE",34981
"31083","Harlan, NE",28995
"31085","Hayes, NE",30330
"31087","Hitchcock, NE",34118
"31089","Holt, NE",31545
"31091","Hooker, NE",26044
"31093","Howard, NE",28022
"31095","Jefferson, NE",32848
"31097","Johnson, NE",32137
"31099","Kearney, NE",32139
"31101","Keith, NE",30167
"31103","Keya Paha, NE",26952
"31105","Kimball, NE",32424
"31107","Knox, NE",26949
"31109","Lancaster, NE",39601
"31111","Lincoln, NE",39852
"31113","Logan, NE",29226
"31115","Loup, NE",28418
"31117","McPherson, NE",24896
"31119","Madison, NE",34050
"31121","Merrick, NE",32002
"31123","Morrill, NE",31961
"31125","Nance, NE",32577
"31127","Nemaha, NE",47170
"31129","Nuckolls, NE",27501
"31131","Otoe, NE",33433
"31133","Pawnee, NE",29640
"31135","Perkins, NE",35550
"31137","Phelps, NE",34976
"31139","Pierce, NE",29767
"31141","Platte, NE",36294
"31143","Polk, NE",29513
"31145","Red Willow, NE",33342
"31147","Richardson, NE",28834
"31149","Rock, NE",28818
"31151","Saline, NE",35764
"31153","Sarpy, NE",41158
"31155","Saunders, NE",30358
"31157","Scotts Bluff, NE",36892
"31159","Seward, NE",34949
"31161","Sheridan, NE",26788
"31163","Sherman, NE",25767
"31165","Sioux, NE",29566
"31167","Stanton, NE",46296
"31169","Thayer, NE",33885
"31171","Thomas, NE",30373
"31173","Thurston, NE",38412
"31175","Valley, NE",28993
"31177","Washington, NE",47237
"31179","Wayne, NE",29905
"31181","Webster, NE",28786
"31183","Wheeler, NE",38957
"31185","York, NE",33746
"32001","Churchill, NV",42009
"32003","Clark, NV",44391
"32005","Douglas, NV",40046
"32007","Elko, NV",47005
"32009","Esmeralda, NV",40808
"32011","Eureka, NV",84375
"32013","Humboldt, NV",51251
"32015","Lander, NV",63143
"32017","Lincoln, NV",37018
"32019","Lyon, NV",36438
"32021","Mineral, NV",39657
"32023","Nye, NV",46226
"32027","Pershing, NV",44202
"32029","Storey, NV",44065
"32031","Washoe, NV",43389
"32033","White Pine, NV",46317
"32510","Carson City (Independent City), NV",44272
"33001","Belknap, NH",37262
"33003","Carroll, NH",32919
"33005","Cheshire, NH",39687
"33007","Coos, NH",32500
"33009","Grafton, NH",46891
"33011","Hillsborough, NH",53087
"33013","Merrimack, NH",43553
"33015","Rockingham, NH",46464
"33017","Strafford, NH",44502
"33019","Sullivan, NH",37334
"34001","Atlantic, NJ",42500
"34003","Bergen, NJ",58766
"34005","Burlington, NJ",51137
"34007","Camden, NJ",47781
"34009","Cape May, NJ",34896
"34011","Cumberland, NJ",41950
"34013","Essex, NJ",59944
"34015","Gloucester, NJ",42087
"34017","Hudson, NJ",68665
"34019","Hunterdon, NJ",54660
"34021","Mercer, NJ",63884
"34023","Middlesex, NJ",58552
"34025","Monmouth, NJ",49293
"34027","Morris, NJ",70020
"34029","Ocean, NJ",39378
"34031","Passaic, NJ",48820
"34033","Salem, NJ",52344
"34035","Somerset, NJ",76698
"34037","Sussex, NJ",40640
"34039","Union, NJ",60402
"34041","Warren, NJ",45065
"35001","Bernalillo, NM",42892
"35003","Catron, NM",30358
"35005","Chaves, NM",33060
"35006","Cibola, NM",34793
"35007","Colfax, NM",31184
"35009","Curry, NM",38921
"35011","De Baca, NM",27362
"35013","Dona Ana, NM",35281
"35015","Eddy, NM",47611
"35017","Grant, NM",35645
"35019","Guadalupe, NM",28231
"35021","Harding, NM",29376
"35023","Hidalgo, NM",37647
"35025","Lea, NM",47455
"35027","Lincoln, NM",29249
"35028","Los Alamos, NM",74588
"35029","Luna, NM",33544
"35031","McKinley, NM",33278
"35033","Mora, NM",30171
"35035","Otero, NM",38469
"35037","Quay, NM",31783
"35039","Rio Arriba, NM",31457
"35041","Roosevelt, NM",31436
"35043","Sandoval, NM",44011
"35045","San Juan, NM",44066
"35047","San Miguel, NM",30121
"35049","Santa Fe, NM",41195
"35051","Sierra, NM",28798
"35053","Socorro, NM",33044
"35055","Taos, NM",30457
"35057","Torrance, NM",30710
"35059","Union, NM",29579
"35061","Valencia, NM",30977
"36001","Albany, NY",49799
"36003","Allegany, NY",33610
"36005","Bronx, NY",44759
"36007","Broome, NY",38222
"36009","Cattaraugus, NY",36134
"36011","Cayuga, NY",36344
"36013","Chautauqua, NY",33744
"36015","Chemung, NY",40565
"36017","Chenango, NY",37134
"36019","Clinton, NY",38402
"36021","Columbia, NY",36983
"36023","Cortland, NY",35043
"36025","Delaware, NY",35971
"36027","Dutchess, NY",48223
"36029","Erie, NY",42169
"36031","Essex, NY",35613
"36033","Franklin, NY",37287
"36035","Fulton, NY",36356
"36037","Genesee, NY",35429
"36039","Greene, NY",37528
"36041","Hamilton, NY",29576
"36043","Herkimer, NY",31953
"36045","Jefferson, NY",44768
"36047","Kings, NY",39486
"36049","Lewis, NY",33939
"36051","Livingston, NY",34849
"36053","Madison, NY",34729
"36055","Monroe, NY",45013
"36057","Montgomery, NY",34479
"36059","Nassau, NY",53667
"36061","New York, NY",100053
"36063","Niagara, NY",37345
"36065","Oneida, NY",38124
"36067","Onondaga, NY",44156
"36069","Ontario, NY",38584
"36071","Orange, NY",41374
"36073","Orleans, NY",37300
"36075","Oswego, NY",37616
"36077","Otsego, NY",36483
"36079","Putnam, NY",47377
"36081","Queens, NY",45434
"36083","Rensselaer, NY",42440
"36085","Richmond, NY",40949
"36087","Rockland, NY",51992
"36089","St. Lawrence, NY",36604
"36091","Saratoga, NY",42638
"36093","Schenectady, NY",49321
"36095","Schoharie, NY",34261
"36097","Schuyler, NY",32598
"36099","Seneca, NY",36656
"36101","Steuben, NY",49596
"36103","Suffolk, NY",52505
"36105","Sullivan, NY",36752
"36107","Tioga, NY",44594
"36109","Tompkins, NY",41759
"36111","Ulster, NY",38211
"36113","Warren, NY",36874
"36115","Washington, NY",38858
"36117","Wayne, NY",38681
"36119","Westchester, NY",63856
"36121","Wyoming, NY",36924
"36123","Yates, NY",29615
"37001","Alamance, NC",35742
"37003","Alexander, NC",30255
"37005","Alleghany, NC",26774
"37007","Anson, NC",32334
"37009","Ashe, NC",30110
"37011","Avery, NC",27814
"37013","Beaufort, NC",34529
"37015","Bertie, NC",32486
"37017","Bladen, NC",31822
"37019","Brunswick, NC",35363
"37021","Buncombe, NC",37229
"37023","Burke, NC",33613
"37025","Cabarrus, NC",35899
"37027","Caldwell, NC",32139
"37029","Camden, NC",35786
"37031","Carteret, NC",30225
"37033","Caswell, NC",30176
"37035","Catawba, NC",37563
"37037","Chatham, NC",33913
"37039","Cherokee, NC",29915
"37041","Chowan, NC",32913
"37043","Clay, NC",28679
"37045","Cleveland, NC",34235
"37047","Columbus, NC",31481
"37049","Craven, NC",42601
"37051","Cumberland, NC",48390
"37053","Currituck, NC",33734
"37055","Dare, NC",30356
"37057","Davidson, NC",33570
"37059","Davie, NC",31680
"37061","Duplin, NC",31451
"37063","Durham, NC",64451
"37065","Edgecombe, NC",35737
"37067","Forsyth, NC",45086
"37069","Franklin, NC",35138
"37071","Gaston, NC",36338
"37073","Gates, NC",31478
"37075","Graham, NC",30773
"37077","Granville, NC",40180
"37079","Greene, NC",29549
"37081","Guilford, NC",42981
"37083","Halifax, NC",31961
"37085","Harnett, NC",30979
"37087","Haywood, NC",32843
"37089","Henderson, NC",35071
"37091","Hertford, NC",33164
"37093","Hoke, NC",28268
"37095","Hyde, NC",30439
"37097","Iredell, NC",41295
"37099","Jackson, NC",31987
"37101","Johnston, NC",36487
"37103","Jones, NC",31249
"37105","Lee, NC",38611
"37107","Lenoir, NC",32871
"37109","Lincoln, NC",34374
"37111","McDowell, NC",31870
"37113","Macon, NC",31377
"37115","Madison, NC",26744
"37117","Martin, NC",32091
"37119","Mecklenburg, NC",57425
"37121","Mitchell, NC",31798
"37123","Montgomery, NC",31904
"37125","Moore, NC",35912
"37127","Nash, NC",36519
"37129","New Hanover, NC",40395
"37131","Northampton, NC",31113
"37133","Onslow, NC",43147
"37135","Orange, NC",45771
"37137","Pamlico, NC",29744
"37139","Pasquotank, NC",34589
"37141","Pender, NC",32948
"37143","Perquimans, NC",28260
"37145","Person, NC",33732
"37147","Pitt, NC",38090
"37149","Polk, NC",30424
"37151","Randolph, NC",32755
"37153","Richmond, NC",31696
"37155","Robeson, NC",30382
"37157","Rockingham, NC",33162
"37159","Rowan, NC",38635
"37161","Rutherford, NC",31172
"37163","Sampson, NC",30613
"37165","Scotland, NC",33509
"37167","Stanly, NC",31970
"37169","Stokes, NC",29887
"37171","Surry, NC",32025
"37173","Swain, NC",31937
"37175","Transylvania, NC",30471
"37177","Tyrrell, NC",26698
"37179","Union, NC",37176
"37181","Vance, NC",33262
"37183","Wake, NC",48524
"37185","Warren, NC",33171
"37187","Washington, NC",28990
"37189","Watauga, NC",32457
"37191","Wayne, NC",35750
"37193","Wilkes, NC",32387
"37195","Wilson, NC",39183
"37197","Yadkin, NC",29904
"37199","Yancey, NC",29530
"38001","Adams, ND",31721
"38003","Barnes, ND",31587
"38005","Benson, ND",34293
"38007","Billings, ND",38713
"38009","Bottineau, ND",37748
"38011","Bowman, ND",38790
"38013","Burke, ND",46812
"38015","Burleigh, ND",39751
"38017","Cass, ND",40676
"38019","Cavalier, ND",36484
"38021","Dickey, ND",30656
"38023","Divide, ND",37985
"38025","Dunn, ND",54455
"38027","Eddy, ND",28537
"38029","Emmons, ND",27650
"38031","Foster, ND",35715
"38033","Golden Valley, ND",30871
"38035","Grand Forks, ND",35848
"38037","Grant, ND",27479
"38039","Griggs, ND",29318
"38041","Hettinger, ND",30271
"38043","Kidder, ND",30134
"38045","LaMoure, ND",33629
"38047","Logan, ND",25125
"38049","McHenry, ND",33249
"38051","McIntosh, ND",28734
"38053","McKenzie, ND",61057
"38055","McLean, ND",42184
"38057","Mercer, ND",53828
"38059","Morton, ND",37823
"38061","Mountrail, ND",55671
"38063","Nelson, ND",27869
"38065","Oliver, ND",57033
"38067","Pembina, ND",39262
"38069","Pierce, ND",31016
"38071","Ramsey, ND",32315
"38073","Ransom, ND",31961
"38075","Renville, ND",36965
"38077","Richland, ND",35285
"38079","Rolette, ND",32488
"38081","Sargent, ND",37743
"38083","Sheridan, ND",23532
"38085","Sioux, ND",35288
"38087","Slope, ND",51025
"38089","Stark, ND",47266
"38091","Steele, ND",35557
"38093","Stutsman, ND",34544
"38095","Towner, ND",29333
"38097","Traill, ND",34585
"38099","Walsh, ND",32251
"38101","Ward, ND",40808
"38103","Wells, ND",30828
"38105","Williams, ND",68591
"39001","Adams, OH",32924
"39003","Allen, OH",39125
"39005","Ashland, OH",34447
"39007","Ashtabula, OH",34183
"39009","Athens, OH",34069
"39011","Auglaize, OH",36517
"39013","Belmont, OH",33674
"39015","Brown, OH",33509
"39017","Butler, OH",42228
"39019","Carroll, OH",30411
"39021","Champaign, OH",36328
"39023","Clark, OH",35676
"39025","Clermont, OH",39517
"39027","Clinton, OH",38409
"39029","Columbiana, OH",32863
"39031","Coshocton, OH",35110
"39033","Crawford, OH",34303
"39035","Cuyahoga, OH",49822
"39037","Darke, OH",34672
"39039","Defiance, OH",38293
"39041","Delaware, OH",49414
"39043","Erie, OH",35780
"39045","Fairfield, OH",34200
"39047","Fayette, OH",31733
"39049","Franklin, OH",47650
"39051","Fulton, OH",36457
"39053","Gallia, OH",36405
"39055","Geauga, OH",38650
"39057","Greene, OH",49050
"39059","Guernsey, OH",34705
"39061","Hamilton, OH",52908
"39063","Hancock, OH",42206
"39065","Hardin, OH",33840
"39067","Harrison, OH",32002
"39069","Henry, OH",36185
"39071","Highland, OH",31694
"39073","Hocking, OH",30980
"39075","Holmes, OH",31246
"39077","Huron, OH",38665
"39079","Jackson, OH",32466
"39081","Jefferson, OH",36374
"39083","Knox, OH",38192
"39085","Lake, OH",42880
"39087","Lawrence, OH",30318
"39089","Licking, OH",37354
"39091","Logan, OH",40644
"39093","Lorain, OH",40496
"39095","Lucas, OH",42268
"39097","Madison, OH",38364
"39099","Mahoning, OH",35542
"39101","Marion, OH",37486
"39103","Medina, OH",38015
"39105","Meigs, OH",29885
"39107","Mercer, OH",33800
"39109","Miami, OH",38020
"39111","Monroe, OH",38364
"39113","Montgomery, OH",43362
"39115","Morgan, OH",31794
"39117","Morrow, OH",32090
"39119","Muskingum, OH",35202
"39121","Noble, OH",31834
"39123","Ottawa, OH",38494
"39125","Paulding, OH",34323
"39127","Perry, OH",33863
"39129","Pickaway, OH",40242
"39131","Pike, OH",44024
"39133","Portage, OH",37570
"39135","Preble, OH",33445
"39137","Putnam, OH",32423
"39139","Richland, OH",34327
"39141","Ross, OH",40492
"39143","Sandusky, OH",35647
"39145","Scioto, OH",34275
"39147","Seneca, OH",33020
"39149","Shelby, OH",43141
"39151","Stark, OH",37950
"39153","Summit, OH",43914
"39155","Trumbull, OH",39420
"39157","Tuscarawas, OH",33038
"39159","Union, OH",54469
"39161","Van Wert, OH",35198
"39163","Vinton, OH",34479
"39165","Warren, OH",42362
"39167","Washington, OH",37767
"39169","Wayne, OH",37890
"39171","Williams, OH",36180
"39173","Wood, OH",39493
"39175","Wyandot, OH",35343
"40001","Adair, OK",29233
"40003","Alfalfa, OK",32130
"40005","Atoka, OK",29342
"40007","Beaver, OK",35959
"40009","Beckham, OK",42367
"40011","Blaine, OK",32037
"40013","Bryan, OK",31448
"40015","Caddo, OK",33146
"40017","Canadian, OK",38072
"40019","Carter, OK",38254
"40021","Cherokee, OK",30661
"40023","Choctaw, OK",29215
"40025","Cimarron, OK",28899
"40027","Cleveland, OK",34048
"40029","Coal, OK",31261
"40031","Comanche, OK",41582
"40033","Cotton, OK",31376
"40035","Craig, OK",31815
"40037","Creek, OK",36998
"40039","Custer, OK",38355
"40041","Delaware, OK",28777
"40043","Dewey, OK",35431
"40045","Ellis, OK",36639
"40047","Garfield, OK",38637
"40049","Garvin, OK",36973
"40051","Grady, OK",34454
"40053","Grant, OK",38785
"40055","Greer, OK",30679
"40057","Harmon, OK",32017
"40059","Harper, OK",32698
"40061","Haskell, OK",27007
"40063","Hughes, OK",30028
"40065","Jackson, OK",35705
"40067","Jefferson, OK",29716
"40069","Johnston, OK",31751
"40071","Kay, OK",36808
"40073","Kingfisher, OK",38825
"40075","Kiowa, OK",31496
"40077","Latimer, OK",40830
"40079","Le Flore, OK",31042
"40081","Lincoln, OK",32095
"40083","Logan, OK",30653
"40085","Love, OK",30293
"40087","McClain, OK",32975
"40089","McCurtain, OK",30871
"40091","McIntosh, OK",27641
"40093","Major, OK",34948
"40095","Marshall, OK",31797
"40097","Mayes, OK",35363
"40099","Murray, OK",33487
"40101","Muskogee, OK",36331
"40103","Noble, OK",37261
"40105","Nowata, OK",29653
"40107","Okfuskee, OK",28591
"40109","Oklahoma, OK",46018
"40111","Okmulgee, OK",31533
"40113","Osage, OK",32583
"40115","Ottawa, OK",30455
"40117","Pawnee, OK",34418
"40119","Payne, OK",34604
"40121","Pittsburg, OK",38741
"40123","Pontotoc, OK",34385
"40125","Pottawatomie, OK",31506
"40127","Pushmataha, OK",27979
"40129","Roger Mills, OK",37930
"40131","Rogers, OK",39686
"40133","Seminole, OK",33106
"40135","Sequoyah, OK",26363
"40137","Stephens, OK",39586
"40139","Texas, OK",35933
"40141","Tillman, OK",31372
"40143","Tulsa, OK",46000
"40145","Wagoner, OK",31389
"40147","Washington, OK",44937
"40149","Washita, OK",34792
"40151","Woods, OK",33549
"40153","Woodward, OK",42392
"41001","Baker, OR",31341
"41003","Benton, OR",40067
"41005","Clackamas, OR",44405
"41007","Clatsop, OR",34331
"41009","Columbia, OR",34279
"41011","Coos, OR",32923
"41013","Crook, OR",37538
"41015","Curry, OR",31700
"41017","Deschutes, OR",37093
"41019","Douglas, OR",34982
"41021","Gilliam, OR",41056
"41023","Grant, OR",32203
"41025","Harney, OR",30892
"41027","Hood River, OR",32227
"41029","Jackson, OR",36003
"41031","Jefferson, OR",33527
"41033","Josephine, OR",32353
"41035","Klamath, OR",34282
"41037","Lake, OR",34302
"41039","Lane, OR",36714
"41041","Lincoln, OR",31870
"41043","Linn, OR",37463
"41045","Malheur, OR",30895
"41047","Marion, OR",38482
"41049","Morrow, OR",38323
"41051","Multnomah, OR",49206
"41053","Polk, OR",31082
"41055","Sherman, OR",33310
"41057","Tillamook, OR",32600
"41059","Umatilla, OR",36218
"41061","Union, OR",32664
"41063","Wallowa, OR",29233
"41065","Wasco, OR",36320
"41067","Washington, OR",57094
"41069","Wheeler, OR",24428
"41071","Yamhill, OR",35398
"42001","Adams, PA",35401
"42003","Allegheny, PA",50867
"42005","Armstrong, PA",37429
"42007","Beaver, PA",38649
"42009","Bedford, PA",33104
"42011","Berks, PA",42276
"42013","Blair, PA",35445
"42015","Bradford, PA",39310
"42017","Bucks, PA",46264
"42019","Butler, PA",42965
"42021","Cambria, PA",34723
"42023","Cameron, PA",33853
"42025","Carbon, PA",30404
"42027","Centre, PA",34061
"42029","Chester, PA",61655
"42031","Clarion, PA",31405
"42033","Clearfield, PA",33516
"42035","Clinton, PA",34787
"42037","Columbia, PA",33467
"42039","Crawford, PA",33728
"42041","Cumberland, PA",43962
"42043","Dauphin, PA",46655
"42045","Delaware, PA",50539
"42047","Elk, PA",35543
"42049","Erie, PA",37570
"42051","Fayette, PA",33706
"42053","Forest, PA",35978
"42055","Franklin, PA",36916
"42057","Fulton, PA",37721
"42059","Greene, PA",51261
"42061","Huntingdon, PA",32467
"42063","Indiana, PA",39061
"42065","Jefferson, PA",34356
"42067","Juniata, PA",30253
"42069","Lackawanna, PA",35931
"42071","Lancaster, PA",39313
"42073","Lawrence, PA",36727
"42075","Lebanon, PA",36515
"42077","Lehigh, PA",46522
"42079","Luzerne, PA",36722
"42081","Lycoming, PA",37049
"42083","McKean, PA",37812
"42085","Mercer, PA",35375
"42087","Mifflin, PA",33218
"42089","Monroe, PA",39186
"42091","Montgomery, PA",59622
"42093","Montour, PA",55537
"42095","Northampton, PA",41519
"42097","Northumberland, PA",34173
"42099","Perry, PA",28737
"42101","Philadelphia, PA",55491
"42103","Pike, PA",31109
"42105","Potter, PA",35951
"42107","Schuylkill, PA",35181
"42109","Snyder, PA",30877
"42111","Somerset, PA",34573
"42113","Sullivan, PA",30786
"42115","Susquehanna, PA",34311
"42117","Tioga, PA",35412
"42119","Union, PA",37612
"42121","Venango, PA",35414
"42123","Warren, PA",34541
"42125","Washington, PA",44988
"42127","Wayne, PA",33832
"42129","Westmoreland, PA",39140
"42131","Wyoming, PA",41965
"42133","York, PA",42084
"44001","Bristol, RI",36530
"44003","Kent, RI",43497
"44005","Newport, RI",48614
"44007","Providence, RI",48664
"44009","Washington, RI",39513
"45001","Abbeville, SC",32731
"45003","Aiken, SC",48056
"45005","Allendale, SC",40285
"45007","Anderson, SC",35635
"45009","Bamberg, SC",27682
"45011","Barnwell, SC",31705
"45013","Beaufort, SC",37279
"45015","Berkeley, SC",44209
"45017","Calhoun, SC",38876
"45019","Charleston, SC",43612
"45021","Cherokee, SC",34383
"45023","Chester, SC",36906
"45025","Chesterfield, SC",33538
"45027","Clarendon, SC",28694
"45029","Colleton, SC",31506
"45031","Darlington, SC",40636
"45033","Dillon, SC",29500
"45035","Dorchester, SC",34134
"45037","Edgefield, SC",32699
"45039","Fairfield, SC",46505
"45041","Florence, SC",38444
"45043","Georgetown, SC",35475
"45045","Greenville, SC",42988
"45047","Greenwood, SC",36985
"45049","Hampton, SC",37726
"45051","Horry, SC",31123
"45053","Jasper, SC",32793
"45055","Kershaw, SC",36326
"45057","Lancaster, SC",37657
"45059","Laurens, SC",34363
"45061","Lee, SC",31688
"45063","Lexington, SC",37238
"45065","McCormick, SC",30949
"45067","Marion, SC",30010
"45069","Marlboro, SC",37120
"45071","Newberry, SC",32931
"45073","Oconee, SC",42232
"45075","Orangeburg, SC",33867
"45077","Pickens, SC",34912
"45079","Richland, SC",43665
"45081","Saluda, SC",27116
"45083","Spartanburg, SC",42377
"45085","Sumter, SC",36771
"45087","Union, SC",31952
"45089","Williamsburg, SC",34018
"45091","York, SC",39909
"46003","Aurora, SD",28724
"46005","Beadle, SD",33172
"46007","Bennett, SD",26247
"46009","Bon Homme, SD",27530
"46011","Brookings, SD",33331
"46013","Brown, SD",34715
"46015","Brule, SD",26167
"46017","Buffalo, SD",34216
"46019","Butte, SD",28461
"46021","Campbell, SD",25432
"46023","Charles Mix, SD",27572
"46025","Clark, SD",26976
"46027","Clay, SD",27239
"46029","Codington, SD",34177
"46031","Corson, SD",30591
"46033","Custer, SD",29111
"46035","Davison, SD",32119
"46037","Day, SD",27889
"46039","Deuel, SD",35401
"46041","Dewey, SD",30987
"46043","Douglas, SD",28161
"46045","Edmunds, SD",31351
"46047","Fall River, SD",36160
"46049","Faulk, SD",29066
"46051","Grant, SD",33129
"46053","Gregory, SD",25244
"46055","Haakon, SD",30780
"46057","Hamlin, SD",29319
"46059","Hand, SD",27290
"46061","Hanson, SD",30198
"46063","Harding, SD",31346
"46065","Hughes, SD",35612
"46067","Hutchinson, SD",28581
"46069","Hyde, SD",32554
"46071","Jackson, SD",26840
"46073","Jerauld, SD",30026
"46075","Jones, SD",24673
"46077","Kingsbury, SD",29372
"46079","Lake, SD",31174
"46081","Lawrence, SD",29655
"46083","Lincoln, SD",38093
"46085","Lyman, SD",26060
"46087","McCook, SD",28991
"46089","McPherson, SD",25632
"46091","Marshall, SD",30824
"46093","Meade, SD",33357
"46095","Mellette, SD",23502
"46097","Miner, SD",27446
"46099","Minnehaha, SD",39652
"46101","Moody, SD",32704
"46103","Pennington, SD",35312
"46105","Perkins, SD",26581
"46107","Potter, SD",29142
"46109","Roberts, SD",28727
"46111","Sanborn, SD",27443
"46113","Shannon, SD",35003
"46115","Spink, SD",30669
"46117","Stanley, SD",29824
"46119","Sully, SD",29735
"46121","Todd, SD",30557
"46123","Tripp, SD",28122
"46125","Turner, SD",29085
"46127","Union, SD",45165
"46129","Walworth, SD",27429
"46135","Yankton, SD",33879
"46137","Ziebach, SD",31190
"47001","Anderson, TN",50003
"47003","Bedford, TN",33443
"47005","Benton, TN",27258
"47007","Bledsoe, TN",25728
"47009","Blount, TN",39927
"47011","Bradley, TN",37399
"47013","Campbell, TN",30195
"47015","Cannon, TN",27167
"47017","Carroll, TN",30758
"47019","Carter, TN",29476
"47021","Cheatham, TN",35124
"47023","Chester, TN",29060
"47025","Claiborne, TN",29645
"47027","Clay, TN",25965
"47029","Cocke, TN",30810
"47031","Coffee, TN",37550
"47033","Crockett, TN",33044
"47035","Cumberland, TN",30129
"47037","Davidson, TN",49560
"47039","Decatur, TN",34716
"47041","DeKalb, TN",30554
"47043","Dickson, TN",33137
"47045","Dyer, TN",33950
"47047","Fayette, TN",35860
"47049","Fentress, TN",27757
"47051","Franklin, TN",30241
"47053","Gibson, TN",30589
"47055","Giles, TN",32418
"47057","Grainger, TN",28431
"47059","Greene, TN",34534
"47061","Grundy, TN",26148
"47063","Hamblen, TN",36171
"47065","Hamilton, TN",42179
"47067","Hancock, TN",23252
"47069","Hardeman, TN",34653
"47071","Hardin, TN",36341
"47073","Hawkins, TN",37031
"47075","Haywood, TN",33993
"47077","Henderson, TN",32206
"47079","Henry, TN",30719
"47081","Hickman, TN",29222
"47083","Houston, TN",26765
"47085","Humphreys, TN",42382
"47087","Jackson, TN",30961
"47089","Jefferson, TN",33759
"47091","Johnson, TN",32831
"47093","Knox, TN",40993
"47095","Lake, TN",26223
"47097","Lauderdale, TN",30276
"47099","Lawrence, TN",30055
"47101","Lewis, TN",25839
"47103","Lincoln, TN",30300
"47105","Loudon, TN",38014
"47107","McMinn, TN",35866
"47109","McNairy, TN",28626
"47111","Macon, TN",27803
"47113","Madison, TN",37410
"47115","Marion, TN",32084
"47117","Marshall, TN",31887
"47119","Maury, TN",39162
"47121","Meigs, TN",32201
"47123","Monroe, TN",33449
"47125","Montgomery, TN",34221
"47127","Moore, TN",35771
"47129","Morgan, TN",32196
"47131","Obion, TN",39693
"47133","Overton, TN",30832
"47135","Perry, TN",26849
"47137","Pickett, TN",25524
"47139","Polk, TN",27103
"47141","Putnam, TN",32662
"47143","Rhea, TN",38132
"47145","Roane, TN",51868
"47147","Robertson, TN",32809
"47149","Rutherford, TN",41154
"47151","Scott, TN",27591
"47153","Sequatchie, TN",27240
"47155","Sevier, TN",27112
"47157","Shelby, TN",48417
"47159","Smith, TN",33718
"47161","Stewart, TN",44576
"47163","Sullivan, TN",42929
"47165","Sumner, TN",35582
"47167","Tipton, TN",31574
"47169","Trousdale, TN",28833
"47171","Unicoi, TN",40381
"47173","Union, TN",33956
"47175","Van Buren, TN",28379
"47177","Warren, TN",32422
"47179","Washington, TN",35252
"47181","Wayne, TN",26746
"47183","Weakley, TN",32258
"47185","White, TN",29643
"47187","Williamson, TN",52450
"47189","Wilson, TN",38965
"48001","Anderson, TX",42055
"48003","Andrews, TX",52369
"48005","Angelina, TX",35869
"48007","Aransas, TX",30902
"48009","Archer, TX",32144
"48011","Armstrong, TX",26802
"48013","Atascosa, TX",35184
"48015","Austin, TX",43737
"48017","Bailey, TX",33919
"48019","Bandera, TX",29068
"48021","Bastrop, TX",33757
"48023","Baylor, TX",29296
"48025","Bee, TX",34372
"48027","Bell, TX",46585
"48029","Bexar, TX",44189
"48031","Blanco, TX",36161
"48033","Borden, TX",27343
"48035","Bosque, TX",32097
"48037","Bowie, TX",37473
"48039","Brazoria, TX",46214
"48041","Brazos, TX",36031
"48043","Brewster, TX",33662
"48045","Briscoe, TX",27678
"48047","Brooks, TX",37759
"48049","Brown, TX",31675
"48051","Burleson, TX",40759
"48053","Burnet, TX",35941
"48055","Caldwell, TX",32311
"48057","Calhoun, TX",52995
"48059","Callahan, TX",31585
"48061","Cameron, TX",29771
"48063","Camp, TX",33288
"48065","Carson, TX",71147
"48067","Cass, TX",34104
"48069","Castro, TX",33652
"48071","Chambers, TX",47614
"48073","Cherokee, TX",31862
"48075","Childress, TX",27806
"48077","Clay, TX",31208
"48079","Cochran, TX",33238
"48081","Coke, TX",26907
"48083","Coleman, TX",27044
"48085","Collin, TX",54719
"48087","Collingsworth, TX",31483
"48089","Colorado, TX",34749
"48091","Comal, TX",35586
"48093","Comanche, TX",30386
"48095","Concho, TX",29814
"48097","Cooke, TX",42192
"48099","Coryell, TX",35110
"48101","Cottle, TX",32865
"48103","Crane, TX",56871
"48105","Crockett, TX",33973
"48107","Crosby, TX",37211
"48109","Culberson, TX",30017
"48111","Dallam, TX",40398
"48113","Dallas, TX",57948
"48115","Dawson, TX",32760
"48117","Deaf Smith, TX",35858
"48119","Delta, TX",25678
"48121","Denton, TX",41928
"48123","DeWitt, TX",33041
"48125","Dickens, TX",29841
"48127","Dimmit, TX",42597
"48129","Donley, TX",25967
"48131","Duval, TX",38746
"48133","Eastland, TX",36217
"48135","Ector, TX",48662
"48137","Edwards, TX",30913
"48139","Ellis, TX",36852
"48141","El Paso, TX",36362
"48143","Erath, TX",29669
"48145","Falls, TX",30202
"48147","Fannin, TX",33693
"48149","Fayette, TX",36016
"48151","Fisher, TX",31735
"48153","Floyd, TX",30729
"48155","Foard, TX",23926
"48157","Fort Bend, TX",48218
"48159","Franklin, TX",32488
"48161","Freestone, TX",40103
"48163","Frio, TX",32510
"48165","Gaines, TX",42454
"48167","Galveston, TX",43357
"48169","Garza, TX",35572
"48171","Gillespie, TX",30986
"48173","Glasscock, TX",34028
"48175","Goliad, TX",31640
"48177","Gonzales, TX",31801
"48179","Gray, TX",44075
"48181","Grayson, TX",37991
"48183","Gregg, TX",43639
"48185","Grimes, TX",42610
"48187","Guadalupe, TX",36259
"48189","Hale, TX",32132
"48191","Hall, TX",26570
"48193","Hamilton, TX",30690
"48195","Hansford, TX",38539
"48197","Hardeman, TX",29598
"48199","Hardin, TX",35802
"48201","Harris, TX",61681
"48203","Harrison, TX",43356
"48205","Hartley, TX",37557
"48207","Haskell, TX",30789
"48209","Hays, TX",33043
"48211","Hemphill, TX",47774
"48213","Henderson, TX",30934
"48215","Hidalgo, TX",30204
"48217","Hill, TX",30875
"48219","Hockley, TX",42311
"48221","Hood, TX",34764
"48223","Hopkins, TX",34700
"48225","Houston, TX",38369
"48227","Howard, TX",40159
"48229","Hudspeth, TX",48560
"48231","Hunt, TX",41608
"48233","Hutchinson, TX",50079
"48235","Irion, TX",44545
"48237","Jack, TX",42908
"48239","Jackson, TX",36414
"48241","Jasper, TX",34114
"48243","Jeff Davis, TX",31807
"48245","Jefferson, TX",47562
"48247","Jim Hogg, TX",35345
"48249","Jim Wells, TX",44009
"48251","Johnson, TX",37616
"48253","Jones, TX",31029
"48255","Karnes, TX",33135
"48257","Kaufman, TX",35943
"48259","Kendall, TX",38583
"48261","Kenedy, TX",60142
"48263","Kent, TX",29090
"48265","Kerr, TX",34691
"48267","Kimble, TX",36904
"48269","King, TX",58280
"48271","Kinney, TX",37422
"48273","Kleberg, TX",35897
"48275","Knox, TX",37316
"48277","Lamar, TX",35319
"48279","Lamb, TX",33936
"48281","Lampasas, TX",29257
"48283","La Salle, TX",48046
"48285","Lavaca, TX",31574
"48287","Lee, TX",41058
"48289","Leon, TX",41121
"48291","Liberty, TX",36863
"48293","Limestone, TX",31478
"48295","Lipscomb, TX",38106
"48297","Live Oak, TX",38615
"48299","Llano, TX",30870
"48301","Loving, TX",37171
"48303","Lubbock, TX",36034
"48305","Lynn, TX",32595
"48307","McCulloch, TX",39373
"48309","McLennan, TX",38597
"48311","McMullen, TX",41178
"48313","Madison, TX",32280
"48315","Marion, TX",27006
"48317","Martin, TX",40212
"48319","Mason, TX",27332
"48321","Matagorda, TX",45647
"48323","Maverick, TX",28916
"48325","Medina, TX",29602
"48327","Menard, TX",24449
"48329","Midland, TX",55490
"48331","Milam, TX",39308
"48333","Mills, TX",27035
"48335","Mitchell, TX",37804
"48337","Montague, TX",32990
"48339","Montgomery, TX",45451
"48341","Moore, TX",36681
"48343","Morris, TX",47772
"48345","Motley, TX",28236
"48347","Nacogdoches, TX",32697
"48349","Navarro, TX",32722
"48351","Newton, TX",28624
"48353","Nolan, TX",34306
"48355","Nueces, TX",41406
"48357","Ochiltree, TX",44222
"48359","Oldham, TX",35879
"48361","Orange, TX",42692
"48363","Palo Pinto, TX",39084
"48365","Panola, TX",40647
"48367","Parker, TX",39350
"48369","Parmer, TX",34269
"48371","Pecos, TX",43344
"48373","Polk, TX",33308
"48375","Potter, TX",40512
"48377","Presidio, TX",47416
"48379","Rains, TX",27109
"48381","Randall, TX",32523
"48383","Reagan, TX",48775
"48385","Real, TX",24320
"48387","Red River, TX",28133
"48389","Reeves, TX",34756
"48391","Refugio, TX",39319
"48393","Roberts, TX",29336
"48395","Robertson, TX",38869
"48397","Rockwall, TX",35569
"48399","Runnels, TX",30433
"48401","Rusk, TX",41822
"48403","Sabine, TX",42783
"48405","San Augustine, TX",29284
"48407","San Jacinto, TX",30684
"48409","San Patricio, TX",41984
"48411","San Saba, TX",29164
"48413","Schleicher, TX",37628
"48415","Scurry, TX",46249
"48417","Shackelford, TX",42859
"48419","Shelby, TX",31913
"48421","Sherman, TX",33454
"48423","Smith, TX",40627
"48425","Somervell, TX",54256
"48427","Starr, TX",26754
"48429","Stephens, TX",35931
"48431","Sterling, TX",40414
"48433","Stonewall, TX",31000
"48435","Sutton, TX",99726
"48437","Swisher, TX",31221
"48439","Tarrant, TX",47644
"48441","Taylor, TX",36179
"48443","Terrell, TX",40312
"48445","Terry, TX",38316
"48447","Throckmorton, TX",27381
"48449","Titus, TX",32524
"48451","Tom Green, TX",36085
"48453","Travis, TX",52791
"48455","Trinity, TX",27931
"48457","Tyler, TX",31752
"48459","Upshur, TX",32244
"48461","Upton, TX",49940
"48463","Uvalde, TX",30181
"48465","Val Verde, TX",36206
"48467","Van Zandt, TX",30558
"48469","Victoria, TX",39720
"48471","Walker, TX",34093
"48473","Waller, TX",41464
"48475","Ward, TX",50311
"48477","Washington, TX",34798
"48479","Webb, TX",32268
"48481","Wharton, TX",33874
"48483","Wheeler, TX",36242
"48485","Wichita, TX",36062
"48487","Wilbarger, TX",31405
"48489","Willacy, TX",36564
"48491","Williamson, TX",50009
"48493","Wilson, TX",28788
"48495","Winkler, TX",48854
"48497","Wise, TX",43295
"48499","Wood, TX",31830
"48501","Yoakum, TX",52229
"48503","Young, TX",37333
"48505","Zapata, TX",43742
"48507","Zavala, TX",24504
"49001","Beaver, UT",36898
"49003","Box Elder, UT",37168
"49005","Cache, UT",32444
"49007","Carbon, UT",40155
"49009","Daggett, UT",33065
"49011","Davis, UT",40300
"49013","Duchesne, UT",43832
"49015","Emery, UT",59428
"49017","Garfield, UT",28141
"49019","Grand, UT",29912
"49021","Iron, UT",30160
"49023","Juab, UT",31967
"49025","Kane, UT",29747
"49027","Millard, UT",37268
"49029","Morgan, UT",36881
"49031","Piute, UT",28404
"49033","Rich, UT",25595
"49035","Salt Lake, UT",45560
"49037","San Juan, UT",33438
"49039","Sanpete, UT",29057
"49041","Sevier, UT",31930
"49043","Summit, UT",37056
"49045","Tooele, UT",43672
"49047","Uintah, UT",45728
"49049","Utah, UT",37632
"49051","Wasatch, UT",33219
"49053","Washington, UT",31867
"49055","Wayne, UT",29583
"49057","Weber, UT",36398
"50001","Addison, VT",35203
"50003","Bennington, VT",36531
"50005","Caledonia, VT",34229
"50007","Chittenden, VT",45607
"50009","Essex, VT",30910
"50011","Franklin, VT",38522
"50013","Grand Isle, VT",29381
"50015","Lamoille, VT",32786
"50017","Orange, VT",32649
"50019","Orleans, VT",32230
"50021","Rutland, VT",36490
"50023","Washington, VT",40860
"50025","Windham, VT",36867
"50027","Windsor, VT",36732
"51001","Accomack, VA",32213
"51007","Amelia, VA",31876
"51009","Amherst, VA",34003
"51011","Appomattox, VA",30634
"51013","Arlington, VA",83566
"51017","Bath, VA",33678
"51021","Bland, VA",40379
"51023","Botetourt, VA",37622
"51025","Brunswick, VA",29310
"51027","Buchanan, VA",46663
"51029","Buckingham, VA",34448
"51033","Caroline, VA",35943
"51036","Charles City, VA",37864
"51037","Charlotte, VA",28262
"51041","Chesterfield, VA",44459
"51043","Clarke, VA",39661
"51045","Craig, VA",31057
"51047","Culpeper, VA",38373
"51049","Cumberland, VA",28809
"51051","Dickenson, VA",40510
"51057","Essex, VA",30773
"51061","Fauquier, VA",43749
"51063","Floyd, VA",27535
"51065","Fluvanna, VA",34792
"51067","Franklin, VA",30618
"51071","Giles, VA",37784
"51073","Gloucester, VA",30459
"51075","Goochland, VA",70176
"51077","Grayson, VA",27061
"51079","Greene, VA",33989
"51083","Halifax, VA",32519
"51085","Hanover, VA",38889
"51087","Henrico, VA",50786
"51091","Highland, VA",25928
"51093","Isle of Wight, VA",40314
"51097","King and Queen, VA",38721
"51099","King George, VA",69403
"51101","King William, VA",37882
"51103","Lancaster, VA",32287
"51105","Lee, VA",33309
"51107","Loudoun, VA",58311
"51109","Louisa, VA",48571
"51111","Lunenburg, VA",30456
"51113","Madison, VA",31920
"51115","Mathews, VA",28961
"51117","Mecklenburg, VA",30791
"51119","Middlesex, VA",30591
"51125","Nelson, VA",30543
"51127","New Kent, VA",34047
"51131","Northampton, VA",31993
"51133","Northumberland, VA",32987
"51135","Nottoway, VA",33382
"51137","Orange, VA",34227
"51139","Page, VA",28842
"51141","Patrick, VA",26861
"51145","Powhatan, VA",38629
"51147","Prince Edward, VA",30892
"51155","Pulaski, VA",35788
"51157","Rappahannock, VA",41769
"51159","Richmond, VA",35332
"51167","Russell, VA",35444
"51169","Scott, VA",31187
"51171","Shenandoah, VA",31803
"51173","Smyth, VA",33200
"51179","Stafford, VA",48897
"51181","Surry, VA",71691
"51183","Sussex, VA",33326
"51185","Tazewell, VA",33804
"51187","Warren, VA",34800
"51193","Westmoreland, VA",28208
"51197","Wythe, VA",30750
"51510","Alexandria (Independent City), VA",70129
"51550","Chesapeake (Independent City), VA",39688
"51650","Hampton (Independent City), VA",47009
"51700","Newport News (Independent City), VA",46975
"51710","Norfolk (Independent City), VA",51425
"51740","Portsmouth (Independent City), VA",49781
"51760","Richmond (Independent City), VA",53903
"51770","Roanoke (Independent City), VA",42066
"51800","Suffolk (Independent City), VA",42179
"51810","Virginia Beach (Independent City), VA",41836
"51901","Albemarle + Charlottesville, VA",46186
"51903","Alleghany + Covington, VA",42782
"51907","Augusta, Staunton + Waynesboro, VA",35970
"51909","Bedford + Bedford City, VA",33731
"51911","Campbell + Lynchburg, VA",40566
"51913","Carroll + Galax, VA",29309
"51918","Dinwiddie, Colonial Heights + Petersburg, VA",35665
"51919","Fairfax, Fairfax City + Falls Church, VA",76680
"51921","Frederick + Winchester, VA",41459
"51923","Greensville + Emporia, VA",30841
"51929","Henry + Martinsville, VA",31407
"51931","James City + Williamsburg, VA",35241
"51933","Montgomery + Radford, VA",37939
"51939","Pittsylvania + Danville, VA",32868
"51941","Prince George + Hopewell, VA",53424
"51942","Prince William, Manassas + Manassas Park, VA",47071
"51944","Roanoke + Salem, VA",42774
"51945","Rockbridge, Buena Vista + Lexington, VA",32796
"51947","Rockingham + Harrisonburg, VA",36430
"51949","Southampton + Franklin, VA",32383
"51951","Spotsylvania + Fredericksburg, VA",38220
"51953","Washington + Bristol, VA",36011
"51955","Wise + Norton, VA",40299
"51958","York + Poquoson, VA",35789
"53001","Adams, WA",35680
"53003","Asotin, WA",29935
"53005","Benton, WA",51830
"53007","Chelan, WA",35027
"53009","Clallam, WA",35239
"53011","Clark, WA",43600
"53013","Columbia, WA",37020
"53015","Cowlitz, WA",40442
"53017","Douglas, WA",31727
"53019","Ferry, WA",35412
"53021","Franklin, WA",36425
"53023","Garfield, WA",37377
"53025","Grant, WA",35628
"53027","Grays Harbor, WA",36260
"53029","Island, WA",42810
"53031","Jefferson, WA",32949
"53033","King, WA",63683
"53035","Kitsap, WA",45979
"53037","Kittitas, WA",32803
"53039","Klickitat, WA",42177
"53041","Lewis, WA",35151
"53043","Lincoln, WA",32008
"53045","Mason, WA",34651
"53047","Okanogan, WA",28407
"53049","Pacific, WA",31872
"53051","Pend Oreille, WA",39481
"53053","Pierce, WA",45960
"53055","San Juan, WA",31856
"53057","Skagit, WA",38680
"53059","Skamania, WA",34200
"53061","Snohomish, WA",51036
"53063","Spokane, WA",41152
"53065","Stevens, WA",33160
"53067","Thurston, WA",43392
"53069","Wahkiakum, WA",32297
"53071","Walla Walla, WA",37870
"53073","Whatcom, WA",39950
"53075","Whitman, WA",35890
"53077","Yakima, WA",34546
"54001","Barbour, WV",31726
"54003","Berkeley, WV",38634
"54005","Boone, WV",58294
"54007","Braxton, WV",29881
"54009","Brooke, WV",36231
"54011","Cabell, WV",37836
"54013","Calhoun, WV",34628
"54015","Clay, WV",41045
"54017","Doddridge, WV",28373
"54019","Fayette, WV",34618
"54021","Gilmer, WV",33759
"54023","Grant, WV",39249
"54025","Greenbrier, WV",32032
"54027","Hampshire, WV",29022
"54029","Hancock, WV",32718
"54031","Hardy, WV",27628
"54033","Harrison, WV",40360
"54035","Jackson, WV",33228
"54037","Jefferson, WV",34380
"54039","Kanawha, WV",42151
"54041","Lewis, WV",41837
"54043","Lincoln, WV",37553
"54045","Logan, WV",42415
"54047","McDowell, WV",46581
"54049","Marion, WV",39527
"54051","Marshall, WV",43962
"54053","Mason, WV",38306
"54055","Mercer, WV",33662
"54057","Mineral, WV",34962
"54059","Mingo, WV",50254
"54061","Monongalia, WV",41665
"54063","Monroe, WV",32874
"54065","Morgan, WV",28636
"54067","Nicholas, WV",35949
"54069","Ohio, WV",33184
"54071","Pendleton, WV",32449
"54073","Pleasants, WV",40910
"54075","Pocahontas, WV",27516
"54077","Preston, WV",35449
"54079","Putnam, WV",46944
"54081","Raleigh, WV",39335
"54083","Randolph, WV",30278
"54085","Ritchie, WV",34020
"54087","Roane, WV",30820
"54089","Summers, WV",29238
"54091","Taylor, WV",30132
"54093","Tucker, WV",25820
"54095","Tyler, WV",38386
"54097","Upshur, WV",35591
"54099","Wayne, WV",42008
"54101","Webster, WV",38991
"54103","Wetzel, WV",28187
"54105","Wirt, WV",24821
"54107","Wood, WV",35536
"54109","Wyoming, WV",40934
"55001","Adams, WI",31592
"55003","Ashland, WI",33651
"55005","Barron, WI",31736
"55007","Bayfield, WI",26658
"55009","Brown, WI",43085
"55011","Buffalo, WI",32368
"55013","Burnett, WI",29036
"55015","Calumet, WI",34040
"55017","Chippewa, WI",34560
"55019","Clark, WI",31942
"55021","Columbia, WI",35350
"55023","Crawford, WI",29090
"55025","Dane, WI",45287
"55027","Dodge, WI",38874
"55029","Door, WI",29975
"55031","Douglas, WI",37076
"55033","Dunn, WI",33984
"55035","Eau Claire, WI",36417
"55037","Florence, WI",24654
"55039","Fond du Lac, WI",38157
"55041","Forest, WI",30393
"55043","Grant, WI",30602
"55045","Green, WI",34623
"55047","Green Lake, WI",35247
"55049","Iowa, WI",35813
"55051","Iron, WI",28241
"55053","Jackson, WI",36119
"55055","Jefferson, WI",35408
"55057","Juneau, WI",34004
"55059","Kenosha, WI",38047
"55061","Kewaunee, WI",40317
"55063","La Crosse, WI",38097
"55065","Lafayette, WI",29428
"55067","Langlade, WI",31768
"55069","Lincoln, WI",35720
"55071","Manitowoc, WI",39445
"55073","Marathon, WI",38562
"55075","Marinette, WI",36309
"55077","Marquette, WI",29529
"55078","Menominee, WI",30416
"55079","Milwaukee, WI",48350
"55081","Monroe, WI",36260
"55083","Oconto, WI",29844
"55085","Oneida, WI",34092
"55087","Outagamie, WI",40926
"55089","Ozaukee, WI",42047
"55091","Pepin, WI",31186
"55093","Pierce, WI",32758
"55095","Polk, WI",34206
"55097","Portage, WI",36906
"55099","Price, WI",32694
"55101","Racine, WI",43522
"55103","Richland, WI",32029
"55105","Rock, WI",39101
"55107","Rusk, WI",29114
"55109","St. Croix, WI",34443
"55111","Sauk, WI",33316
"55113","Sawyer, WI",31002
"55115","Shawano, WI",28816
"55117","Sheboygan, WI",40955
"55119","Taylor, WI",32005
"55121","Trempealeau, WI",34860
"55123","Vernon, WI",30786
"55125","Vilas, WI",28690
"55127","Walworth, WI",34598
"55129","Washburn, WI",30483
"55131","Washington, WI",39761
"55133","Waukesha, WI",48288
"55135","Waupaca, WI",34739
"55137","Waushara, WI",29158
"55139","Winnebago, WI",44152
"55141","Wood, WI",43759
"55901","Shawano (includes Menominee), WI","(NA)"
"56001","Albany, WY",34793
"56003","Big Horn, WY",36517
"56005","Campbell, WY",56270
"56007","Carbon, WY",42122
"56009","Converse, WY",45548
"56011","Crook, WY",35331
"56013","Fremont, WY",38444
"56015","Goshen, WY",32453
"56017","Hot Springs, WY",33681
"56019","Johnson, WY",33358
"56021","Laramie, WY",42320
"56023","Lincoln, WY",43006
"56025","Natrona, WY",46978
"56027","Niobrara, WY",32917
"56029","Park, WY",37385
"56031","Platte, WY",41284
"56033","Sheridan, WY",38866
"56035","Sublette, WY",59595
"56037","Sweetwater, WY",54983
"56039","Teton, WY",40506
"56041","Uinta, WY",41726
"56043","Washakie, WY",37388
"56045","Weston, WY",35820
"Legend / Footnotes:"
"1/ The employment estimates used to compute the average wage are a job, not person, count. People holding more than one job are counted in the employment estimates for each job they hold."
"Geographic Note-- Cibola, NM was separated from Valencia in June 1981, but in these estimates, Valencia includes Cibola through the end of 1981."
"Geographic Note-- La Paz County, AZ was separated from Yuma County on January 1, 1983. The Yuma, AZ MSA contains the area that became La Paz County, AZ through 1982 and excludes it beginning with 1983."
"Geographic Note-- Shawano, WI and Menominee, WI are combined as Shawano (incl. Menominee), WI for the years prior to 1989."
"Geographic Note-- Broomfield County, CO, was created from parts of Adams, Boulder, Jefferson, and Weld counties effective November 15, 2001. Estimates for Broomfield county begin with 2002."
"Geographic Note-- Estimates for 1979 forward reflect Alaska Census Areas as defined by the Census Bureau; those for prior years reflect Alaska Census Divisions as defined in the 1970 Decennial Census. Estimates from 1988 forward separate Aleutian Islands Census Area into Aleutians East Borough and Aleutians West Census Area. Estimates for 1991 forward separate Denali Borough from Yukon-Koyukuk Census Area and Lake and Peninsula Borough from Dillingham Census Area. Estimates from 1993 forward separate Skagway-Yakutat-Angoon Census Area into Skagway-Hoonah-Angoon Census Area and Yakutat Borough. Estimates from 2008 forward separate Skagway-Hoonah-Angoon Census Area into Skagway Borough and Hoonah-Angoon Census Area. Estimates from 2009 forward separate Wrangell-Petersburg Census Area into Petersburg Census Area and Wrangell City and Borough. In addition, a part of the Prince of Wales-Outer Ketchikan Census Area was annexed by Ketchikan Gateway Borough and part (Meyers Chuck Area) was included in the new Wrangell City and Borough. The remainder of the Prince of Wales-Outer Ketchikan Census Area was renamed Prince of Wales-Hyder Census Area."
"Geographic Note-- Virginia combination areas consist of one or two independent cities with 1980 populations of less than 100,000 combined with an adjacent county. The county name appears first, followed by the city name(s). Separate estimates for the jurisdictions making up the combination area are not available."
"Note-- All state and local area dollar estimates are in current dollars (not adjusted for inflation)."
"(NA) Data not available for this year."
"Last updated: November 26, 2012 - new estimates for 2011; revised estimates for 2009-2010."
