FIPS ,STATE,COUNTY,Manu_Emp,Govt_Emp,Farm_Emp,Total_Emp,EMP06
1001, AL,Autauga,2350,1656,614,11471,18350
1007, AL,Bibb,1715,1012,247,5564,6500
1009, AL,Blount,2541,1716,1657,11811,18733
1011, AL,Bullock,1028,970,650,4105,4452
1015, AL,Calhoun,11533,19503,916,61723,65041
1017, AL,Chambers,7367,1808,470,16729,14730
1019, AL,Cherokee,1500,983,1135,6818,8633
1021, AL,Chilton,1823,1520,970,9915,13399
1027, AL,Clay,2860,902,570,6217,7127
1029, AL,Cleburne,1197,754,499,4020,4822
1033, AL,Colbert,6438,5974,815,28588,29298
1037, AL,Coosa,1378,570,269,3149,2789
1043, AL,Cullman,6066,3914,3312,30499,42704
1047, AL,Dallas,5544,3453,895,21621,21565
1049, AL,De Kalb,10760,2805,2798,27509,36655
1051, AL,Elmore,2072,3408,885,14527,25939
1055, AL,Etowah,10294,5861,1151,43841,50407
1057, AL,Fayette,2807,1247,435,7591,7728
1059, AL,Franklin,3357,1767,1066,12264,15263
1063, AL,Greene,417,921,467,3667,3503
1065, AL,Hale,1167,986,681,5004,5684
1071, AL,Jackson,7012,4333,1681,22143,25610
1073, AL,Jefferson,43621,61209,600,415793,480948
1075, AL,Lamar,3333,790,440,7893,6164
1077, AL,Lauderdale,7471,6106,1649,36577,44985
1079, AL,Lawrence,2600,1889,1546,11445,11948
1081, AL,Lee,9032,11505,615,43423,66646
1083, AL,Limestone,7070,7778,1743,27182,39996
1087, AL,Macon,248,2979,581,9234,8834
1089, AL,Madison,34304,37425,1599,165616,214192
1091, AL,Marengo,2687,1652,717,9526,10858
1093, AL,Marion,5751,1598,839,13598,16707
1095, AL,Marshall,13262,4989,2249,40506,47415
1101, AL,Montgomery,13705,35699,1092,141984,178149
1103, AL,Morgan,13964,7307,1680,54133,63884
1105, AL,Perry,1201,781,601,4425,3762
1107, AL,Pickens,1477,1148,697,6549,6509
1111, AL,Randolph,2434,1446,784,7937,8543
1113, AL,Russell,3469,3127,400,16273,17192
1115, AL,St. Clair,2379,2570,839,14623,24844
1117, AL,Shelby,7730,5170,711,38088,92163
1119, AL,Sumter,1515,1481,600,6685,5607
1121, AL,Talladega,8342,6050,798,29637,38958
1123, AL,Tallapoosa,9753,2164,444,20724,19329
1125, AL,Tuscaloosa,10609,19526,684,76838,108488
1127, AL,Walker,3427,3385,724,26136,33350
1133, AL,Winston,4935,1407,860,11986,12341
13011,GA,Banks,1087,426,647,3872,8986
13013,GA,Barrow,3159,1575,570,11815,25702
13015,GA,Bartow,7957,3435,648,25844,52896
13045,GA,Carroll,11230,4499,1063,35541,52535
13047,GA,Catoosa,3558,2795,361,15304,26209
13055,GA,Chattooga,3964,1435,361,9115,10053
13057,GA,Cherokee,2764,3844,832,26888,72642
13059,GA,Clarke,10767,16517,258,62748,84573
13067,GA,Cobb,22699,28391,229,249326,433662
13077,GA,Coweta,5599,2556,498,22370,47417
13083,GA,Dade,879,547,233,4027,5983
13085,GA,Dawson,209,511,284,2649,11332
13089,GA,DeKalb,29396,41742,74,349641,433223
13097,GA,Douglas,1426,3678,145,25333,56389
13105,GA,Elbert,3364,1480,478,9633,10035
13111,GA,Fannin,927,846,241,5210,11062
13115,GA,Floyd,10675,7299,598,44912,54657
13117,GA,Forsyth,3663,1799,806,18089,59740
13119,GA,Franklin,1827,889,985,8420,12991
13121,GA,Fulton,52779,100927,421,715322,963372
13123,GA,Gilmer,2465,884,403,7282,14119
13129,GA,Gordon,10060,1728,841,21131,29067
13135,GA,Gwinnett,26496,17881,519,182741,401920
13137,GA,Habersham,5235,2472,759,15768,20208
13139,GA,Hall,14366,6324,1530,55862,94473
13143,GA,Haralson,2943,1185,354,9035,11085
13145,GA,Harris,798,769,281,5369,10073
13147,GA,Hart,4279,1128,737,9878,10373
13149,GA,Heard,904,476,245,2832,3953
13157,GA,Jackson,3828,1661,1240,13074,24508
13181,GA,Lincoln,945,395,228,2541,2871
13187,GA,Lumpkin,977,1181,463,5562,10873
13195,GA,Madison,299,880,782,4821,8248
13213,GA,Murray,5615,1297,320,10661,16091
13219,GA,Oconee,619,716,570,5332,13167
13221,GA,Oglethorpe,177,400,526,2547,3257
13223,GA,Paulding,745,1876,316,9315,37919
13227,GA,Pickens,694,938,302,5830,11652
13233,GA,Polk,4142,1845,465,12609,16923
13241,GA,Rabun,1370,663,341,6011,8705
13247,GA,Rockdale,6002,3207,163,26728,45718
13257,GA,Stephens,4775,1438,296,13139,13321
13281,GA,Towns,256,490,173,2789,6058
13285,GA,Troup,11850,4677,367,33046,39689
13291,GA,Union,736,908,671,5072,10600
13295,GA,Walker,7756,2639,776,19986,20626
13297,GA,Walton,2926,2119,677,13321,25464
13311,GA,White,739,832,478,6226,11492
13313,GA,Whitfield,27829,4446,554,57681,74960
13317,GA,Wilkes,2114,828,531,5819,4931
21001,KY,Adair,1164,740,1860,7059,8219
21003,KY,Allen,1152,673,1449,6221,8182
21009,KY,Barren,3902,1746,3083,19378,26778
21011,KY,Bath,198,495,1230,3463,3966
21013,KY,Bell,1016,1841,70,11781,12067
21017,KY,Bourbon,1138,913,2184,9300,10758
21019,KY,Boyd,6571,3224,299,32217,33635
21021,KY,Boyle,4388,1722,1076,17508,20814
21023,KY,Bracken,235,374,1009,2847,3282
21025,KY,Breathitt,63,930,324,5233,4877
21031,KY,Butler,2018,642,865,5443,4838
21037,KY,Campbell,3056,5182,614,29164,39537
21043,KY,Carter,1030,1119,1230,7822,10639
21045,KY,Casey,1469,675,1975,6210,7584
21049,KY,Clark,3140,1386,1454,14249,22186
21051,KY,Clay,202,1248,666,5481,6113
21053,KY,Clinton,734,533,956,3776,5191
21057,KY,Cumberland,760,326,819,3078,3121
21061,KY,Edmonson,162,623,926,2840,3289
21063,KY,Elliott,30,317,594,1490,1824
21065,KY,Estill,460,631,609,3957,4130
21067,KY,Fayette,19476,31356,2485,174078,214401
21069,KY,Fleming,907,871,1775,6044,6691
21071,KY,Floyd,426,2305,97,14789,16427
21079,KY,Garrard,447,643,1400,4720,5754
21085,KY,Grayson,2173,1198,1831,9429,12391
21087,KY,Green,976,556,1601,4514,4711
21089,KY,Greenup,3128,1520,1037,13357,13365
21093,KY,Hardin,4992,26905,2312,57074,65279
21095,KY,Harlan,201,2140,30,12132,10157
21097,KY,Harrison,2050,729,1591,7942,8649
21099,KY,Hart,1072,747,2218,6385,7793
21109,KY,Jackson,559,482,1028,3690,4801
21113,KY,Jessamine,1632,1271,1197,12429,22476
21115,KY,Johnson,515,1445,244,8071,8584
21119,KY,Knott,71,848,37,4031,5003
21121,KY,Knox,1281,1485,486,9120,14379
21123,KY,Larue,526,508,1222,4377,5789
21125,KY,Laurel,3803,2113,1519,21195,30926
21127,KY,Lawrence,91,632,408,3809,4688
21129,KY,Lee,174,468,220,2443,2803
21131,KY,Leslie,160,759,23,3719,2841
21133,KY,Letcher,76,1319,41,8123,7992
21135,KY,Lewis,1398,574,1167,4766,4606
21137,KY,Lincoln,357,756,1982,5943,8211
21147,KY,McCreary,613,823,133,3164,4593
21151,KY,Madison,4348,5593,2237,28145,42397
21153,KY,Magoffin,223,701,514,3395,3737
21155,KY,Marion,1298,723,1591,6944,10800
21159,KY,Martin,29,618,26,3895,3863
21161,KY,Mason,3043,983,1344,10881,12568
21165,KY,Menifee,134,305,506,1587,1949
21167,KY,Mercer,2012,787,1586,8930,11056
21169,KY,Metcalfe,1515,502,1416,4753,4552
21171,KY,Monroe,1871,748,1458,6280,5693
21173,KY,Montgomery,2059,979,1158,9629,14775
21175,KY,Morgan,335,938,1035,4189,5083
21181,KY,Nicholas,794,343,952,3186,2484
21189,KY,Owsley,24,299,416,1198,1473
21191,KY,Pendleton,523,587,1172,4346,4513
21193,KY,Perry,268,2216,59,12888,16613
21195,KY,Pike,420,3746,59,27639,30458
21197,KY,Powell,733,636,420,3619,4627
21199,KY,Pulaski,4452,3363,2628,26825,34183
21201,KY,Robertson,13,134,444,795,897
21203,KY,Rockcastle,1164,640,1052,5232,5756
21205,KY,Rowan,908,2750,606,9793,12925
21207,KY,Russell,3789,991,1356,9268,9193
21217,KY,Taylor,5314,1306,1401,13664,14852
21227,KY,Warren,7216,6680,2610,47113,70033
21231,KY,Wayne,1922,812,1292,6940,8887
21235,KY,Whitley,1288,1681,436,14261,14998
21237,KY,Wolfe,173,392,532,1948,2213
21239,KY,Woodford,3613,825,1830,12719,15775
24001,MD,Allegany,4755,5554,284,36160,39074
24021,MD,Frederick,6058,10892,2339,72944,127493
24023,MD,Garrett,2057,1582,872,14328,20908
24043,MD,Washington,8931,9971,1379,67236,80402
28003,MS,Alcorn,5743,2244,563,16153,17536
28007,MS,Attala,2180,1155,565,7524,8525
28009,MS,Benton,295,430,356,1864,2453
28013,MS,Calhoun,2289,861,634,6139,5941
28015,MS,Carroll,273,346,659,2153,2716
28017,MS,Chickasaw,5523,963,645,10319,8936
28019,MS,Choctaw,998,650,299,3071,3593
28025,MS,Clay,4332,1128,549,10398,9867
28033,MS,DeSoto,7311,2934,883,27984,65460
28043,MS,Grenada,4008,1672,345,12012,14166
28057,MS,Itawamba,2636,992,616,7211,8803
28069,MS,Kemper,830,657,538,3013,3239
28071,MS,Lafeyette,1969,5062,545,16154,26994
28075,MS,Lauderdale,6014,8431,580,41473,47856
28079,MS,Leake,2199,1178,932,7201,8942
28081,MS,Lee,16161,4428,808,49094,63693
28087,MS,Lowndes,8112,7198,582,35666,35268
28093,MS,Marshall,1902,1433,867,8727,10150
28095,MS,Monroe,6749,1841,793,16278,15135
28097,MS,Montgomery,965,800,427,4568,4196
28099,MS,Neshoba,2997,2923,969,11784,18841
28103,MS,Noxubee,967,754,689,4205,4870
28105,MS,Oktibbeha,2481,7485,553,18282,26148
28107,MS,Panola,4215,2216,1042,13710,15910
28115,MS,Pontotoc,5631,917,796,10881,16511
28117,MS,Prentiss,4395,1447,537,10520,10302
28119,MS,Quitman,526,695,626,3405,2876
28135,MS,Tallahatchie,570,989,1013,4627,5068
28137,MS,Tate,2123,1326,843,8548,9685
28139,MS,Tippah,3862,1153,739,9726,10153
28141,MS,Tishomingo,2778,870,371,7628,7842
28143,MS,Tunica,494,472,707,3073,17194
28145,MS,Union,3848,1083,795,9913,12196
28155,MS,Webster,1566,639,420,4258,3529
28159,MS,Winston,2996,1166,674,8389,8296
28161,MS,Yalobusha,1685,892,404,4882,4714
36001, NY,Albany,13607,78619,603,258344,275280
36003, NY,Allegany,3573,3832,1088,19901,21013
36007, NY,Broome,28889,18621,811,124460,118182
36009, NY,Cattaraugus,8505,6993,1662,40035,41723
36011, NY,Cayuga,4328,5752,1722,32540,36526
36013, NY,Chautauqua,15397,10521,2890,71420,71951
36015, NY,Chemung,8911,7274,480,48549,48641
36017, NY,Chenango,5060,3924,1462,23139,24166
36023, NY,Cortland,5921,3917,1041,25475,25003
36025, NY,Delaware,5215,4322,1373,23756,28283
36029, NY,Erie,77164,77693,2185,535136,555385
36039, NY,Greene,982,3625,410,17057,20524
36043, NY,Herkimer,5513,4791,1165,24575,25223
36051, NY,Livingston,2959,6292,1364,25513,29479
36053, NY,Madison,2695,4971,1430,27078,31340
36057, NY,Montgomery,5703,3173,1061,23655,23852
36065, NY,Oneida,18599,30517,1914,132974,136605
36067, NY,Onondaga,42373,39750,1377,305811,306131
36069, NY,Ontario,7576,7451,1438,49235,65951
36071, NY,Orange,14562,31439,1775,138917,178190
36077, NY,Otsego,1837,4539,1602,28966,31274
36093, NY,Schenectady,11826,10045,314,79831,75226
36095, NY,Schoharie,781,2558,882,10909,13140
36097, NY,Schuyler,994,1113,517,6480,9073
36099, NY,Seneca,2583,4287,707,14584,16477
36101, NY,Steuben,13207,7872,2194,47921,48153
36105, NY,Sullivan,1170,5982,593,32122,36072
36107, NY,Tioga,5975,2629,900,18991,19766
36109, NY,Tompkins,4479,5813,915,60935,66913
36111, NY,Ulster,13176,12470,1244,77958,87300
36121, NY,Wyoming,2861,4088,1653,16695,18345
36123, NY,Yates,594,1015,965,7823,9072
37003,NC,Alexander,6148,1137,761,13427,16214
37005,NC,Alleghany,1289,690,797,5391,6238
37009,NC,Ashe,3241,1006,1366,11177,14372
37011,NC,Avery,874,923,437,8495,12666
37021,NC,Buncombe,21420,13879,1666,110134,154616
37023,NC,Burke,18648,7360,535,43445,52064
37027,NC,Caldwell,16961,3597,520,36715,38726
37035,NC,Catawba,42693,7726,741,98759,105059
37039,NC,Cherokee,3106,1642,377,9843,13530
37043,NC,Clay,384,338,252,2346,3848
37045,NC,Cleveland,16197,4747,1033,44438,45542
37057,NC,Davidson,24166,5970,1242,61458,74983
37059,NC,Davie,4179,1536,797,13389,16972
37067,NC,Forsyth,38038,15941,930,192224,230596
37075,NC,Graham,672,495,187,2551,4463
37081,NC,Guilford,60004,28093,1647,280482,345323
37087,NC,Haywood,4576,3291,1161,21074,26769
37089,NC,Henderson,7664,4116,1252,35503,49963
37097,NC,Iredell,16784,5619,1905,53094,83388
37099,NC,Jackson,1359,3487,297,12657,22976
37111,NC,McDowell,9542,1956,319,19370,20867
37113,NC,Macon,1380,1324,391,10952,18015
37115,NC,Madison,910,994,1596,6477,8327
37121,NC,Mitchell,2181,1106,462,7258,7691
37149,NC,Polk,884,706,243,5493,7952
37157,NC,Rockingham,16194,4500,1579,41553,41401
37159,NC,Rowan,13094,7476,1276,49608,58205
37161,NC,Rutherford,12171,3186,585,30018,30605
37169,NC,Stokes,1418,1822,1556,10773,13494
37171,NC,Surry,15739,3892,2078,41472,42552
37173,NC,Swain,1201,1480,114,6374,7656
37175,NC,Transylvania,3637,1297,277,12855,14665
37189,NC,Watauga,1363,4529,927,21389,31062
37193,NC,Wilkes,10258,4061,1691,31710,33054
37197,NC,Yadkin,2863,1660,1577,12363,15080
37199,NC,Yancey,2364,775,884,6882,7598
39001,OH  ,Adams,412,1572,1852,9141,12867
39007,OH  ,Ashtabula,8981,5131,1619,40396,48207
39009,OH  ,Athens,1321,9490,649,24523,29664
39013,OH  ,Belmont,2010,3726,786,27181,32876
39015,OH  ,Brown,1570,1783,2029,11183,17089
39019,OH  ,Carroll,1634,950,967,8684,12163
39025,OH  ,Clermont,6787,6362,1149,49935,88095
39027,OH  ,Clinton,4485,2627,1212,20024,32981
39029,OH  ,Columbiana,9161,4814,1513,41617,46034
39031,OH  ,Coshocton,4503,1673,1143,16256,19787
39045,OH  ,Fairfield,7221,5757,1548,38832,61031
39047,OH  ,Fayette,2599,1472,920,10928,16289
39053,OH  ,Gallia,912,2114,1051,13671,17166
39055,OH  ,Geauga,9159,3383,988,35141,53177
39059,OH  ,Guernsey,3530,2759,993,17352,21374
39061,OH  ,Hamilton,118484,66381,601,631361,632968
39067,OH  ,Harrison,672,912,589,5425,5346
39071,OH  ,Highland,2675,1976,1635,13602,17186
39073,OH  ,Hocking,2504,1491,464,8698,10508
39075,OH  ,Holmes,5202,1423,2106,16522,26834
39079,OH  ,Jackson,2661,1455,694,11483,16102
39081,OH  ,Jefferson,5315,4044,533,32509,31714
39083,OH  ,Knox,4096,2925,1602,21343,29532
39085,OH  ,Lake,26004,11079,1189,104146,125629
39087,OH  ,Lawrence,1783,3271,661,15828,19432
39089,OH  ,Licking,9717,9467,2057,59120,76100
39099,OH  ,Mahoning,14967,16560,1039,131903,135427
39105,OH  ,Meigs,338,1256,684,7354,6431
39111,OH  ,Monroe,2632,1056,827,7334,5977
39115,OH  ,Morgan,1296,718,748,6261,5145
39119,OH  ,Muskingum,9052,4696,1391,41944,46467
39121,OH  ,Noble,593,640,680,3957,5002
39127,OH  ,Perry,1465,1669,773,9843,9467
39129,OH  ,Pickaway,4873,3464,1118,17821,20247
39131,OH  ,Pike,3567,1556,548,10011,13417
39133,OH  ,Portage,11210,13881,1105,57387,76506
39141,OH  ,Ross,5395,6052,1218,28521,35153
39145,OH  ,Scioto,2299,5370,844,27710,32033
39151,OH  ,Stark,44625,19449,1698,193793,211816
39155,OH  ,Trumbull,33617,10521,1213,109136,106661
39157,OH  ,Tuscarawas,8418,4449,1378,40238,46647
39163,OH  ,Vinton,735,828,340,3640,3490
39165,OH  ,Warren,7067,5521,1285,45620,96640
39167,OH  ,Washington,5980,3305,1157,29858,33179
39169,OH  ,Wayne,15433,7100,2716,54142,61852
42003,PA,Allegheny,80859,82250,657,819868,863720
42005,PA,Armstrong,3357,3457,1940,26031,31163
42007,PA,Beaver,9648,8865,718,65914,75486
42009,PA,Bedford,3222,2298,1482,19546,24030
42011,PA,Berks,48480,19078,4287,191435,224771
42013,PA,Blair,10996,8051,798,65321,75581
42015,PA,Bradford,7646,3093,2238,29486,32241
42019,PA,Butler,13498,8888,1513,69934,102428
42021,PA,Cambria,8963,10008,803,71761,77173
42023,PA,Cameron,1264,437,37,3109,3211
42025,PA,Carbon,4825,2505,240,20710,24428
42027,PA,Centre,8496,23901,1192,74663,107289
42031,PA,Clarion,2636,3431,659,18378,21792
42033,PA,Clearfield,5027,4298,536,36093,42142
42035,PA,Clinton,3945,2457,403,14400,18585
42037,PA,Columbia,9138,3910,1048,32006,36520
42039,PA,Crawford,9628,4251,1693,40277,45790
42041,PA,Cumberland,15854,19473,1579,136774,160060
42043,PA,Dauphin,22949,44544,1001,182214,223651
42047,PA,Elk,7610,1474,221,18086,19806
42049,PA,Erie,37325,15454,1918,146481,163643
42051,PA,Fayette,6080,6035,1214,46726,59454
42053,PA,Forest,370,467,39,2202,3118
42055,PA,Franklin,14610,11024,2474,62758,75775
42057,PA,Fulton,1174,739,639,5551,8156
42059,PA,Greene,439,2248,865,14110,17012
42061,PA,Huntingdon,2977,2954,937,16577,19145
42063,PA,Indiana,4390,6487,1396,39553,46900
42065,PA,Jefferson,4891,2019,692,20783,22621
42067,PA,Juniata,2573,722,810,8706,11879
42069,PA,Lackawanna,23791,11459,352,116051,128610
42073,PA,Lawrence,7705,4678,962,41125,41830
42075,PA,Lebanon,11871,7822,1524,52892,61973
42077,PA,Lehigh,35255,15149,881,181033,220351
42079,PA,Luzerne,29220,19608,637,161716,175597
42081,PA,Lycoming,15290,7283,1205,62738,68154
42083,PA,McKean,5424,2625,299,21630,23242
42085,PA,Mercer,11982,5825,1626,55973,63977
42087,PA,Mifflin,6670,1917,980,21245,22587
42089,PA,Monroe,5443,9220,222,54764,78571
42093,PA,Montour,1255,1657,368,13427,19090
42095,PA,Northampton,26254,11703,741,107937,128903
42097,PA,Northumberland,11313,4462,1005,40024,40187
42099,PA,Perry,953,1769,830,10691,13388
42103,PA,Pike,596,1127,51,10036,18245
42105,PA,Potter,1325,1136,514,7278,9841
42107,PA,Schuylkill,17995,7378,1012,63272,65547
42109,PA,Snyder,5510,2644,978,19527,22891
42111,PA,Somerset,5751,4113,1583,34335,36788
42113,PA,Sullivan,540,406,205,2751,2911
42115,PA,Susquehanna,1936,1774,1115,13454,16464
42117,PA,Tioga,3019,2770,1290,17134,19285
42119,PA,Union,4514,3049,669,19738,22758
42121,PA,Venango,5354,4549,493,26151,26615
42123,PA,Warren,5249,3180,547,22471,20425
42125,PA,Washington,12143,10530,1969,84747,103727
42127,PA,Wayne,2031,2272,905,18624,21725
42129,PA,Westmoreland,25849,16847,1823,155270,180038
42131,PA,Wyoming,3820,1187,500,12795,12338
45001,SC,Abbeville,3812,1386,665,9282,11391
45007,SC,Anderson,20605,8957,1675,68357,84546
45021,SC,Cherokee,9271,2006,639,22056,24864
45045,SC,Greenville,49684,22475,1007,229949,302133
45059,SC,Laurens,7846,4804,994,25047,26239
45065,SC,McCormick,761,1084,137,3075,2969
45073,SC,Oconee,10841,3355,880,31154,30134
45077,SC,Pickens,12184,9056,687,43306,50558
45083,SC,Spartanburg,39075,15371,1654,130184,149608
45087,SC,Union,5702,2072,376,12406,10581
45091,SC,York,14861,8207,1045,61858,94347
47001,TN,Anderson,12660,5148,652,41517,52987
47003,TN,Bedford,5933,1913,1732,16770,26415
47007,TN,Bledsoe,843,936,686,3720,4121
47009,TN,Blount,6097,4592,1455,34815,60719
47011,TN,Bradley,12722,4313,1029,39828,50394
47013,TN,Campbell,2624,2281,560,12233,15467
47015,TN,Cannon,909,438,918,4176,5766
47019,TN,Carter,3588,2144,899,15199,20779
47025,TN,Claiborne,3491,1416,2137,12326,14774
47027,TN,Clay,1767,445,704,4029,4375
47029,TN,Cocke,2926,1280,1449,11368,13315
47031,TN,Coffee,6405,3342,1278,27245,33640
47035,TN,Cumberland,2921,1601,878,15681,26167
47041,TN,De Kalb,2550,682,1066,7817,9419
47047,TN,Fayette,2207,1511,1199,8340,21650
47049,TN,Fentress,1778,739,605,6553,8127
47051,TN,Franklin,2084,1478,1614,12797,16033
47055,TN,Giles,3916,1264,1979,12696,14669
47057,TN,Grainger,1692,670,1658,6068,7667
47059,TN,Greene,10946,3557,4762,33193,39450
47061,TN,Grundy,747,633,491,3780,5206
47063,TN,Hamblen,15544,2981,1183,35714,42492
47065,TN,Hamilton,33622,28476,747,194379,246740
47067,TN,Hancock,369,342,986,2361,2320
47069,TN,Hardeman,3010,1889,709,9984,10641
47071,TN,Hardin,3254,1530,735,10369,13179
47073,TN,Hawkins,5362,2253,2621,16661,19497
47081,TN,Hickman,1372,1128,860,5831,7006
47087,TN,Jackson,987,362,888,3623,7119
47089,TN,Jefferson,3833,1742,1766,14899,19365
47091,TN,Johnson,1781,702,1113,6014,6918
47093,TN,Knox,25885,36029,1693,220647,301529
47099,TN,Lawrence,5578,1672,1921,17708,18172
47101,TN,Lewis,1165,480,260,3651,4434
47103,TN,Lincoln,3176,2123,2260,13453,15612
47105,TN,Loudon,3448,1409,1505,12956,19092
47107,TN,McMinn,8473,2322,1513,22392,27588
47109,TN,McNairy,3595,1177,840,10455,10883
47111,TN,Macon,2413,673,1761,7794,9934
47115,TN,Marion,1876,1158,396,8149,10692
47119,TN,Maury,8545,4421,2112,33116,44784
47121,TN,Meigs,643,375,426,2919,5906
47123,TN,Monroe,4090,1291,1300,12646,19412
47127,TN,Moore,564,587,520,2010,2666
47129,TN,Morgan,1129,1387,418,4898,6347
47133,TN,Overton,2056,1054,1071,7120,8743
47135,TN,Perry,1404,346,287,3188,4040
47137,TN,Pickett,715,254,524,2171,1946
47139,TN,Polk,1015,880,363,4205,4359
47141,TN,Putnam,9670,5521,1437,34388,43210
47143,TN,Rhea,4254,4484,489,13687,14863
47145,TN,Roane,4580,3784,677,24334,22126
47149,TN,Rutherford,17241,8675,1885,63417,132009
47151,TN,Scott,2180,1109,315,7387,8959
47153,TN,Sequatchie,742,550,215,3327,4578
47155,TN,Sevier,2643,2746,1136,29685,52057
47157,TN,Shelby,51874,91787,1123,539514,644897
47159,TN,Smith,1942,677,1505,7745,8395
47163,TN,Sullivan,23192,7672,1844,85831,92790
47165,TN,Sumner,10047,5558,2356,42208,57063
47169,TN,Trousdale,1154,403,614,3431,5370
47171,TN,Unicoi,2125,966,324,6455,7431
47173,TN,Union,1147,463,734,3851,5071
47175,TN,Van Buren,791,260,285,1682,2399
47177,TN,Warren,5621,1743,2308,18948,19700
47179,TN,Washington,10939,10047,2840,59722,77916
47181,TN,Wayne,2225,828,833,5904,6083
47185,TN,White,3718,910,1388,9847,11168
47189,TN,Wilson,5113,2426,2153,27902,51366
51009,VA,Amherst,1458,3645,509,12470,14262
51017,VA,Bath,285,365,153,2864,3001
51021,VA,Bland,730,594,449,2874,3094
51023,VA,Botetourt,859,1016,702,7542,16759
51027,VA,Buchanan,369,1785,125,13779,10328
51043,VA,Clarke,1109,507,606,5474,6912
51045,VA,Craig,161,203,226,1064,1733
51051,VA,Dickenson,201,917,139,5209,4935
51063,VA,Floyd,800,463,946,4107,6039
51067,VA,Franklin,4920,1549,1495,15218,22172
51071,VA,Giles,2744,783,411,7290,7022
51077,VA,Grayson,1763,619,1123,5468,4882
51091,VA,Highland,221,150,353,1306,1445
51105,VA,Lee,1166,1319,1677,7821,9441
51107,VA,Loudoun,2858,7548,1487,53570,162530
51125,VA,Nelson,354,591,524,4607,5683
51141,VA,Patrick,2724,775,812,7660,7743
51155,VA,Pulaski,6106,2139,524,16794,18673
51167,VA,Russell,1497,1446,1431,10066,11926
51169,VA,Scott,1306,1163,1914,7471,8383
51171,VA,Shenandoah,5517,1567,1207,17359,20753
51173,VA,Smyth,5517,1567,1207,17359,18656
51185,VA,Tazewell,2180,3353,675,18956,21909
51197,VA,Wythe,2278,1900,1039,12874,15410
51903,VA,Alleghany + Clifton Forge city + Covington city,2975,1718,181,12083,11873
51907,VA,Augusta  Staunton + Waynesboro,12318,8687,2212,54934,66271
51909,VA,Bedford + Bedford City,3718,2301,1513,18463,34224
51913,VA,Carroll + Galax city,637,1386,257,5733,20719
51921,VA,Frederick + Winchester,9368,4051,903,44659,67826
51929,VA,Henry + Martinsville city,13466,11710,234,142229,38449
51933,VA,Montgomery + Radford city,308,710,145,3527,58361
51939,VA,Pittsylvania + Danville,16518,5990,2281,52995,53545
51945,VA,Rockbridge + Buena Vista city + Lexington city,498,610,195,3445,20392
51947,VA,Rockingham + Harrisonburg,12593,6694,3139,54528,76930
51953,VA,Washington + Bristol city,1052,1404,268,10153,43036
51955,VA,Wise + Norton city,739,717,371,4892,22171
51968,VA,51770 + 51944,19328,15948,374,144432,163099
54001,WV,Barbour,214,806,580,4829,5697
54003,WV,Berkeley,3461,5126,953,25437,41301
54005,WV,Boone,175,1586,39,9419,10652
54007,WV,Braxton,367,796,383,4832,5913
54009,WV,Brooke,2927,1256,111,9873,10897
54011,WV,Cabell,6901,8288,445,57412,65291
54013,WV,Calhoun,249,513,207,2736,2749
54015,WV,Clay,71,579,120,1923,2981
54017,WV,Doddridge,175,363,348,1935,2756
54019,WV,Fayette,1190,3201,233,14677,16851
54021,WV,Gilmer,183,739,305,2841,3162
54023,WV,Grant,683,987,515,6895,5893
54025,WV,Greenbrier,1766,2281,1146,16233,19266
54027,WV,Hampshire,434,1488,839,5770,7719
54029,WV,Hancock,9421,1571,115,20055,15029
54031,WV,Hardy,2137,599,795,5550,8792
54033,WV,Harrison,2218,4817,713,33003,43504
54035,WV,Jackson,2579,1428,857,10313,12538
54037,WV,Jefferson,2261,2681,713,14906,20617
54039,WV,Kanawha,10187,19704,214,119419,134901
54041,WV,Lewis,840,1764,475,7401,7935
54043,WV,Lincoln,218,1064,385,4191,4889
54045,WV,Logan,814,2383,30,15113,13830
54047,WV,McDowell,126,2230,0,7993,6658
54049,WV,Marion,2914,4329,453,24557,27975
54051,WV,Marshall,2858,2128,535,14516,18234
54053,WV,Mason,1193,1536,1016,10031,9978
54055,WV,Mercer,1965,5272,588,27402,28884
54057,WV,Mineral,1852,1642,429,8939,10061
54059,WV,Mingo,257,2047,0,11792,10044
54061,WV,Monongalia,2814,14212,532,43904,60197
54063,WV,Monroe,331,901,895,3791,4373
54065,WV,Morgan,296,714,195,4100,4854
54067,WV,Nicholas,1033,1708,375,9873,11363
54069,WV,Ohio,2739,4090,193,31224,32494
54071,WV,Pendleton,847,582,854,3636,3661
54073,WV,Pleasants,694,1052,124,3799,4412
54075,WV,Pocahontas,956,842,489,4710,5192
54077,WV,Preston,770,1795,1041,9846,11812
54079,WV,Putnam,1079,1868,607,15227,25238
54081,WV,Raleigh,940,4887,321,29602,41167
54083,WV,Randolph,1236,2037,498,12203,16547
54085,WV,Ritchie,1294,526,405,4378,5422
54087,WV,Roane,726,730,556,5695,5980
54089,WV,Summers,86,1019,424,3597,3929
54091,WV,Taylor,815,1013,373,4332,4592
54093,WV,Tucker,577,604,217,3522,3836
54095,WV,Tyler,820,612,330,3225,3385
54097,WV,Upshur,1326,1229,509,9598,11679
54099,WV,Wayne,1429,2591,236,11008,12131
54101,WV,Webster,313,636,128,2707,3306
54103,WV,Wetzel,324,1191,246,6527,6214
54105,WV,Wirt,205,279,280,1391,1502
54107,WV,Wood,8876,7229,625,47834,51834
54109,WV,Wyoming,158,1646,76,7130,7053
