Lattitude,Longitude
-95.86,32.58
-95.81,29.54
-95.72,29.79
-95.61,29.92
-95.52,29.70
-95.51,29.85
-95.46,30.01
-95.42,29.68
-95.41,29.85
-95.38,29.70
-95.34,32.34
-95.27,32.31
-95.27,32.33
-95.26,33.16
-95.25,29.77
-95.23,32.23
-95.19,29.66
-95.09,30.34
-94.89,30.04
-94.87,32.39
-94.78,32.53
-94.75,32.54
-94.73,31.30
-94.72,31.33
-94.65,31.63
-94.04,33.43
-94.02,30.13
-93.97,30.43
-93.86,32.45
-93.80,32.41
-93.78,32.45
-93.75,32.50
-93.72,32.42
-93.72,32.45
-93.71,32.55
-93.70,32.53
-93.68,32.49
-93.67,32.53
-93.27,31.13
-93.26,30.24
-93.22,30.18
-93.18,30.21
-93.08,34.12
-92.57,34.58
-92.49,31.27
-92.47,31.32
-92.38,30.23
-92.34,34.75
-92.10,32.52
-92.08,32.49
-92.08,32.52
-92.08,30.21
-92.07,30.52
-92.07,30.18
-92.07,30.25
-92.05,30.16
-92.03,34.98
-92.02,30.21
-92.01,30.23
-91.98,30.17
-91.90,32.78
-91.26,29.68
-91.21,29.96
-91.17,30.47
-91.15,30.65
-91.14,30.45
-91.11,30.43
-91.06,30.39
-91.06,30.43
-91.02,30.41
-91.01,30.44
-90.94,30.21
-90.91,30.23
-90.75,29.61
-90.75,29.62
-90.69,29.58
-90.55,29.69
-90.50,30.52
-90.46,31.58
-90.25,30.02
-90.23,30.01
-90.22,32.25
-90.18,29.99
-90.16,30.00
-90.16,30.84
-90.14,32.27
-90.11,29.98
-90.08,30.44
-90.05,29.91
-90.01,32.36
-89.98,35.10
-89.98,29.95
-89.86,30.79
-89.82,31.24
-89.79,35.17
-89.78,30.29
-89.48,32.36
-89.38,31.32
-89.35,30.32
-89.14,31.69
-87.74,31.95
-87.71,30.54
-87.68,30.40
-87.43,30.31
-87.27,34.48
-87.26,30.53
-87.16,30.35
-87.15,30.60
-86.97,34.79
-86.86,30.40
-86.57,30.76
-86.35,32.38
-86.29,32.36
-86.25,33.17
-86.25,31.28
-86.12,30.70
-85.99,31.84
-85.92,30.27
-85.86,31.33
-85.73,30.19
-85.59,30.15
-85.43,31.25
-85.38,32.65
-85.30,29.81
-84.94,32.42
-84.33,33.83
-84.33,32.89
-84.30,30.45
-84.29,30.38
-84.28,30.46
-84.28,30.41
-84.27,34.07
-84.26,30.44
-84.23,30.46
-84.21,33.96
-84.21,31.61
-84.16,31.58
-84.14,31.55
-84.10,31.57
-84.00,35.75
-83.95,30.85
-83.94,33.04
-83.87,33.83
-83.78,31.18
-83.66,32.81
-83.65,32.62
-83.62,32.86
-83.58,30.10
-83.53,31.46
-83.44,31.14
-83.32,30.84
-83.28,30.85
-83.04,42.33
-82.93,32.54
-82.85,31.49
-82.84,34.69
-82.74,28.21
-82.73,27.79
-82.73,28.25
-82.71,27.87
-82.70,28.36
-82.68,27.81
-82.65,30.24
-82.65,27.84
-82.64,30.19
-82.62,27.50
-82.58,28.89
-82.58,27.42
-82.58,34.82
-82.56,27.46
-82.55,27.36
-82.53,27.26
-82.51,27.97
-82.50,33.51
-82.49,27.98
-82.48,27.49
-82.46,28.03
-82.46,27.27
-82.45,28.05
-82.44,35.30
-82.42,34.19
-82.41,29.66
-82.40,28.05
-82.38,29.62
-82.33,32.59
-82.32,29.65
-82.28,34.95
-82.21,41.38
-82.19,29.15
-82.17,29.17
-82.14,29.21
-82.14,29.17
-82.12,27.99
-82.11,29.94
-82.11,29.19
-82.08,26.97
-82.06,29.06
-82.03,34.50
-82.02,34.99
-82.01,26.90
-81.98,30.28
-81.91,28.01
-81.91,35.35
-81.89,28.83
-81.85,27.21
-81.78,30.13
-81.78,24.56
-81.78,28.82
-81.75,30.30
-81.74,28.55
-81.74,24.57
-81.69,28.82
-81.67,29.64
-81.66,30.79
-81.66,30.43
-81.65,30.62
-81.64,34.73
-81.63,31.89
-81.62,31.83
-81.61,29.64
-81.50,28.67
-81.48,28.58
-81.47,31.17
-81.47,40.96
-81.46,30.64
-81.44,31.39
-81.43,28.61
-81.42,28.36
-81.42,28.49
-81.41,28.30
-81.40,28.43
-81.40,28.39
-81.39,28.55
-81.38,28.51
-81.37,28.34
-81.37,28.29
-81.36,28.45
-81.30,29.05
-81.21,28.65
-81.15,29.48
-81.15,32.10
-81.13,29.34
-81.11,32.03
-81.10,26.83
-81.08,29.28
-81.08,32.27
-81.04,29.17
-81.04,24.73
-80.97,29.15
-80.95,26.75
-80.94,29.01
-80.84,35.21
-80.80,28.59
-80.77,28.47
-80.73,28.33
-80.72,28.23
-80.70,28.38
-80.70,28.38
-80.69,32.40
-80.67,28.15
-80.66,35.17
-80.61,35.40
-80.56,35.01
-80.48,33.98
-80.44,25.10
-80.42,25.66
-80.40,25.76
-80.36,26.06
-80.35,25.60
-80.34,25.62
-80.34,25.58
-80.30,26.01
-80.29,25.90
-80.28,26.17
-80.25,26.12
-80.25,26.09
-80.23,25.77
-80.23,26.14
-80.21,25.86
-80.21,25.99
-80.20,26.24
-80.20,26.35
-80.19,25.77
-80.19,25.96
-80.17,26.37
-80.16,25.99
-80.16,33.04
-80.15,26.27
-80.15,25.95
-80.14,26.03
-80.14,25.77
-80.13,25.79
-80.12,26.14
-80.11,26.40
-80.11,32.80
-80.11,26.71
-80.10,26.18
-80.09,33.01
-80.08,26.81
-80.07,32.89
-80.02,32.91
-80.02,32.80
-79.99,32.82
-79.99,32.86
-79.97,32.73
-79.95,32.79
-79.89,34.29
-79.86,32.79
-79.77,36.09
-78.93,33.72
-78.76,35.77
-78.62,34.63
-78.45,35.64
-76.77,34.73
-76.74,35.86
-76.68,39.16
-76.56,40.79
-74.25,39.76
-74.04,40.31
-70.29,41.68
-96.07,41.26
-106.53,31.83
-97.02,33.04
-88.94,30.40
-111.99,33.48
-99.78,29.21
-114.61,32.70
-82.35,34.19
-123.81,46.98
-79.52,35.04
-76.18,39.52
-99.77,32.45
-99.77,32.41
-99.77,32.45
-99.74,32.37
-99.71,32.46
-97.21,38.94
-81.94,36.71
-75.14,40.12
-74.53,39.47
-74.50,39.43
-77.01,38.67
-71.41,42.48
-84.70,34.04
-84.68,34.07
-96.67,34.78
-84.93,34.38
-88.03,41.95
-88.00,41.94
-83.44,31.13
-117.42,34.51
-84.04,41.88
-84.03,41.91
-118.76,34.15
-76.98,36.28
-81.77,33.56
-81.72,33.52
-81.70,33.58
-81.65,41.13
-81.58,41.11
-81.57,41.06
-81.55,41.01
-81.53,41.02
-81.51,41.03
-81.50,41.08
-81.49,40.99
-81.49,41.04
-81.47,41.11
-81.43,41.03
-86.82,33.24
-105.96,32.89
-105.89,37.48
-123.08,44.63
-123.07,44.64
-85.14,36.70
-80.19,35.38
-93.34,43.65
-93.66,45.24
-86.21,34.28
-84.76,42.26
-106.70,35.12
-106.69,35.09
-106.68,35.03
-106.67,35.11
-106.66,35.19
-106.66,35.20
-106.65,35.09
-106.64,35.14
-106.64,35.06
-106.63,35.08
-106.60,35.10
-106.59,35.13
-106.59,35.08
-106.59,35.15
-106.59,35.11
-106.58,35.06
-106.58,35.18
-106.57,35.09
-106.55,35.14
-106.55,35.10
-106.53,35.08
-106.52,35.13
-106.51,35.08
-83.98,35.81
-83.97,35.77
-85.96,32.92
-95.38,45.86
-95.37,45.89
-92.48,31.29
-92.45,31.26
-84.39,38.97
-77.14,38.77
-77.13,38.81
-88.34,42.17
-118.14,34.08
-118.12,34.10
-80.28,40.60
-117.72,33.57
-117.71,33.57
-85.87,42.53
-85.87,42.53
-96.68,33.10
-85.91,42.97
-75.52,40.58
-75.49,40.56
-75.46,40.58
-81.13,40.90
-81.11,40.91
-79.95,40.60
-71.13,42.35
-84.67,43.40
-88.73,32.36
-84.31,34.04
-84.29,34.05
-84.29,34.07
-84.29,34.05
-84.28,34.09
-84.21,34.06
-87.72,41.67
-117.58,34.12
-81.39,28.69
-81.38,28.66
-79.27,37.12
-90.14,38.92
-93.50,41.66
-78.40,40.48
-78.37,40.52
-99.30,34.64
-95.23,29.44
-101.89,35.17
-101.88,35.19
-101.87,35.19
-101.82,35.20
-84.25,39.05
-111.79,40.38
-84.22,32.07
-93.61,42.02
-93.58,42.03
-70.91,42.85
-82.09,29.16
-90.52,30.73
-73.43,40.69
-88.46,33.97
-122.61,48.51
-117.94,33.83
-117.94,33.80
-117.91,33.82
-117.89,33.84
-117.79,33.86
-117.74,33.87
-149.95,61.14
-149.91,61.20
-149.89,61.22
-149.87,61.19
-149.87,61.14
-149.83,61.18
-149.82,61.28
-149.81,61.22
-149.78,61.20
-86.52,31.28
-85.67,40.15
-85.65,40.06
-85.65,40.11
-82.68,34.50
-82.66,34.53
-82.65,34.48
-93.23,45.29
-76.88,38.81
-120.55,38.08
-95.42,29.17
-85.00,41.66
-93.58,41.73
-93.58,41.70
-83.84,42.28
-83.78,42.28
-83.74,42.24
-83.74,42.24
-83.66,42.25
-89.23,37.46
-77.19,38.83
-76.53,38.98
-85.83,33.67
-93.39,45.20
-73.08,41.33
-112.09,33.87
-88.10,42.47
-86.66,36.05
-111.55,33.42
-111.53,33.39
-78.84,35.72
-81.45,28.67
-117.21,34.47
-93.22,44.73
-88.45,44.26
-88.42,44.27
-88.37,44.29
-88.35,44.26
-86.50,34.32
-118.04,34.11
-91.47,44.24
-86.13,40.13
-84.31,41.51
-97.16,34.17
-97.14,34.19
-122.13,48.18
-97.13,32.67
-97.12,32.69
-97.11,32.76
-77.09,38.86
-77.07,38.90
-87.97,42.11
-90.39,38.41
-90.37,38.45
-118.07,33.86
-105.17,39.81
-105.14,39.81
-105.08,39.86
-105.08,39.79
-105.05,39.84
-118.83,35.21
-74.02,40.23
-74.01,40.23
-77.47,39.04
-79.82,35.69
-82.64,35.56
-82.60,35.59
-82.55,35.62
-82.53,35.60
-82.52,35.50
-82.51,35.57
-82.71,38.40
-82.64,38.48
-82.32,40.86
-77.47,37.75
-77.47,37.76
-71.65,43.70
-75.43,39.87
-123.84,46.19
-73.92,40.76
-73.91,40.78
-73.90,40.77
-120.65,35.47
-86.94,34.78
-84.64,35.46
-83.47,33.94
-83.43,34.00
-83.42,33.95
-83.41,33.97
-83.34,33.92
-83.34,33.99
-82.10,39.33
-82.06,39.34
-84.49,33.69
-84.47,33.62
-84.41,33.68
-84.41,33.79
-84.40,33.76
-84.40,33.67
-84.39,33.75
-84.39,33.82
-84.39,33.76
-84.38,33.92
-84.38,33.77
-84.37,33.77
-84.37,33.81
-84.36,33.85
-84.35,33.72
-84.34,33.95
-84.33,33.87
-84.33,33.95
-84.33,33.83
-84.32,33.79
-84.31,33.92
-84.31,33.82
-84.27,33.91
-84.24,33.90
-94.99,41.40
-74.44,39.35
-74.43,39.36
-74.04,40.41
-87.49,31.02
-71.36,41.91
-122.25,47.30
-122.23,47.30
-121.06,38.93
-85.50,32.57
-85.48,32.61
-85.07,41.37
-84.09,43.60
-71.87,42.18
-71.84,42.20
-70.23,44.12
-70.22,44.11
-83.25,42.65
-81.78,28.05
-82.12,33.40
-82.09,33.51
-82.08,33.42
-82.08,33.47
-82.05,33.51
-82.03,33.41
-82.01,33.44
-82.00,33.48
-69.80,44.31
-104.85,39.66
-104.85,39.73
-104.85,39.70
-104.82,39.70
-104.81,39.74
-104.81,39.77
-104.81,39.65
-104.79,39.63
-104.79,39.67
-104.79,39.70
-104.75,39.61
-88.37,41.76
-88.31,41.78
-88.28,41.76
-88.26,41.75
-88.26,41.73
-88.24,41.76
-88.21,41.76
-84.89,39.07
-84.65,33.84
-97.84,30.24
-97.82,30.17
-97.79,30.45
-97.79,30.45
-97.77,30.19
-97.75,30.31
-97.74,30.23
-97.74,30.29
-97.73,30.40
-97.72,30.24
-97.70,30.37
-92.98,43.68
-80.86,41.79
-80.77,41.13
-80.76,41.10
-74.29,40.58
-106.52,39.63
-82.02,41.46
-82.02,41.49
-81.51,27.60
-112.31,33.44
-112.29,33.49
-77.13,37.74
-79.20,33.99
-117.89,34.13
-83.00,43.82
-80.24,40.66
-91.17,30.59
-91.13,30.56
-119.11,35.38
-119.09,35.35
-119.09,35.32
-119.06,35.35
-119.06,35.41
-119.05,35.34
-119.04,35.40
-119.04,35.37
-119.03,35.32
-119.00,35.39
-118.97,35.40
-118.94,35.38
-118.91,35.35
-73.61,40.66
-117.98,34.07
-117.97,34.09
-90.58,38.59
-90.50,38.59
-76.70,39.36
-76.68,39.19
-76.67,39.34
-76.65,39.32
-76.64,39.25
-76.64,39.31
-76.63,39.32
-76.62,39.29
-76.62,39.29
-76.61,39.38
-76.60,39.29
-76.59,39.29
-76.56,39.30
-76.53,39.30
-68.81,44.82
-68.78,44.79
-68.74,44.84
-89.77,43.48
-81.60,41.01
-82.30,38.41
-82.26,38.42
-85.47,37.83
-88.14,30.68
-81.38,33.24
-75.92,41.23
-72.51,44.20
-72.44,44.16
-88.14,42.16
-75.05,39.87
-117.04,34.89
-117.00,34.89
-89.84,35.20
-88.18,42.00
-81.84,27.91
-88.34,41.85
-88.31,41.85
-91.63,35.77
-89.93,34.31
-69.82,43.91
-91.18,30.42
-91.16,30.52
-91.15,30.50
-91.14,30.42
-91.13,30.50
-91.11,30.36
-91.11,30.39
-91.11,30.47
-91.09,30.45
-91.09,30.39
-91.05,30.46
-85.24,42.30
-85.23,42.35
-85.20,42.26
-85.20,42.30
-85.18,42.34
-85.14,42.31
-82.35,31.78
-83.95,43.56
-83.92,43.61
-83.90,43.62
-87.79,30.88
-73.26,40.71
-74.13,40.65
-74.10,40.69
-73.77,40.76
-94.98,29.80
-94.98,29.77
-94.95,29.74
-74.16,39.92
-96.75,40.27
-80.71,32.44
-76.65,34.73
-116.95,33.93
-94.17,30.08
-94.16,30.13
-94.13,30.07
-94.12,30.10
-94.11,30.10
-88.82,43.46
-80.37,40.77
-122.87,45.49
-122.86,45.53
-122.84,45.53
-122.84,45.52
-122.81,45.50
-122.79,45.49
-122.79,45.49
-81.20,37.79
-81.19,37.78
-81.18,37.81
-86.51,38.86
-81.54,41.39
-81.50,41.41
-78.49,40.02
-73.72,41.22
-74.64,40.65
-86.08,39.71
-76.35,39.53
-76.34,39.58
-76.33,39.50
-76.31,39.55
-76.25,39.48
-111.19,45.77
-118.19,33.96
-95.47,29.71
-80.74,40.01
-90.00,29.87
-80.67,26.67
-80.67,26.68
-79.84,40.14
-79.78,40.16
-83.76,40.33
-82.05,29.06
-90.02,38.54
-83.54,42.21
-83.49,42.22
-83.45,42.25
-122.18,47.62
-122.17,47.56
-122.15,47.63
-95.97,41.14
-95.94,41.16
-95.92,41.17
-95.91,41.15
-84.49,39.10
-82.86,41.28
-118.12,33.87
-122.48,48.78
-122.47,48.73
-75.08,39.87
-82.54,40.65
-87.89,41.89
-74.05,40.17
-89.04,42.52
-88.98,42.52
-94.50,38.81
-76.91,39.03
-88.85,42.27
-88.84,42.24
-94.91,47.49
-94.88,47.47
-79.68,34.61
-73.20,42.89
-74.94,40.09
-87.94,41.96
-95.60,45.32
-80.00,40.13
-88.94,38.00
-86.44,42.08
-86.42,42.08
-84.31,37.57
-81.89,41.37
-81.85,41.39
-96.79,43.08
-74.00,40.94
-83.20,42.50
-74.93,39.79
-74.91,39.78
-106.53,35.32
-74.56,40.72
-76.25,41.05
-87.80,41.83
-87.79,41.85
-87.79,41.87
-87.19,33.52
-87.00,33.36
-86.97,33.40
-90.06,38.90
-94.01,40.27
-73.42,41.37
-80.05,40.35
-80.02,40.33
-77.15,39.02
-77.11,38.97
-75.42,40.63
-75.42,40.66
-75.38,40.61
-75.35,40.64
-75.34,40.68
-73.48,40.73
-70.88,42.56
-70.86,42.57
-70.86,42.57
-70.47,43.48
-116.90,34.24
-82.06,40.58
-71.27,42.55
-108.57,45.76
-108.55,45.78
-108.54,45.76
-108.51,45.79
-108.47,45.81
-108.41,45.81
-88.98,30.40
-88.90,30.44
-83.78,43.25
-86.89,33.55
-86.88,33.50
-86.85,33.51
-86.83,33.44
-86.82,33.47
-86.81,33.50
-86.81,33.41
-86.79,33.45
-86.77,33.58
-86.73,33.56
-86.72,33.52
-86.71,33.65
-86.71,33.43
-86.70,33.53
-86.69,33.60
-86.66,33.64
-86.62,33.64
-80.42,37.23
-82.25,31.30
-75.05,39.76
-93.26,45.13
-96.13,41.54
-72.71,41.82
-83.29,42.60
-83.28,42.55
-88.12,41.95
-117.40,34.07
-93.31,44.84
-86.58,39.16
-86.53,39.18
-86.53,39.19
-86.53,39.14
-86.50,39.16
-76.49,41.02
-76.43,41.01
-85.05,30.44
-75.31,40.15
-87.70,41.66
-73.04,40.75
-84.33,34.87
-94.27,39.02
-94.25,39.03
-81.32,37.24
-81.25,37.28
-85.17,40.75
-83.87,40.89
-114.61,33.61
-89.87,35.93
-80.71,41.02
-80.64,41.02
-86.15,34.19
-88.75,35.92
-80.09,26.35
-89.86,30.79
-73.09,40.76
-116.34,43.66
-116.29,43.62
-116.29,43.59
-116.28,43.61
-116.24,43.59
-116.21,43.62
-116.19,43.60
-116.16,43.54
-88.12,41.70
-88.07,41.71
-88.07,41.69
-88.99,35.26
-96.19,33.59
-85.68,30.77
-81.81,26.35
-81.81,26.33
-81.29,38.15
-81.66,36.20
-88.56,34.67
-69.63,43.86
-93.72,32.52
-93.70,32.52
-71.10,42.35
-71.10,42.34
-71.09,42.34
-71.08,42.31
-71.08,42.35
-71.07,42.35
-71.06,42.36
-71.06,42.36
-71.06,42.36
-71.06,42.35
-71.05,42.34
-71.05,42.29
-71.01,42.39
-79.04,40.15
-122.22,47.79
-105.26,40.02
-105.20,40.07
-74.55,40.57
-111.89,40.88
-87.89,41.16
-87.85,41.18
-90.41,29.89
-76.76,38.99
-86.47,36.96
-86.47,36.98
-86.44,36.98
-86.42,36.94
-83.65,41.40
-83.65,41.36
-83.63,41.37
-80.09,26.53
-80.08,26.52
-111.06,45.68
-82.59,27.46
-82.55,27.45
-87.88,41.14
-71.00,42.20
-90.02,32.28
-90.02,32.28
-90.00,32.29
-89.99,32.35
-82.29,27.94
-82.27,27.89
-72.84,41.28
-72.56,42.84
-117.90,33.92
-117.87,33.91
-89.53,38.62
-75.62,40.58
-86.17,41.45
-122.67,47.63
-122.66,47.57
-122.63,47.57
-122.63,47.60
-96.40,30.14
-96.40,30.14
-76.95,38.94
-82.73,35.24
-68.74,44.78
-73.58,41.42
-87.07,31.13
-74.14,40.05
-83.87,43.35
-80.25,39.29
-80.23,39.34
-73.21,41.22
-73.19,41.20
-75.21,39.45
-80.12,40.35
-74.58,40.56
-74.58,40.56
-71.03,41.96
-71.00,41.98
-70.97,41.99
-74.40,39.39
-112.02,41.49
-104.80,39.99
-83.79,42.54
-74.85,40.11
-72.95,41.68
-72.91,41.70
-78.75,38.56
-71.07,42.07
-71.04,42.07
-75.39,40.92
-95.80,36.07
-95.77,36.05
-73.92,40.83
-73.92,40.84
-73.92,40.82
-73.91,40.81
-73.91,40.85
-73.90,40.87
-73.90,40.89
-73.90,40.86
-73.89,40.82
-73.88,40.88
-73.87,40.86
-73.86,40.83
-73.86,40.84
-73.86,40.90
-73.85,40.88
-73.84,40.84
-73.82,40.87
-81.80,41.40
-88.14,43.04
-73.41,41.44
-75.39,39.88
-73.02,40.93
-96.77,44.31
-96.75,44.31
-84.25,42.11
-76.61,39.22
-74.03,40.62
-74.01,40.64
-74.01,40.65
-74.00,40.63
-73.99,40.60
-73.99,40.69
-73.99,40.58
-73.98,40.69
-73.98,40.65
-73.97,40.59
-73.96,40.60
-73.96,40.61
-73.95,40.73
-73.95,40.63
-73.95,40.68
-73.94,40.70
-73.93,40.59
-73.93,40.64
-73.93,40.61
-73.92,40.65
-73.92,40.70
-73.92,40.63
-73.92,40.64
-73.90,40.64
-73.87,40.68
-93.32,45.06
-93.35,45.09
-93.30,45.11
-95.95,29.78
-95.94,29.75
-82.24,28.52
-79.10,41.17
-75.36,39.97
-105.09,39.93
-105.07,39.91
-102.27,33.18
-74.59,39.97
-86.39,39.86
-83.27,42.14
-97.50,25.98
-97.50,25.94
-97.48,25.92
-97.43,25.94
-89.26,35.59
-98.98,31.73
-81.84,41.28
-81.80,41.24
-81.52,31.22
-81.49,31.22
-81.49,31.19
-69.97,43.92
-69.92,43.91
-84.55,41.46
-77.07,38.63
-92.50,34.62
-83.44,35.42
-112.59,33.43
-80.21,38.99
-82.99,40.79
-120.19,34.61
-74.92,39.51
-74.92,39.52
-118.00,33.85
-118.00,33.85
-118.00,33.88
-117.99,33.84
-79.36,37.74
-93.87,45.18
-87.99,42.14
-87.96,42.16
-84.00,34.09
-83.99,34.06
-83.95,34.14
-114.59,35.12
-93.97,30.44
-118.32,34.18
-87.80,41.75
-87.78,41.73
-87.74,41.73
-82.00,41.00
-77.30,38.79
-97.32,32.56
-122.34,48.46
-102.28,39.30
-84.70,39.02
-79.49,36.08
-79.43,36.07
-79.41,36.10
-74.85,40.07
-74.84,40.08
-74.83,40.04
-74.82,40.04
-71.21,42.47
-93.30,44.77
-93.28,44.75
-93.26,44.78
-82.30,35.92
-83.69,42.97
-83.63,43.03
-76.93,39.11
-79.93,40.87
-79.92,40.84
-79.91,40.89
-74.36,41.00
-112.51,45.98
-70.60,41.75
-89.26,42.13
-83.74,32.66
-116.77,33.92
-92.03,34.98
-91.96,34.94
-84.20,30.88
-67.28,45.19
-115.50,32.67
-84.94,34.49
-84.94,34.50
-117.06,33.99
-81.83,30.56
-87.66,41.66
-119.04,34.22
-81.58,40.00
-81.57,40.03
-76.06,38.57
-71.15,42.39
-71.14,42.40
-71.10,42.36
-71.08,42.37
-85.14,39.85
-80.60,34.25
-94.23,39.75
-76.94,40.22
-117.35,33.31
-111.87,34.57
-85.37,37.34
-81.57,40.88
-103.33,34.39
-118.59,34.20
-105.21,38.45
-80.13,40.27
-95.86,32.58
-84.42,34.18
-83.49,42.27
-83.48,42.32
-83.45,42.33
-82.85,35.55
-81.44,40.85
-81.43,40.80
-81.42,40.78
-81.42,40.86
-81.39,40.83
-81.38,40.77
-81.38,40.80
-81.33,40.84
-75.15,44.60
-87.30,30.58
-118.47,34.42
-81.97,26.65
-81.95,26.56
-81.94,26.63
-89.57,37.29
-89.55,37.31
-74.94,38.98
-74.82,39.09
-89.23,37.73
-89.19,37.73
-75.51,41.57
-92.03,30.32
-77.17,40.20
-117.33,33.18
-117.27,33.10
-74.10,40.84
-86.13,40.01
-86.12,39.96
-121.35,38.60
-121.33,38.63
-83.41,43.48
-88.15,41.94
-88.11,41.89
-88.26,42.14
-79.09,35.91
-94.88,42.07
-96.89,32.95
-96.89,33.01
-85.11,38.64
-85.08,33.56
-85.05,33.59
-118.29,33.84
-118.27,33.82
-118.26,33.82
-119.77,39.19
-119.77,39.16
-74.23,40.59
-84.80,34.27
-84.79,34.17
-78.78,35.74
-78.77,35.83
-111.74,32.88
-111.69,32.88
-111.67,32.83
-81.34,28.66
-81.32,28.63
-118.62,34.50
-122.90,46.29
-104.86,39.38
-116.48,33.79
-116.46,33.82
-76.76,39.29
-76.73,39.29
-85.97,37.13
-81.10,33.95
-92.43,42.51
-74.23,40.84
-87.45,41.38
-97.82,30.50
-91.72,41.98
-91.68,42.03
-91.67,41.94
-91.66,42.04
-91.63,42.03
-91.62,41.98
-87.99,43.28
-85.25,34.02
-84.57,40.55
-104.90,39.57
-83.03,42.49
-73.08,40.86
-111.89,40.92
-87.14,37.27
-71.40,41.89
-73.22,40.79
-122.97,46.72
-89.13,38.53
-85.70,34.16
-87.15,32.94
-77.43,38.84
-87.26,30.98
-118.06,33.87
-78.83,34.33
-89.96,29.94
-111.95,33.31
-111.93,33.32
-111.88,33.32
-111.86,33.35
-111.86,33.28
-111.84,33.32
-111.84,33.25
-95.12,29.78
-77.44,38.89
-95.45,37.66
-79.09,35.85
-79.03,35.93
-82.02,37.96
-81.21,41.58
-81.71,38.33
-81.67,38.39
-81.64,38.35
-81.63,38.35
-81.57,38.31
-79.97,32.73
-71.07,42.38
-88.31,44.30
-84.83,42.57
-80.94,35.23
-80.93,35.12
-80.90,35.22
-80.90,35.15
-80.89,35.24
-80.88,35.27
-80.87,35.20
-80.86,35.09
-80.85,35.27
-80.85,35.31
-80.84,35.23
-80.83,35.15
-80.83,35.21
-80.83,35.21
-80.80,35.25
-80.78,35.20
-80.76,35.21
-80.75,35.30
-80.74,35.14
-80.72,35.20
-80.65,35.18
-76.77,38.49
-78.50,38.01
-78.50,38.05
-78.49,38.06
-78.46,38.03
-118.59,34.26
-85.33,35.10
-85.31,35.05
-85.28,35.02
-85.26,35.08
-85.23,35.01
-85.21,34.99
-85.20,35.08
-85.18,35.03
-85.16,35.04
-85.16,35.04
-85.15,35.00
-122.98,46.67
-122.96,46.69
-122.90,46.61
-71.36,42.62
-71.04,42.40
-71.02,42.40
-83.32,35.48
-75.05,39.92
-75.03,39.94
-75.02,39.89
-74.98,39.91
-81.37,35.39
-84.13,43.19
-76.41,36.82
-76.40,36.86
-76.27,36.75
-76.25,36.79
-76.24,36.74
-76.24,36.79
-76.23,36.70
-76.23,36.82
-72.88,41.56
-81.19,34.71
-77.41,37.36
-77.33,37.34
-76.29,38.98
-74.70,40.79
-77.51,37.37
-81.34,41.52
-87.04,41.62
-76.07,39.22
-104.80,41.12
-104.80,41.16
-104.79,41.14
-87.81,41.98
-87.79,41.95
-87.79,41.92
-87.77,41.98
-87.76,41.80
-87.75,41.96
-87.75,41.91
-87.74,41.80
-87.74,41.78
-87.74,41.75
-87.74,41.93
-87.73,41.90
-87.72,41.82
-87.72,41.79
-87.72,41.77
-87.72,41.77
-87.72,42.00
-87.71,41.97
-87.71,41.84
-87.70,41.78
-87.70,41.75
-87.70,41.69
-87.70,41.95
-87.70,41.94
-87.70,41.91
-87.69,41.97
-87.69,42.02
-87.69,41.85
-87.69,41.93
-87.69,41.86
-87.69,41.83
-87.69,41.90
-87.68,41.87
-87.68,41.91
-87.68,41.81
-87.67,41.95
-87.67,41.84
-87.66,41.72
-87.66,41.93
-87.66,41.95
-87.66,41.98
-87.65,41.96
-87.64,41.77
-87.64,41.93
-87.64,41.87
-87.63,41.91
-87.63,41.88
-87.63,41.88
-87.62,41.85
-87.62,41.74
-87.62,41.72
-87.61,41.75
-87.59,41.80
-87.59,41.76
-87.54,41.65
-87.53,41.70
-87.67,41.51
-87.65,41.52
-87.80,41.71
-87.78,41.71
-88.08,30.77
-97.94,35.02
-72.58,42.18
-82.87,29.50
-86.35,33.26
-83.02,39.33
-82.98,39.34
-82.98,39.35
-117.69,34.03
-117.72,33.99
-85.55,30.75
-91.43,44.89
-91.39,44.93
-77.09,35.52
-80.42,37.16
-80.41,37.13
-117.09,32.63
-117.07,32.61
-117.06,32.65
-117.02,32.64
-87.75,41.85
-84.63,39.15
-84.61,39.09
-84.60,39.26
-84.60,39.12
-84.59,39.24
-84.57,39.11
-84.55,39.22
-84.52,39.13
-84.52,39.13
-84.52,39.22
-84.50,39.28
-84.49,39.15
-84.47,39.26
-84.46,39.19
-84.45,39.21
-84.43,39.18
-84.38,39.20
-84.38,39.20
-84.38,39.08
-84.31,39.07
-84.27,39.10
-93.16,45.14
-82.95,39.58
-121.27,38.71
-121.27,38.68
-86.59,32.80
-81.16,35.72
-72.33,43.37
-72.32,43.37
-79.39,41.19
-74.31,40.63
-75.69,41.48
-80.37,39.26
-80.28,39.28
-74.43,40.15
-90.57,34.19
-83.42,42.72
-85.76,38.32
-78.57,36.62
-83.15,42.53
-97.12,39.38
-75.47,39.80
-83.39,34.88
-78.45,35.64
-120.95,47.19
-93.36,43.15
-78.40,41.04
-94.06,45.41
-82.76,27.96
-82.74,28.02
-82.73,27.99
-82.72,27.96
-82.83,27.98
-75.04,39.80
-74.98,39.81
-80.38,36.03
-81.68,28.35
-95.10,30.34
-90.72,33.79
-90.72,33.75
-87.73,43.92
-84.88,35.19
-83.90,34.66
-81.89,41.48
-81.83,41.37
-81.80,41.43
-81.79,41.45
-81.78,41.38
-81.77,41.45
-81.76,41.46
-81.76,41.42
-81.74,41.48
-81.73,41.41
-81.73,41.46
-81.73,41.44
-81.71,41.47
-81.70,41.44
-81.69,41.41
-81.69,41.42
-81.67,41.50
-81.65,41.52
-81.64,41.46
-81.63,41.41
-81.63,41.50
-81.61,41.43
-81.56,41.45
-81.53,41.50
-81.53,41.43
-81.52,41.52
-81.55,41.52
-108.46,39.09
-97.58,31.78
-74.15,40.88
-90.32,32.33
-84.14,36.10
-81.88,34.46
-78.31,35.01
-82.95,42.60
-82.92,42.55
-82.89,42.58
-83.77,43.18
-93.76,41.61
-93.74,41.60
-73.95,40.97
-81.08,35.12
-86.80,39.52
-82.95,35.53
-76.53,40.79
-75.87,39.98
-76.65,39.49
-76.63,39.46
-80.80,28.36
-80.75,28.39
-80.74,28.37
-80.73,28.35
-80.61,28.35
-109.05,44.52
-82.36,36.91
-73.18,44.50
-84.98,41.94
-76.93,38.99
-96.32,30.62
-89.70,35.05
-89.55,31.63
-90.01,38.69
-89.98,38.68
-75.26,40.28
-77.40,37.27
-77.40,37.24
-104.83,38.87
-104.82,38.81
-104.82,38.83
-104.80,38.95
-104.80,38.79
-104.80,38.84
-104.76,38.94
-104.76,38.83
-104.75,38.89
-104.72,38.87
-117.32,34.07
-117.31,34.05
-87.07,35.61
-86.90,35.64
-81.17,34.07
-81.12,34.03
-81.12,34.04
-81.04,34.03
-81.03,34.00
-81.00,34.04
-80.99,33.96
-80.98,33.99
-80.96,34.06
-80.93,34.09
-80.92,33.95
-80.89,34.11
-76.84,39.18
-76.81,39.23
-76.51,40.04
-85.49,41.17
-114.20,48.37
-93.25,45.04
-80.70,40.90
-97.36,41.44
-97.36,41.44
-96.54,29.69
-89.03,43.35
-88.37,33.49
-85.96,39.30
-85.95,39.20
-85.89,39.22
-84.97,32.51
-84.96,32.47
-84.96,32.52
-84.95,32.55
-84.94,32.51
-84.94,32.48
-84.92,32.46
-84.89,32.52
-83.15,39.98
-83.15,39.95
-83.10,39.95
-83.09,40.07
-83.09,40.10
-83.05,39.93
-83.04,39.96
-83.03,39.99
-83.03,40.03
-83.00,40.03
-83.00,39.96
-83.00,39.89
-82.97,40.09
-82.96,40.04
-82.91,39.92
-82.88,39.92
-82.88,39.96
-82.87,40.01
-82.83,39.94
-82.20,35.25
-73.31,40.84
-83.46,34.26
-83.45,42.59
-104.93,39.81
-118.22,33.90
-71.53,43.19
-71.51,43.22
-97.66,39.56
-79.62,39.99
-85.13,39.66
-95.47,30.34
-95.47,30.31
-75.29,40.09
-92.49,35.09
-92.43,35.09
-79.07,33.85
-79.00,33.79
-84.00,33.66
-83.98,33.63
-75.39,40.51
-85.96,43.06
-97.89,31.12
-80.26,25.75
-91.57,41.68
-72.99,40.87
-80.22,40.52
-83.77,31.96
-88.52,34.92
-83.55,34.55
-123.05,45.52
-123.04,45.52
-80.88,35.48
-117.58,33.88
-117.56,33.88
-117.54,33.86
-117.52,33.88
-117.17,32.70
-97.37,27.71
-80.73,41.32
-73.89,41.30
-123.31,44.55
-123.28,44.56
-123.26,44.57
-123.25,44.59
-86.13,38.24
-81.87,40.27
-117.92,33.65
-117.92,33.68
-92.93,44.82
-112.00,34.72
-95.90,41.26
-95.88,41.24
-95.87,41.26
-95.85,41.23
-95.83,41.24
-95.82,41.25
-71.58,41.68
-117.92,34.09
-117.87,34.10
-90.14,30.45
-90.10,30.46
-90.04,30.51
-89.64,35.57
-84.52,39.09
-83.91,33.56
-83.86,33.60
-79.96,37.77
-107.56,40.51
-81.08,35.25
-80.10,40.69
-71.47,41.78
-71.45,41.75
-71.45,41.75
-71.44,41.78
-76.18,40.64
-96.96,40.63
-84.64,38.80
-76.70,38.99
-72.68,41.60
-81.81,38.41
-85.04,35.96
-87.36,41.43
-88.33,42.23
-88.29,42.25
-82.58,28.90
-86.83,34.18
-86.83,34.17
-77.98,38.48
-118.39,34.00
-92.03,45.53
-78.84,39.64
-78.75,39.63
-71.43,41.94
-70.24,43.79
-84.14,34.19
-90.32,29.48
-81.51,41.15
-81.51,41.18
-81.48,41.12
-118.01,33.81
-95.68,29.88
-83.91,34.07
-83.91,34.00
-85.57,40.11
-123.31,44.93
-96.89,32.70
-96.86,32.91
-96.86,32.79
-96.84,32.83
-96.72,32.90
-96.70,32.79
-96.68,32.81
-96.68,32.86
-96.68,32.84
-81.19,35.32
-85.00,34.76
-84.96,34.80
-77.21,39.29
-117.70,33.49
-73.46,41.41
-73.42,41.41
-80.16,26.05
-70.94,42.55
-84.77,37.62
-76.62,40.97
-87.91,30.65
-93.16,35.22
-81.45,31.40
-81.65,28.24
-81.65,28.24
-110.88,32.19
-83.52,43.02
-84.36,34.43
-84.29,39.82
-84.25,39.76
-84.23,39.64
-84.22,39.68
-84.20,39.70
-84.20,39.82
-84.18,39.74
-84.14,39.70
-84.14,39.86
-84.13,39.82
-84.12,39.77
-84.12,39.74
-84.10,39.70
-84.06,39.72
-84.06,39.77
-81.08,29.18
-81.06,29.20
-81.05,29.22
-81.01,29.23
-81.00,29.20
-71.88,41.84
-89.37,43.25
-88.09,44.45
-87.99,44.45
-83.28,42.30
-83.19,42.32
-83.18,42.33
-83.16,42.34
-83.24,42.34
-81.29,28.87
-88.95,39.90
-88.94,39.85
-88.94,39.88
-87.02,34.58
-86.97,34.57
-86.94,34.55
-86.91,34.54
-84.94,40.83
-84.28,33.79
-84.27,33.71
-84.27,33.75
-84.24,33.78
-84.22,33.71
-95.12,29.70
-73.33,40.76
-80.15,26.32
-80.13,26.30
-80.09,26.32
-84.36,41.30
-88.77,41.93
-117.25,32.98
-100.91,29.39
-88.37,43.05
-81.30,29.00
-119.25,35.79
-88.63,42.63
-83.07,40.28
-83.07,40.29
-80.12,26.46
-80.07,26.44
-81.19,28.93
-90.96,30.46
-90.96,30.53
-96.58,33.76
-95.36,42.01
-97.14,33.20
-97.10,33.19
-75.82,38.89
-105.12,39.74
-105.11,39.68
-105.08,39.64
-105.08,39.72
-105.05,39.71
-105.03,39.68
-105.03,39.75
-105.02,39.88
-105.01,39.77
-105.01,39.83
-105.00,39.74
-105.00,39.71
-104.99,39.85
-104.99,39.68
-104.99,39.73
-104.98,39.80
-104.98,39.91
-104.98,39.88
-104.97,39.74
-104.95,39.78
-104.95,39.72
-104.94,39.69
-104.93,39.65
-104.91,39.70
-104.90,39.74
-104.88,39.71
-104.85,39.78
-104.72,39.84
-81.01,35.52
-74.49,40.90
-73.06,41.31
-93.29,30.86
-71.34,42.90
-93.72,41.60
-93.66,41.59
-93.65,41.61
-93.64,41.54
-93.62,41.60
-93.61,41.59
-93.60,41.65
-93.60,41.55
-93.60,41.59
-93.57,41.63
-93.56,41.60
-87.94,42.04
-87.89,42.03
-87.84,42.06
-96.82,32.60
-90.36,29.99
-88.53,30.44
-83.28,42.41
-83.26,42.43
-83.24,42.41
-83.24,42.37
-83.21,42.44
-83.20,42.39
-83.20,42.43
-83.20,42.36
-83.18,42.42
-83.14,42.41
-83.14,42.37
-83.13,42.39
-83.11,42.32
-83.08,42.38
-83.06,42.33
-83.06,42.36
-83.03,42.35
-83.02,42.44
-83.01,42.39
-83.00,42.37
-82.99,42.41
-82.97,42.38
-82.96,42.43
-82.93,42.41
-82.92,42.41
-95.84,46.82
-84.54,42.83
-117.84,33.98
-117.82,34.01
-117.82,34.01
-89.38,30.38
-95.08,29.45
-87.38,36.07
-79.37,34.44
-89.50,41.86
-87.59,41.62
-91.00,30.10
-98.09,26.19
-71.06,42.31
-77.45,37.85
-85.43,31.23
-85.40,31.19
-85.36,31.21
-82.85,31.49
-82.85,31.52
-84.77,33.72
-84.72,33.75
-82.24,28.02
-75.53,39.13
-75.51,39.16
-74.53,40.89
-70.88,43.18
-75.48,39.12
-86.12,41.98
-88.02,41.83
-88.02,41.81
-88.01,41.75
-118.15,33.92
-118.14,33.90
-118.13,33.95
-118.11,33.93
-75.77,40.04
-75.13,40.32
-111.11,43.73
-84.60,38.68
-78.73,41.12
-117.98,34.14
-83.15,40.10
-83.09,40.12
-82.93,32.49
-80.69,37.08
-84.17,34.00
-84.13,33.96
-84.13,34.01
-84.13,33.95
-101.97,35.87
-105.60,39.76
-97.97,34.52
-82.10,34.91
-78.42,40.43
-76.51,39.29
-83.67,41.96
-78.65,35.31
-78.64,35.32
-78.60,35.30
-96.42,33.95
-78.96,35.97
-78.96,35.92
-78.95,36.02
-78.91,36.02
-78.91,36.08
-78.90,35.90
-78.89,35.97
-78.89,36.04
-78.83,35.96
-88.41,41.11
-87.50,41.49
-89.40,36.06
-106.83,39.66
-100.48,28.71
-149.57,61.33
-71.03,42.37
-74.40,40.46
-74.37,40.42
-87.48,41.63
-87.44,41.64
-84.48,34.68
-73.88,40.76
-70.60,41.56
-97.02,47.93
-74.38,40.81
-72.61,41.76
-84.50,42.76
-84.47,42.73
-80.59,40.67
-73.57,40.72
-73.55,40.72
-74.23,40.76
-81.60,29.65
-76.35,40.09
-71.36,41.82
-90.17,38.55
-90.15,38.63
-75.19,41.00
-88.39,42.79
-70.66,41.76
-120.28,47.41
-72.61,41.93
-74.79,40.00
-72.67,42.28
-81.47,41.64
-76.06,38.77
-75.28,40.71
-75.25,40.68
-82.97,42.45
-82.94,42.45
-84.64,39.76
-84.66,42.50
-74.06,40.30
-74.05,40.29
-91.59,44.84
-91.54,44.83
-91.50,44.82
-91.47,44.81
-91.47,44.77
-91.44,44.77
-91.39,44.72
-78.75,40.47
-83.14,42.26
-93.48,44.86
-93.43,44.85
-76.61,36.07
-80.88,28.95
-76.56,38.94
-76.31,39.44
-76.31,39.45
-93.32,44.88
-98.18,26.30
-98.16,26.29
-98.15,26.30
-74.40,40.51
-74.36,40.60
-74.34,40.57
-97.49,35.62
-97.46,35.65
-122.34,47.81
-84.77,41.63
-117.92,34.92
-89.95,38.79
-88.57,39.14
-74.61,39.44
-74.56,39.39
-86.53,30.47
-116.97,32.81
-116.94,32.74
-116.93,32.79
-116.88,32.84
-115.57,32.79
-92.67,33.23
-118.02,34.07
-106.57,31.84
-106.51,31.79
-106.49,31.76
-106.46,31.78
-106.44,31.83
-106.42,31.90
-106.41,31.79
-82.85,34.10
-76.95,39.40
-88.34,42.03
-88.32,42.06
-88.28,42.04
-74.22,40.67
-74.22,40.65
-74.21,40.65
-76.25,36.29
-76.23,36.33
-82.24,36.35
-85.84,37.71
-76.65,40.21
-76.57,40.13
-121.39,38.42
-121.38,38.41
-88.05,42.01
-88.00,42.00
-87.96,42.00
-87.94,42.01
-93.56,45.31
-86.00,41.73
-86.00,41.68
-85.97,41.72
-85.97,41.69
-85.94,41.65
-96.23,41.27
-88.54,42.67
-79.85,38.93
-76.72,39.21
-78.62,38.40
-75.83,39.60
-81.49,38.49
-120.55,46.98
-74.42,41.68
-74.40,41.72
-84.24,33.62
-76.83,39.28
-84.51,34.65
-68.41,44.54
-68.41,44.53
-80.29,40.86
-98.41,29.22
-87.96,41.91
-87.94,41.91
-87.94,41.87
-73.87,40.73
-73.81,41.05
-87.81,41.91
-74.72,39.58
-82.11,41.37
-82.11,41.39
-82.08,41.43
-82.07,41.38
-82.07,41.35
-120.63,39.26
-96.21,38.42
-96.16,38.41
-77.54,36.70
-117.28,33.04
-117.26,33.05
-118.48,34.16
-72.58,42.00
-72.20,43.58
-105.00,39.65
-104.99,39.63
-104.87,39.59
-104.83,39.59
-84.31,39.88
-82.35,26.96
-97.89,36.42
-85.83,31.32
-121.98,47.20
-76.18,40.19
-71.07,43.02
-84.59,39.02
-117.10,33.11
-117.09,33.13
-117.08,33.10
-117.06,33.13
-106.06,36.00
-76.47,39.31
-73.13,44.50
-83.85,43.59
-76.82,40.15
-81.53,41.61
-85.15,31.88
-123.13,44.05
-123.13,44.10
-123.09,44.06
-123.07,44.05
-92.44,30.50
-90.63,38.51
-81.69,28.82
-81.69,28.87
-82.13,33.49
-110.98,41.26
-87.70,42.04
-87.68,42.05
-87.63,37.98
-87.57,38.02
-87.56,37.99
-87.55,38.16
-87.54,37.96
-87.49,37.97
-87.49,38.01
-87.46,37.98
-122.24,47.88
-122.22,47.93
-122.21,47.91
-122.20,47.99
-122.18,47.99
-122.11,48.00
-86.95,31.44
-158.01,21.32
-75.83,37.53
-75.66,40.05
-75.63,40.02
-75.58,41.51
-84.03,39.81
-83.99,39.78
-77.39,38.86
-77.36,38.86
-77.32,38.85
-96.07,31.47
-91.98,41.01
-86.92,33.48
-86.91,33.50
-84.56,39.34
-74.30,40.88
-70.89,41.64
-87.89,30.51
-81.62,41.13
-74.86,40.18
-80.15,39.48
-89.98,38.59
-81.87,41.44
-71.16,41.67
-71.15,41.72
-71.15,41.70
-117.25,33.38
-118.80,39.48
-77.18,38.89
-95.60,40.06
-76.39,39.49
-96.84,46.86
-96.82,46.86
-96.80,46.85
-96.80,46.90
-93.29,44.30
-73.42,40.75
-111.91,41.00
-93.15,44.64
-90.43,37.79
-83.37,42.46
-83.36,42.51
-70.16,44.63
-73.02,40.83
-78.40,37.29
-77.59,35.58
-87.83,33.70
-84.45,33.46
-79.02,35.04
-79.01,35.07
-78.97,35.07
-78.96,35.04
-78.93,35.07
-78.90,35.02
-78.88,35.13
-78.86,35.05
-78.82,35.01
-104.86,41.14
-74.98,40.13
-75.00,40.15
-122.32,47.29
-122.31,47.32
-90.47,38.52
-90.44,38.50
-83.74,42.79
-83.71,42.81
-96.12,46.29
-96.12,46.29
-96.06,46.28
-85.59,38.15
-83.16,42.45
-90.40,38.21
-118.91,34.40
-83.66,41.06
-83.62,41.05
-86.04,39.96
-73.90,41.54
-71.79,42.59
-71.77,42.58
-81.16,29.48
-111.66,35.18
-83.29,42.10
-74.86,40.50
-83.77,43.00
-83.77,43.06
-83.73,43.00
-83.73,43.05
-83.73,42.99
-83.69,43.09
-83.69,42.95
-83.65,42.99
-88.49,38.68
-73.70,40.74
-111.39,33.02
-111.39,33.03
-87.67,34.84
-87.66,34.82
-84.66,38.98
-84.64,38.99
-84.63,39.02
-79.81,34.19
-79.80,34.23
-79.77,34.17
-79.70,34.20
-90.34,38.79
-90.30,38.81
-73.83,40.76
-73.83,40.74
-73.82,40.72
-82.01,30.84
-80.60,40.34
-121.19,38.64
-88.47,43.78
-117.44,34.11
-117.44,34.07
-89.49,32.36
-79.30,37.35
-81.89,35.34
-93.00,45.28
-84.38,33.62
-76.91,38.85
-90.79,35.03
-88.86,42.94
-77.16,38.71
-84.96,32.37
-84.91,32.38
-104.79,38.76
-105.10,40.55
-105.08,40.53
-105.08,40.61
-105.01,40.58
-77.42,39.44
-94.16,42.50
-84.32,33.62
-82.12,33.40
-82.46,43.04
-85.95,37.90
-80.36,26.12
-80.35,26.06
-80.32,26.14
-80.31,26.15
-80.31,26.06
-80.28,26.11
-80.26,26.17
-80.25,26.05
-80.25,26.19
-80.23,26.06
-80.23,26.07
-80.19,26.08
-80.18,26.19
-80.17,26.17
-80.16,26.14
-80.16,26.20
-80.15,26.12
-80.15,26.12
-80.15,26.17
-80.14,26.11
-80.14,26.10
-80.13,26.19
-80.10,26.19
-94.92,39.34
-77.35,37.23
-73.98,40.83
-104.82,40.08
-76.73,39.11
-80.97,35.03
-84.58,39.05
-84.53,39.03
-114.60,35.02
-88.12,30.70
-103.77,40.27
-81.90,26.56
-81.89,26.52
-81.87,26.60
-81.87,26.55
-81.83,26.47
-81.83,26.67
-81.81,26.61
-81.80,26.55
-85.25,34.95
-85.75,34.44
-85.73,34.44
-80.39,27.42
-80.35,27.44
-80.33,27.43
-80.33,27.38
-149.71,61.25
-96.82,39.10
-96.76,39.09
-98.44,29.46
-98.42,34.67
-98.39,34.65
-102.88,30.91
-83.88,32.56
-86.60,30.44
-88.65,30.39
-85.28,41.07
-85.24,41.13
-85.22,41.06
-85.20,41.07
-85.16,41.05
-85.14,41.10
-85.14,41.18
-85.14,41.08
-85.13,41.04
-85.10,41.18
-85.06,41.12
-97.43,32.81
-83.42,41.17
-104.74,38.75
-111.73,33.61
-82.22,34.70
-117.95,33.73
-88.18,42.40
-71.41,42.28
-71.40,42.30
-83.74,43.34
-87.85,41.51
-86.48,40.28
-84.89,38.18
-91.51,29.81
-86.82,35.96
-86.56,36.67
-86.05,39.46
-86.02,39.48
-83.39,35.18
-79.83,41.40
-76.95,36.67
-74.58,41.12
-71.42,42.09
-87.88,41.93
-87.85,41.94
-77.46,39.42
-77.41,39.39
-77.53,38.25
-77.51,38.30
-77.51,38.35
-77.50,38.23
-77.49,38.19
-77.44,38.29
-74.28,40.24
-74.27,40.22
-84.12,43.52
-89.64,42.30
-89.63,42.28
-96.50,41.45
-96.47,41.45
-85.97,43.47
-83.17,41.28
-83.13,41.36
-93.26,45.07
-95.19,29.51
-95.15,29.54
-96.80,33.15
-78.19,38.91
-78.91,39.64
-108.74,39.16
-117.98,33.86
-117.92,33.86
-117.89,33.87
-91.97,38.85
-88.40,34.25
-86.81,33.61
-85.99,34.01
-81.75,35.17
-81.71,35.08
-81.66,35.09
-83.85,34.29
-83.83,34.32
-83.83,34.30
-83.82,34.29
-82.44,29.69
-82.34,29.65
-82.32,29.67
-77.61,38.79
-77.19,39.12
-77.18,39.12
-77.16,39.16
-82.80,40.73
-82.17,38.83
-108.76,35.53
-121.29,38.25
-94.83,29.29
-94.83,29.27
-76.68,39.04
-76.02,39.99
-116.28,43.67
-83.32,42.33
-73.62,40.74
-73.61,40.73
-118.03,33.78
-117.96,33.78
-117.95,33.76
-117.92,33.78
-118.31,33.90
-118.31,33.87
-86.81,33.66
-71.99,42.57
-119.74,38.94
-96.70,32.92
-96.63,32.91
-78.60,35.69
-78.57,35.61
-74.32,40.65
-87.36,41.56
-87.35,41.60
-87.34,41.53
-87.24,41.60
-77.57,36.45
-81.23,35.28
-81.22,35.26
-81.17,35.23
-81.12,35.26
-83.52,35.71
-88.66,30.39
-90.99,30.27
-98.03,28.34
-84.56,38.19
-79.29,33.38
-75.40,38.70
-89.84,35.10
-89.81,35.09
-88.13,43.19
-77.27,39.18
-77.27,39.18
-77.26,39.18
-77.20,39.84
-75.26,39.82
-122.66,47.39
-122.59,47.32
-112.72,32.95
-111.81,33.38
-111.79,33.36
-111.76,33.31
-111.76,33.34
-74.48,40.67
-87.97,40.77
-80.70,41.15
-85.92,37.00
-75.11,39.71
-72.62,41.73
-77.61,37.65
-77.46,37.67
-76.64,39.13
-76.62,39.17
-73.62,40.86
-80.74,39.96
-88.06,41.86
-94.13,44.77
-118.29,34.17
-118.26,34.15
-118.26,34.13
-118.24,34.14
-112.36,33.54
-112.27,33.51
-112.22,33.64
-112.22,33.64
-112.22,33.54
-112.20,33.67
-112.20,33.58
-112.19,33.51
-112.18,33.61
-112.17,33.57
-112.15,33.54
-88.08,41.94
-73.64,43.31
-87.80,42.09
-87.64,41.55
-107.36,39.56
-76.53,37.40
-105.33,39.70
-105.22,39.75
-93.36,44.97
-78.01,35.36
-77.97,35.39
-77.96,35.37
-112.36,33.45
-80.04,33.00
-80.00,32.97
-78.21,37.98
-71.18,44.39
-70.44,43.68
-85.90,41.62
-85.86,41.59
-85.80,41.56
-74.34,41.40
-87.96,43.31
-80.04,39.34
-71.70,42.22
-79.40,36.06
-90.69,30.05
-118.52,34.26
-97.79,32.43
-83.63,42.93
-97.08,47.93
-97.07,47.89
-97.06,47.90
-97.05,47.91
-86.22,43.05
-98.38,40.94
-98.35,40.92
-98.34,40.91
-108.60,39.09
-108.57,39.07
-108.54,39.08
-108.54,39.11
-108.54,39.04
-84.74,42.74
-97.04,32.67
-85.70,42.99
-85.69,43.01
-85.69,43.01
-85.68,42.97
-94.52,38.89
-85.78,42.89
-85.78,42.91
-86.12,41.75
-121.23,38.74
-90.12,38.72
-107.87,35.16
-79.10,39.69
-121.04,39.24
-90.78,29.68
-82.41,36.39
-88.00,42.34
-111.32,47.52
-111.28,47.49
-104.74,40.40
-104.72,40.42
-104.70,40.39
-88.07,44.49
-88.07,44.52
-88.06,44.56
-87.97,44.49
-74.48,40.60
-76.86,38.99
-84.86,39.12
-82.80,36.18
-87.95,42.96
-85.92,39.82
-85.77,39.81
-83.38,39.35
-72.59,42.61
-79.87,36.07
-79.87,36.03
-79.84,36.01
-79.84,36.05
-79.77,36.04
-85.48,39.35
-79.55,40.28
-79.51,40.30
-73.63,40.81
-96.11,33.12
-91.04,33.38
-88.51,44.27
-84.62,40.11
-82.46,34.87
-82.42,34.82
-82.41,34.89
-82.40,34.84
-82.38,34.80
-82.37,34.83
-82.35,34.88
-82.34,34.82
-82.34,34.85
-82.33,34.87
-82.27,34.82
-82.26,34.86
-80.36,41.41
-77.39,35.61
-77.38,35.58
-77.37,35.65
-77.34,35.60
-77.33,35.56
-71.53,41.87
-91.03,30.51
-90.20,33.52
-86.16,39.61
-86.16,39.62
-86.12,39.64
-86.11,39.60
-82.18,34.21
-82.15,34.18
-82.15,34.21
-82.25,34.87
-82.25,34.95
-82.16,34.89
-82.10,28.03
-89.82,33.77
-122.44,45.50
-122.41,45.50
-90.03,29.90
-121.69,39.36
-84.27,33.25
-87.43,41.54
-87.41,41.55
-72.06,41.35
-83.08,39.89
-83.06,39.88
-80.11,41.17
-87.78,31.70
-120.61,35.12
-87.08,30.39
-87.69,30.27
-89.10,30.45
-89.10,30.44
-89.09,30.38
-89.09,30.43
-89.03,30.40
-86.31,34.34
-87.93,42.38
-97.50,35.88
-117.96,34.01
-117.93,33.99
-74.04,40.90
-74.82,40.84
-74.79,40.85
-72.55,42.36
-81.64,28.12
-74.18,40.93
-88.05,42.94
-87.60,34.24
-77.67,36.36
-72.93,41.34
-72.92,41.37
-87.99,34.12
-79.70,34.89
-82.10,38.28
-90.50,30.51
-90.48,30.50
-90.46,30.48
-87.51,41.61
-87.48,41.57
-87.46,41.59
-74.80,39.64
-74.79,39.65
-88.51,42.15
-76.87,39.64
-84.33,33.45
-81.10,32.86
-76.42,37.03
-76.39,37.05
-76.38,37.05
-76.36,37.04
-76.34,37.02
-76.33,37.06
-70.83,42.94
-91.39,39.73
-88.54,30.37
-77.00,39.82
-70.85,42.15
-88.15,42.01
-122.58,45.46
-118.31,33.79
-81.08,32.18
-95.34,41.65
-97.72,26.19
-97.67,26.17
-80.13,40.81
-88.53,37.74
-76.88,40.28
-76.83,40.25
-76.81,40.27
-76.80,40.31
-76.79,40.32
-84.80,39.26
-74.15,40.75
-78.89,38.42
-78.87,38.45
-79.97,41.20
-72.71,41.75
-72.71,41.73
-72.71,41.77
-72.67,41.77
-72.67,41.74
-72.66,41.79
-85.37,40.47
-83.75,42.63
-86.94,34.45
-80.07,34.36
-81.35,40.97
-82.92,34.35
-90.09,29.90
-90.08,29.87
-90.05,29.87
-87.64,41.59
-74.30,41.02
-98.39,40.60
-98.39,40.58
-92.85,44.72
-75.11,40.18
-89.37,31.32
-89.34,31.35
-89.31,31.31
-73.22,40.81
-84.42,30.62
-76.94,34.91
-76.91,34.88
-71.10,42.81
-75.30,39.97
-76.11,39.55
-118.07,33.83
-118.37,33.92
-118.34,33.92
-76.51,37.31
-83.10,42.46
-90.40,31.88
-82.60,31.86
-74.16,40.44
-76.00,40.97
-75.98,40.96
-75.97,40.98
-82.44,40.03
-92.03,35.51
-87.30,41.29
-87.20,41.33
-84.71,39.08
-82.48,39.94
-112.02,46.59
-111.99,46.59
-116.99,33.75
-79.45,33.76
-73.70,40.64
-73.63,40.71
-73.61,40.71
-115.10,36.04
-115.04,36.06
-94.79,32.15
-88.63,35.44
-87.57,37.87
-78.46,36.31
-78.41,36.32
-78.40,36.30
-78.39,36.35
-82.51,35.40
-82.47,35.33
-82.45,35.34
-82.44,35.30
-102.41,34.82
-80.47,41.23
-80.45,41.23
-82.45,28.90
-77.38,38.97
-89.03,37.79
-117.38,34.43
-117.35,34.31
-117.29,34.42
-80.33,25.91
-80.33,25.88
-80.31,25.93
-80.31,25.94
-80.30,25.87
-80.29,25.93
-80.27,25.80
-80.27,25.87
-80.27,25.83
-80.33,25.86
-81.36,35.72
-81.30,35.71
-81.28,35.75
-87.82,41.72
-80.03,35.94
-79.98,35.93
-117.20,34.14
-87.47,41.55
-87.47,41.53
-83.58,42.65
-73.96,41.72
-118.18,34.12
-87.80,42.15
-83.10,42.40
-105.03,39.55
-104.95,39.55
-104.88,39.56
-74.54,40.27
-111.98,41.11
-83.16,40.03
-83.12,40.03
-122.96,45.53
-122.96,45.51
-97.09,32.01
-97.05,47.41
-74.66,40.47
-74.64,40.51
-84.64,41.93
-74.23,40.70
-155.08,19.72
-80.76,32.16
-80.73,32.21
-92.93,46.01
-81.61,31.85
-81.60,31.85
-84.76,33.89
-85.24,35.13
-87.24,41.55
-103.14,32.73
-71.01,42.13
-86.12,42.80
-86.12,42.77
-86.11,42.80
-86.09,42.81
-86.08,42.78
-83.70,41.61
-80.37,26.01
-80.30,26.01
-80.26,26.02
-80.21,26.02
-80.19,26.03
-80.15,26.01
-80.12,26.01
-75.32,39.90
-84.53,42.65
-95.75,39.46
-72.63,42.19
-80.48,25.45
-80.46,25.48
-80.43,25.52
-82.58,28.80
-82.39,34.45
-157.92,21.36
-157.91,21.34
-157.88,21.32
-157.87,21.31
-157.86,21.31
-157.85,21.30
-157.83,21.28
-157.82,21.27
-157.82,21.29
-157.71,21.29
-71.44,43.06
-93.60,33.68
-86.36,32.27
-78.96,34.99
-77.33,37.26
-74.76,40.39
-93.44,44.97
-93.40,44.92
-75.12,40.18
-93.06,34.47
-93.06,34.48
-93.05,34.50
-93.06,34.65
-90.75,29.61
-90.74,29.59
-95.65,29.85
-95.64,29.69
-95.64,29.74
-95.64,29.89
-95.61,29.92
-95.61,29.74
-95.60,29.77
-95.60,29.68
-95.59,29.70
-95.59,30.01
-95.57,29.98
-95.57,29.65
-95.56,29.81
-95.56,29.73
-95.55,29.68
-95.54,29.79
-95.54,29.72
-95.53,29.74
-95.51,29.66
-95.50,29.83
-95.50,29.99
-95.50,29.92
-95.49,29.80
-95.49,29.74
-95.47,29.86
-95.46,29.80
-95.45,29.73
-95.44,30.02
-95.43,29.81
-95.42,29.95
-95.42,29.73
-95.41,29.92
-95.41,29.79
-95.41,29.71
-95.40,29.68
-95.40,29.81
-95.39,29.74
-95.39,29.94
-95.38,29.83
-95.38,29.83
-95.36,29.76
-95.36,29.80
-95.36,29.76
-95.36,29.67
-95.35,29.72
-95.35,29.94
-95.34,29.69
-95.34,29.79
-95.33,29.87
-95.32,29.81
-95.31,29.90
-95.31,29.77
-95.31,29.74
-95.30,29.70
-95.28,29.60
-95.28,29.71
-95.27,29.74
-95.24,29.64
-95.23,29.68
-95.23,29.63
-95.21,29.77
-95.21,29.59
-95.19,29.79
-73.84,40.66
-83.91,42.60
-74.23,40.14
-80.57,41.18
-92.72,44.96
-81.48,35.86
-71.57,42.38
-71.43,42.73
-71.41,42.77
-85.86,42.85
-95.38,30.02
-95.27,30.01
-95.17,30.00
-88.91,35.84
-76.69,40.27
-80.87,35.44
-78.01,40.48
-85.50,40.89
-82.46,38.42
-82.42,38.42
-82.39,38.41
-73.42,40.87
-73.42,40.83
-73.42,40.86
-73.34,40.83
-118.00,33.66
-117.99,33.72
-117.99,33.68
-117.95,33.68
-95.57,30.72
-95.56,30.72
-86.69,34.70
-86.68,34.75
-86.64,34.75
-86.63,34.72
-86.60,34.74
-86.59,34.77
-86.58,34.73
-86.58,34.72
-86.57,34.64
-86.57,34.61
-86.54,34.80
-98.21,44.34
-82.59,41.41
-81.94,38.45
-97.19,32.84
-94.39,44.89
-88.54,30.98
-70.29,41.65
-76.98,38.98
-76.91,38.94
-76.89,38.91
-76.86,38.92
-112.06,43.50
-112.01,43.51
-111.99,43.48
-83.07,43.01
-81.43,26.43
-117.11,32.58
-94.45,39.05
-94.41,39.04
-94.38,39.08
-94.38,39.12
-94.36,39.05
-91.90,42.47
-81.68,41.36
-80.66,35.08
-79.18,40.61
-79.12,40.64
-86.31,39.78
-86.29,39.76
-86.28,39.82
-86.27,39.75
-86.27,39.74
-86.27,39.80
-86.27,39.91
-86.26,39.77
-86.25,39.82
-86.25,39.75
-86.24,39.88
-86.24,39.82
-86.24,39.85
-86.23,39.72
-86.22,39.81
-86.22,39.91
-86.22,39.79
-86.19,39.78
-86.16,39.82
-86.15,39.77
-86.15,39.75
-86.15,39.72
-86.14,39.65
-86.14,39.91
-86.14,39.69
-86.12,39.78
-86.12,39.85
-86.12,39.71
-86.12,39.74
-86.11,39.93
-86.11,39.76
-86.10,39.77
-86.10,39.67
-86.09,39.86
-86.08,39.83
-86.07,39.88
-86.06,39.80
-86.06,39.91
-86.05,39.89
-86.05,39.80
-86.04,39.77
-86.03,39.93
-86.03,39.83
-86.02,39.75
-85.99,39.77
-85.99,39.83
-85.96,39.87
-93.56,41.37
-90.64,33.46
-80.47,27.02
-116.24,33.71
-118.35,33.96
-118.35,33.95
-118.33,33.95
-82.07,35.04
-82.33,28.83
-95.41,37.93
-85.07,42.98
-91.53,41.65
-81.18,34.10
-82.68,38.53
-117.83,33.70
-117.83,33.68
-117.79,33.71
-117.74,33.64
-97.01,32.83
-96.99,32.86
-96.98,32.84
-74.23,40.73
-74.23,40.72
-79.69,40.32
-80.63,24.92
-122.06,47.55
-88.03,41.97
-84.59,43.29
-82.66,34.31
-82.66,34.31
-120.80,38.36
-94.99,43.63
-90.26,32.27
-90.17,32.35
-90.17,32.30
-90.15,32.37
-89.64,37.43
-88.86,35.69
-88.85,35.66
-88.83,35.66
-88.82,35.61
-84.45,42.27
-84.42,42.26
-84.38,42.25
-84.38,42.20
-83.96,33.29
-82.63,39.04
-74.26,40.12
-73.88,40.75
-92.14,34.89
-92.13,34.87
-92.11,34.88
-90.24,39.72
-85.76,33.82
-82.04,30.14
-81.77,30.25
-81.76,30.34
-81.74,30.26
-81.74,30.20
-81.73,30.33
-81.70,30.31
-81.69,30.35
-81.68,30.49
-81.68,30.39
-81.66,30.33
-81.65,30.35
-81.65,30.33
-81.63,30.47
-81.63,30.18
-81.63,30.12
-81.62,30.30
-81.62,30.27
-81.62,30.20
-81.60,30.35
-81.56,30.27
-81.56,30.18
-81.55,30.35
-81.55,30.33
-81.51,30.06
-81.46,30.26
-81.46,30.32
-77.45,34.75
-77.41,34.77
-77.38,34.74
-81.44,30.29
-81.39,30.29
-73.81,40.70
-73.80,40.71
-73.79,40.71
-73.77,40.66
-98.72,46.88
-89.03,42.65
-89.02,42.69
-89.00,42.71
-93.99,30.91
-87.27,33.85
-86.94,38.42
-84.42,34.46
-115.43,35.83
-83.53,34.06
-92.21,38.58
-83.49,36.12
-85.73,38.29
-83.61,39.62
-85.83,42.91
-92.66,30.25
-73.57,40.78
-73.53,40.78
-114.52,42.70
-74.09,40.72
-74.08,40.71
-74.07,40.73
-74.06,40.73
-74.05,40.75
-74.04,40.72
-74.04,40.73
-74.04,40.73
-90.32,39.11
-76.81,39.15
-76.79,39.17
-81.91,31.60
-82.47,36.41
-82.41,36.39
-82.38,36.34
-82.37,36.31
-82.34,36.31
-93.74,41.66
-71.50,41.82
-71.49,41.86
-78.96,40.32
-78.92,40.33
-78.86,40.27
-78.84,40.30
-88.17,41.50
-88.16,41.58
-88.14,41.52
-88.13,41.55
-88.12,41.52
-88.08,41.52
-88.07,41.53
-90.68,35.83
-90.66,35.74
-84.37,33.58
-84.36,33.52
-84.32,33.56
-82.47,36.30
-93.64,44.67
-96.83,39.04
-96.82,39.02
-80.10,26.93
-156.47,20.89
-156.46,20.88
-157.75,21.42
-156.00,19.64
-156.00,19.64
-85.68,42.24
-85.66,42.30
-85.64,42.27
-85.59,42.29
-85.59,42.26
-114.28,48.21
-157.80,21.40
-87.86,41.12
-80.61,35.51
-94.67,39.09
-94.67,39.12
-94.61,39.05
-94.59,39.00
-94.59,39.06
-94.58,38.93
-94.58,39.24
-94.57,39.04
-94.55,39.20
-94.50,39.13
-94.48,39.15
-94.47,38.99
-94.46,39.24
-159.34,22.08
-158.08,21.34
-92.75,44.03
-95.75,29.77
-88.27,44.28
-94.37,39.37
-74.16,40.76
-83.33,42.61
-72.29,42.92
-122.90,46.14
-85.25,41.45
-70.56,43.40
-90.24,30.02
-84.62,34.02
-84.59,34.00
-84.56,34.06
-90.04,36.24
-75.68,39.86
-87.95,42.57
-87.89,42.57
-87.86,42.59
-87.85,42.56
-87.84,42.63
-87.83,42.60
-82.57,38.40
-82.57,38.40
-77.11,39.04
-72.77,41.64
-122.30,47.39
-122.25,47.38
-122.23,47.40
-122.20,47.38
-122.11,47.36
-81.36,41.14
-81.35,41.15
-87.44,40.77
-83.59,40.65
-80.11,36.07
-84.13,39.69
-80.44,25.09
-81.81,24.56
-78.99,39.43
-78.48,37.04
-75.65,36.00
-97.72,31.13
-103.66,41.23
-77.08,38.34
-75.39,40.09
-75.38,40.09
-114.01,35.22
-81.66,30.79
-75.90,41.26
-70.72,41.99
-97.86,27.52
-95.23,30.05
-95.18,30.05
-77.61,35.27
-77.59,35.29
-77.58,35.24
-122.19,47.71
-92.58,40.22
-81.60,28.34
-81.52,28.33
-81.48,28.33
-81.46,28.30
-81.45,28.15
-70.73,43.11
-85.56,39.84
-86.62,41.29
-84.09,35.92
-84.06,35.92
-84.02,35.93
-84.00,35.96
-83.97,36.01
-83.92,36.00
-83.91,35.95
-83.87,36.03
-83.85,35.91
-83.78,36.00
-86.13,40.45
-86.13,40.45
-86.12,40.43
-86.11,40.48
-87.03,41.32
-75.74,40.54
-97.87,29.99
-97.84,30.05
-81.44,26.76
-81.44,26.76
-118.26,34.23
-87.87,41.78
-85.37,38.40
-117.97,33.94
-117.96,33.92
-118.01,33.92
-118.04,33.86
-76.98,38.53
-95.03,29.65
-86.73,41.60
-86.69,41.62
-117.97,34.03
-117.95,34.05
-96.04,41.19
-122.82,47.00
-122.77,47.06
-71.45,43.56
-117.64,33.56
-80.10,32.99
-81.94,28.94
-105.10,40.00
-92.06,30.20
-92.01,30.27
-91.98,30.17
-86.90,40.38
-86.90,40.39
-86.87,40.43
-86.87,40.40
-86.87,40.43
-86.86,40.42
-86.85,40.39
-86.83,40.42
-85.07,33.03
-85.03,33.07
-84.98,33.04
-117.71,33.61
-117.69,33.55
-117.69,33.56
-156.68,20.87
-82.34,30.02
-93.22,30.20
-93.18,30.21
-93.18,30.25
-92.28,44.46
-84.35,33.62
-82.71,30.18
-79.76,33.87
-89.79,43.60
-117.34,33.69
-117.30,33.66
-117.72,33.63
-87.84,42.26
-88.43,42.59
-73.13,40.87
-73.12,40.88
-114.35,34.48
-118.48,35.62
-95.46,29.05
-81.35,28.76
-81.30,28.76
-83.24,42.77
-83.22,30.68
-81.36,27.30
-87.24,41.58
-122.09,47.98
-81.60,27.90
-80.20,26.62
-80.15,26.62
-80.15,26.59
-80.09,26.59
-80.09,26.62
-80.06,26.60
-80.06,26.62
-88.10,42.19
-74.32,40.01
-81.97,28.00
-81.97,28.08
-81.96,28.00
-81.91,28.01
-81.91,28.05
-116.92,32.86
-109.95,34.13
-93.29,44.70
-122.52,47.17
-118.16,33.83
-118.14,33.85
-118.14,33.85
-105.20,39.73
-105.07,39.74
-81.80,41.48
-81.77,41.48
-74.22,40.05
-102.62,38.10
-83.63,41.75
-118.20,34.66
-118.16,34.68
-118.15,34.70
-82.62,39.73
-82.57,39.71
-80.78,34.73
-76.39,40.05
-76.36,40.04
-76.33,40.03
-76.31,40.06
-76.27,40.04
-76.20,40.02
-82.16,35.18
-74.92,40.16
-74.87,40.18
-76.86,38.96
-74.17,39.87
-75.29,40.23
-76.68,39.24
-75.25,39.94
-94.90,39.26
-87.56,41.57
-87.56,41.59
-84.66,42.74
-84.60,42.73
-84.59,42.77
-84.57,42.70
-84.55,42.68
-84.55,42.74
-84.54,42.76
-84.52,42.68
-84.51,42.74
-83.32,43.04
-90.48,30.07
-105.56,41.31
-99.51,27.59
-99.50,27.53
-99.50,27.54
-99.50,27.55
-99.50,27.55
-99.48,27.53
-82.83,27.88
-82.79,27.93
-82.78,27.89
-82.75,27.92
-82.73,27.89
-106.78,32.30
-106.77,32.30
-106.75,32.32
-115.30,36.09
-115.12,36.06
-115.10,36.10
-105.21,35.60
-105.21,35.61
-79.39,40.20
-79.32,40.29
-114.57,35.16
-108.77,45.67
-108.76,45.66
-89.15,31.71
-76.85,39.09
-76.81,39.10
-82.04,34.52
-81.97,34.51
-83.12,34.45
-118.35,33.90
-95.25,38.94
-95.25,38.97
-95.23,38.99
-73.74,40.63
-84.92,38.03
-84.08,33.98
-84.06,33.95
-84.01,33.96
-83.98,33.94
-98.43,34.62
-98.41,34.54
-98.40,34.59
-98.38,34.66
-112.00,41.09
-111.98,41.07
-95.11,29.50
-95.06,29.54
-120.66,47.60
-94.91,39.30
-122.91,44.53
-86.49,40.03
-86.47,40.07
-85.26,37.57
-82.05,36.90
-76.45,40.34
-76.40,40.34
-86.56,33.56
-86.52,33.56
-94.38,38.94
-94.36,38.92
-94.36,38.98
-81.78,28.82
-77.54,39.11
-81.55,33.90
-81.65,26.61
-75.73,40.82
-86.29,37.47
-117.05,32.74
-88.00,41.65
-76.89,40.24
-94.73,38.97
-81.52,35.91
-73.25,42.45
-76.21,40.09
-71.78,42.55
-71.74,42.53
-102.37,33.58
-74.88,40.13
-74.83,40.17
-83.02,40.16
-86.78,35.46
-80.46,37.78
-76.89,40.96
-70.22,44.10
-70.20,44.08
-70.20,44.10
-70.20,44.12
-77.39,39.44
-96.99,33.03
-88.41,35.66
-84.55,38.05
-84.55,38.00
-84.52,37.99
-84.52,38.01
-84.50,37.97
-84.48,38.07
-84.45,38.01
-81.26,33.98
-81.24,33.99
-81.16,33.97
-80.26,35.78
-80.25,35.82
-79.41,37.80
-76.46,38.26
-94.80,30.06
-74.73,41.78
-87.96,42.30
-87.95,42.26
-85.59,41.46
-159.38,21.97
-84.14,33.90
-84.07,33.84
-84.06,33.89
-78.80,35.42
-84.15,40.77
-84.15,40.70
-84.11,40.77
-84.07,40.73
-121.29,38.89
-96.71,40.84
-96.70,40.82
-96.70,40.77
-96.70,40.79
-96.68,40.81
-96.68,40.85
-96.67,40.76
-96.65,40.78
-96.65,40.83
-96.64,40.86
-124.02,44.96
-83.19,42.25
-83.18,42.23
-81.24,35.49
-88.05,42.42
-73.38,40.71
-76.66,39.22
-87.10,39.04
-88.08,41.79
-94.53,45.13
-89.68,39.18
-69.84,44.20
-84.61,33.78
-84.17,33.71
-84.09,33.70
-76.30,40.14
-88.07,30.83
-94.35,45.98
-74.24,40.88
-74.21,40.88
-74.21,40.88
-73.73,40.76
-78.62,33.88
-92.41,34.75
-92.41,34.71
-92.40,34.77
-92.37,34.75
-92.34,34.72
-92.34,34.68
-92.32,34.75
-117.98,34.52
-105.11,39.57
-105.11,39.62
-105.09,39.64
-105.03,39.62
-104.99,39.57
-71.79,44.31
-94.95,30.71
-88.19,32.62
-74.36,40.78
-83.39,42.37
-83.33,42.40
-83.33,42.43
-83.32,42.37
-80.28,25.93
-80.24,25.94
-80.24,25.90
-121.15,38.16
-88.04,41.59
-84.12,33.35
-77.75,38.35
-74.09,40.88
-111.83,41.74
-111.83,41.75
-82.43,39.54
-82.00,37.84
-86.33,40.76
-83.89,33.83
-88.03,41.90
-88.01,41.86
-87.99,41.89
-120.46,34.66
-83.44,39.90
-71.34,42.87
-118.19,33.77
-118.19,33.80
-118.19,33.87
-118.17,33.86
-118.14,33.79
-118.13,33.81
-89.14,30.35
-73.66,40.59
-93.57,44.99
-94.86,45.98
-105.13,40.15
-105.10,40.19
-104.98,40.16
-122.96,46.15
-122.94,46.13
-94.78,32.53
-94.71,32.45
-81.36,28.70
-81.33,28.70
-121.19,38.82
-82.20,41.45
-82.20,41.42
-82.13,41.47
-82.12,41.43
-77.23,38.71
-118.07,33.80
-118.46,34.04
-118.45,34.06
-118.44,33.99
-118.42,34.02
-118.39,33.95
-118.38,33.96
-118.38,34.05
-118.37,33.98
-118.34,34.05
-118.34,34.10
-118.34,34.06
-118.34,34.10
-118.33,34.03
-118.33,33.99
-118.31,34.10
-118.31,34.09
-118.31,33.93
-118.31,34.01
-118.30,34.06
-118.30,33.96
-118.29,34.07
-118.29,34.04
-118.29,34.02
-118.28,33.97
-118.28,33.95
-118.27,34.05
-118.27,34.06
-118.27,34.03
-118.27,33.92
-118.26,34.02
-118.26,34.08
-118.26,34.05
-118.26,34.04
-118.26,34.04
-118.25,33.96
-118.25,34.12
-118.24,33.94
-118.24,34.06
-118.24,34.03
-118.24,33.97
-118.22,34.02
-118.22,34.09
-118.22,34.14
-118.20,34.06
-118.20,34.03
-118.17,34.06
-118.16,34.00
-118.16,34.04
-118.16,34.03
-118.12,33.98
-106.70,34.81
-82.60,38.09
-94.69,38.62
-78.30,36.09
-105.13,39.99
-85.84,38.15
-85.81,38.19
-85.80,38.25
-85.77,38.14
-85.75,38.21
-85.75,38.25
-85.71,38.17
-85.69,38.22
-85.67,38.09
-85.65,38.25
-85.64,38.14
-85.63,38.23
-85.63,38.22
-85.61,38.19
-85.59,38.21
-85.59,38.14
-85.58,38.23
-85.54,38.30
-85.54,38.22
-85.52,38.24
-81.26,40.84
-105.11,40.41
-105.08,40.42
-89.03,42.32
-87.40,41.29
-71.32,42.63
-71.31,42.65
-71.30,42.66
-80.29,26.78
-101.95,33.58
-101.92,33.55
-101.90,33.52
-101.87,33.53
-101.87,33.59
-101.87,33.58
-101.86,33.55
-88.60,30.90
-116.97,34.47
-86.42,43.96
-86.41,43.96
-72.48,42.17
-80.66,34.24
-90.35,29.91
-79.09,34.66
-79.05,34.62
-79.00,34.63
-79.00,34.66
-78.98,34.61
-74.79,39.98
-78.49,38.66
-76.63,39.43
-76.62,39.44
-82.50,28.13
-79.28,37.31
-79.24,37.33
-79.22,37.45
-79.18,37.37
-79.17,37.40
-79.13,37.38
-74.12,40.82
-70.96,42.47
-85.65,30.23
-122.30,47.84
-122.29,47.82
-87.83,41.82
-96.11,32.33
-82.12,30.26
-81.52,41.31
-89.05,42.35
-82.93,42.63
-82.86,42.63
-83.73,32.81
-83.70,32.87
-83.70,32.82
-83.69,32.90
-83.63,32.84
-90.13,32.47
-89.50,43.06
-89.45,43.08
-89.40,43.07
-89.39,43.04
-89.35,43.10
-89.33,43.06
-86.75,34.68
-86.74,34.71
-85.40,38.77
-83.48,33.56
-74.40,40.75
-83.09,42.50
-79.12,37.44
-87.51,37.30
-87.50,37.35
-121.14,44.61
-93.23,33.27
-74.15,41.11
-74.15,41.08
-71.04,42.43
-111.19,47.51
-74.31,44.85
-92.90,34.46
-74.24,39.68
-77.52,38.74
-77.52,38.80
-77.50,38.77
-77.47,38.74
-77.46,38.76
-86.05,35.46
-72.55,41.80
-72.55,41.81
-72.54,41.77
-71.51,42.99
-71.48,42.97
-71.45,43.02
-71.45,42.97
-90.10,30.40
-90.08,30.37
-90.04,30.41
-96.61,39.19
-96.58,39.19
-118.40,33.90
-87.69,44.09
-94.04,44.18
-94.02,44.16
-93.97,44.17
-80.20,33.69
-82.59,40.74
-82.56,40.76
-82.54,40.72
-82.51,40.70
-82.48,40.78
-95.40,29.48
-81.57,41.42
-74.97,39.94
-93.02,45.01
-74.27,40.72
-81.70,25.93
-85.20,30.77
-84.64,33.95
-84.62,33.95
-84.60,33.86
-84.56,33.98
-84.56,34.01
-84.53,33.94
-84.49,34.02
-81.44,39.41
-91.59,42.03
-88.97,37.74
-88.91,37.74
-85.68,40.57
-85.67,40.54
-83.12,40.57
-83.09,40.58
-82.01,35.67
-82.01,35.68
-81.50,36.84
-79.39,34.18
-87.69,41.60
-71.61,42.35
-71.51,42.35
-83.08,43.31
-74.92,39.89
-90.11,29.87
-80.04,40.69
-88.71,41.33
-95.77,44.45
-94.35,32.53
-84.98,42.27
-92.91,42.02
-88.88,36.35
-86.42,39.41
-86.65,30.41
-90.46,38.75
-122.18,48.05
-121.59,39.14
-121.58,39.13
-83.39,40.24
-83.35,40.24
-82.50,42.91
-94.87,40.33
-84.46,42.59
-93.24,43.15
-73.44,40.68
-74.89,44.92
-81.52,40.77
-81.49,40.80
-74.25,40.42
-71.10,42.27
-87.72,41.51
-80.70,35.13
-80.70,35.09
-82.31,34.78
-83.69,41.58
-83.68,41.61
-83.66,41.57
-80.94,36.94
-86.36,32.38
-81.45,41.52
-118.20,33.99
-87.83,41.86
-95.75,34.91
-98.30,26.16
-98.25,26.15
-98.23,26.19
-98.23,26.19
-98.22,26.24
-90.48,31.26
-90.47,31.25
-84.21,33.46
-84.18,33.43
-97.41,31.44
-88.28,42.35
-88.27,42.36
-79.35,39.56
-79.83,40.32
-96.63,33.22
-77.23,38.92
-123.18,45.23
-85.74,35.70
-80.21,41.62
-80.15,41.64
-76.99,40.19
-76.98,40.24
-77.40,37.65
-77.34,37.61
-77.33,37.61
-74.83,39.90
-71.10,42.40
-75.44,39.91
-75.38,39.92
-81.86,41.15
-81.79,41.14
-71.42,42.15
-80.65,28.08
-80.61,28.08
-94.81,45.67
-87.88,41.91
-87.85,41.91
-73.41,40.80
-83.19,42.28
-90.03,35.14
-90.03,35.03
-90.02,35.14
-90.01,35.02
-90.01,35.02
-90.00,35.06
-89.99,35.13
-89.99,35.22
-89.98,35.20
-89.94,35.07
-89.94,35.02
-89.93,35.11
-89.91,35.22
-89.91,35.15
-89.91,35.06
-89.90,35.11
-89.89,35.20
-89.89,35.23
-89.89,35.05
-89.86,35.07
-89.86,35.16
-89.85,35.02
-89.84,35.21
-89.83,35.05
-89.78,35.20
-85.77,38.49
-88.42,44.23
-88.09,43.16
-91.93,44.76
-91.92,44.88
-81.38,41.66
-81.36,41.71
-81.33,41.67
-81.30,41.72
-89.92,29.93
-80.25,41.19
-80.16,41.14
-75.08,39.93
-72.78,41.53
-116.39,43.62
-88.69,32.35
-73.56,40.65
-87.37,41.47
-87.34,41.51
-87.31,41.47
-87.31,41.47
-71.50,42.84
-111.88,33.36
-111.87,33.39
-111.86,33.42
-111.84,33.39
-111.84,33.39
-111.84,33.45
-111.81,33.42
-111.79,33.39
-111.77,33.42
-111.75,33.38
-111.70,33.45
-111.68,33.38
-111.63,33.42
-96.62,32.72
-96.61,32.79
-90.23,29.98
-90.19,30.01
-90.17,29.98
-90.15,30.00
-90.13,30.00
-90.13,29.99
-71.20,42.71
-71.16,42.74
-82.06,32.38
-80.47,25.68
-80.44,25.70
-80.42,25.69
-80.42,25.73
-80.42,25.71
-80.39,25.69
-80.38,25.73
-80.38,25.59
-80.38,25.63
-80.37,25.57
-80.37,25.76
-80.37,25.70
-80.35,25.73
-80.34,25.75
-80.33,25.65
-80.33,25.81
-80.33,25.77
-80.32,25.80
-80.32,25.75
-80.31,25.84
-80.31,25.68
-80.31,25.73
-80.31,25.76
-80.29,25.78
-80.29,25.78
-80.26,25.81
-80.26,25.77
-80.26,25.75
-80.26,25.80
-80.26,25.78
-80.24,25.75
-80.24,25.85
-80.24,25.81
-80.24,25.74
-80.24,25.73
-80.22,25.77
-80.22,25.80
-80.21,25.89
-80.21,25.81
-80.21,25.83
-80.21,25.95
-80.20,25.93
-80.19,25.79
-80.19,25.82
-80.18,25.86
-80.16,25.89
-80.16,25.93
-80.15,25.96
-80.14,25.79
-80.13,25.81
-84.27,39.64
-84.34,42.24
-86.89,41.68
-76.45,39.36
-70.95,41.90
-81.09,41.46
-75.72,39.46
-74.43,41.43
-74.40,41.45
-74.10,40.39
-71.30,41.52
-102.07,31.97
-84.25,43.66
-84.21,43.61
-74.14,40.98
-87.74,41.63
-77.66,37.41
-77.61,37.52
-77.60,37.44
-111.91,40.62
-77.33,34.72
-75.43,38.93
-73.04,41.24
-71.63,42.82
-71.49,42.15
-158.01,21.45
-83.26,33.11
-81.92,40.54
-81.81,40.56
-89.91,35.34
-122.29,47.25
-88.94,42.77
-73.97,41.66
-88.07,43.09
-88.05,43.06
-88.05,43.00
-88.04,43.02
-88.04,43.12
-88.01,43.18
-88.01,42.95
-88.01,43.14
-88.00,43.02
-87.99,43.06
-87.99,43.07
-87.98,43.09
-87.97,42.99
-87.96,43.05
-87.93,43.02
-87.93,43.06
-87.93,43.01
-87.92,43.09
-87.92,43.02
-87.92,43.11
-87.91,43.07
-87.91,42.96
-87.91,42.95
-87.91,43.01
-87.90,43.09
-93.25,32.62
-93.41,45.03
-93.39,44.94
-93.39,45.11
-93.38,44.81
-93.36,45.05
-93.36,45.21
-93.35,44.86
-93.33,44.88
-93.32,45.18
-93.32,44.88
-93.29,45.00
-93.28,45.01
-93.28,44.83
-93.28,44.94
-93.27,44.98
-93.27,45.13
-93.27,45.17
-93.25,45.00
-93.24,44.86
-93.23,45.19
-93.23,45.00
-93.23,44.97
-93.22,44.92
-93.50,44.91
-86.19,41.68
-86.19,41.71
-86.13,41.66
-98.36,26.26
-98.32,26.23
-98.29,26.20
-94.67,39.02
-117.66,33.60
-114.04,46.89
-114.02,46.85
-113.99,46.87
-95.56,29.55
-95.53,29.60
-98.03,43.73
-98.02,43.70
-88.22,30.76
-88.22,30.68
-88.19,30.64
-88.17,30.59
-88.15,30.72
-88.15,30.63
-88.13,30.71
-88.11,30.68
-88.11,30.74
-88.08,30.76
-88.05,30.69
-80.59,35.92
-114.60,34.88
-118.17,35.05
-87.66,41.16
-80.31,40.67
-80.30,40.68
-80.00,33.19
-91.66,44.57
-87.75,41.43
-74.55,40.41
-121.97,47.86
-89.65,42.61
-83.70,33.80
-83.40,41.94
-83.40,41.88
-83.36,41.93
-74.19,41.34
-87.32,31.51
-79.77,40.44
-79.77,40.39
-118.01,34.14
-117.69,34.09
-117.69,34.08
-77.36,38.61
-74.21,40.81
-118.11,34.02
-118.08,34.03
-95.59,45.01
-88.32,41.73
-86.30,32.38
-86.21,32.36
-86.18,32.38
-74.21,41.51
-93.80,45.30
-91.80,33.63
-86.77,40.76
-84.83,36.86
-74.68,41.65
-74.68,41.67
-118.22,34.20
-107.88,38.48
-104.87,39.10
-86.52,33.57
-83.21,30.97
-74.05,40.84
-81.08,26.83
-86.35,39.62
-80.85,35.59
-80.82,35.59
-96.77,46.85
-96.76,46.87
-96.75,46.88
-118.89,34.28
-117.27,33.91
-117.26,33.94
-117.23,33.94
-91.20,29.70
-81.71,35.75
-81.68,35.74
-80.02,39.63
-79.97,39.65
-79.92,39.62
-79.90,39.61
-75.87,40.16
-88.42,41.38
-83.35,36.20
-83.29,36.21
-74.48,40.80
-74.80,40.21
-120.84,35.37
-84.35,33.56
-75.33,39.92
-88.53,30.44
-93.21,45.11
-115.74,43.16
-75.89,41.16
-76.17,36.52
-77.16,39.36
-87.77,38.41
-82.90,42.60
-78.94,38.37
-78.68,38.83
-74.90,39.98
-74.87,39.97
-78.06,35.21
-94.98,33.19
-75.36,41.13
-87.92,42.07
-83.95,38.07
-122.34,48.43
-122.34,48.42
-95.24,33.16
-88.96,38.31
-88.93,38.31
-88.90,38.30
-82.48,40.38
-122.29,47.89
-88.33,42.86
-79.26,34.20
-85.43,40.22
-85.42,40.19
-85.40,40.22
-85.38,40.22
-88.02,42.25
-88.01,42.27
-88.00,42.27
-87.51,41.57
-84.01,35.11
-111.90,40.67
-117.21,33.57
-87.67,34.71
-88.13,42.91
-86.26,43.19
-86.25,43.24
-86.21,43.23
-86.20,43.29
-86.20,43.15
-95.36,35.77
-77.57,39.50
-79.00,33.68
-78.90,33.71
-78.89,33.68
-78.88,33.69
-78.87,33.70
-78.79,33.78
-94.67,31.57
-116.57,43.59
-76.01,41.21
-74.02,41.10
-88.19,41.76
-88.19,41.71
-88.15,41.77
-88.13,41.79
-88.11,41.75
-81.80,26.26
-81.77,26.16
-81.76,26.12
-81.74,26.21
-81.71,26.18
-81.70,26.07
-84.13,41.41
-85.99,41.44
-80.82,37.37
-94.13,33.45
-71.50,42.78
-71.46,42.75
-71.44,42.71
-71.44,42.70
-86.92,36.07
-86.70,36.08
-86.65,36.09
-91.39,31.53
-91.37,31.49
-93.16,31.73
-93.07,31.75
-117.10,32.68
-81.52,40.73
-95.86,40.67
-93.99,29.95
-114.60,34.83
-88.49,44.17
-82.21,39.44
-111.84,39.69
-74.02,40.21
-94.33,37.84
-89.03,34.50
-85.84,38.31
-85.82,38.33
-82.82,40.09
-82.83,42.67
-82.77,42.68
-70.94,41.68
-70.93,41.61
-88.11,42.98
-77.09,35.13
-79.33,41.00
-94.41,33.47
-83.39,42.14
-72.76,41.71
-74.44,40.50
-85.38,39.93
-80.38,41.01
-80.35,41.00
-80.31,40.97
-75.60,39.67
-75.58,39.69
-73.99,41.14
-74.60,40.00
-91.22,38.60
-72.97,41.33
-72.94,41.32
-72.87,41.32
-73.66,40.74
-91.84,29.97
-91.83,29.99
-91.80,30.00
-79.75,40.59
-87.98,41.52
-88.74,44.40
-72.12,41.36
-78.67,38.65
-78.66,38.67
-80.86,39.69
-74.03,40.93
-90.18,29.96
-90.12,29.96
-90.11,29.97
-90.09,29.97
-90.08,29.96
-90.08,29.94
-90.07,29.95
-90.06,30.02
-90.06,29.99
-90.05,29.97
-90.04,30.00
-90.01,29.92
-89.96,30.04
-74.07,41.74
-81.47,40.49
-81.45,40.51
-74.40,40.71
-92.54,45.11
-91.46,30.68
-94.44,44.29
-74.05,41.46
-74.01,40.70
-74.01,40.71
-74.01,40.71
-74.01,40.71
-74.00,40.71
-74.00,40.72
-74.00,40.73
-74.00,40.75
-73.99,40.75
-73.99,40.75
-73.99,40.76
-73.99,40.76
-73.99,40.75
-73.99,40.72
-73.99,40.75
-73.99,40.75
-73.99,40.76
-73.99,40.72
-73.99,40.74
-73.99,40.75
-73.98,40.78
-73.98,40.75
-73.98,40.75
-73.98,40.76
-73.98,40.76
-73.97,40.75
-73.95,40.78
-73.95,40.81
-73.94,40.80
-73.93,40.85
-82.43,40.08
-75.75,39.60
-75.74,39.68
-75.74,39.63
-75.68,39.71
-75.67,39.63
-74.19,40.74
-74.18,40.74
-74.18,40.78
-74.17,40.75
-74.17,40.76
-74.16,40.73
-85.80,43.41
-122.95,45.31
-81.58,34.28
-87.39,37.98
-74.07,41.50
-74.02,41.52
-118.56,34.38
-72.71,41.68
-84.80,33.38
-84.76,33.40
-124.05,44.65
-93.00,44.87
-84.48,39.08
-84.45,39.03
-83.32,42.01
-83.20,35.95
-117.93,33.61
-117.87,33.66
-117.86,33.66
-76.58,37.16
-76.54,37.13
-76.53,37.15
-76.50,37.13
-76.50,37.11
-76.47,37.11
-76.46,37.05
-76.46,37.08
-76.43,36.99
-76.42,36.99
-93.05,41.70
-81.23,35.66
-74.73,41.09
-72.21,41.36
-86.49,30.52
-86.45,30.52
-84.56,37.90
-87.80,42.04
-86.25,41.77
-86.25,41.81
-80.76,41.21
-86.00,39.99
-86.00,40.04
-117.56,33.91
-88.69,32.36
-84.26,33.93
-84.26,33.97
-84.25,33.94
-84.22,33.93
-84.21,33.96
-84.21,33.91
-84.17,33.92
-76.32,36.93
-76.30,36.88
-76.27,36.85
-76.25,36.96
-76.25,36.92
-76.24,36.89
-76.21,36.86
-76.20,36.92
-78.20,36.45
-97.49,35.22
-97.46,35.19
-97.45,35.20
-97.42,35.22
-87.81,41.96
-75.39,40.14
-73.11,42.70
-71.13,42.67
-71.35,41.95
-81.96,33.50
-81.92,33.56
-73.32,40.74
-121.79,47.49
-74.00,40.81
-92.97,45.51
-74.47,40.47
-81.43,40.88
-81.41,40.89
-80.10,32.92
-87.87,42.32
-71.11,44.02
-70.98,41.64
-76.00,39.61
-71.12,42.02
-81.89,26.66
-72.85,41.40
-118.41,34.19
-118.39,34.22
-118.38,34.18
-86.78,41.22
-94.56,39.15
-71.46,41.57
-71.46,41.61
-80.20,26.21
-92.27,34.79
-92.26,34.76
-92.21,34.79
-92.20,34.78
-85.79,41.00
-80.18,25.90
-80.12,25.94
-78.68,33.83
-81.91,41.42
-80.06,26.85
-82.22,27.04
-71.45,41.86
-81.98,41.41
-81.72,41.31
-93.02,45.03
-71.51,41.98
-92.98,45.02
-85.63,39.01
-79.82,40.39
-79.78,40.37
-75.24,40.23
-72.64,42.34
-93.18,44.46
-87.59,33.24
-118.56,34.24
-118.54,34.23
-118.50,34.23
-93.25,43.44
-83.47,41.61
-82.60,36.94
-118.08,33.90
-118.05,33.90
-82.61,41.27
-82.60,41.23
-73.45,41.10
-73.42,41.16
-73.39,41.13
-72.11,41.51
-71.18,42.21
-76.50,39.38
-76.48,39.39
-76.47,39.38
-76.47,39.38
-83.44,42.47
-74.16,40.81
-87.94,42.87
-87.93,42.92
-87.75,41.60
-122.66,48.29
-81.16,37.95
-77.42,38.92
-87.74,41.70
-87.73,41.72
-92.85,45.03
-84.25,36.02
-79.40,39.40
-74.26,41.01
-75.08,39.91
-83.87,34.23
-82.18,29.20
-82.13,29.19
-82.09,29.19
-75.09,38.33
-75.07,38.36
-75.06,38.42
-74.57,39.28
-117.38,33.19
-117.37,33.20
-117.34,33.18
-117.33,33.22
-73.64,40.63
-81.52,28.57
-88.49,43.11
-102.39,31.85
-90.70,38.80
-90.70,38.76
-95.91,41.13
-111.98,41.19
-111.98,41.23
-111.97,41.26
-111.95,41.19
-89.08,41.29
-89.53,38.43
-84.43,42.68
-84.42,42.72
-97.66,35.57
-97.65,35.46
-97.60,35.49
-97.60,35.46
-97.58,35.51
-97.57,35.44
-97.57,35.39
-97.55,35.58
-97.55,35.51
-97.53,35.46
-97.53,35.61
-97.53,35.39
-97.53,35.35
-97.49,35.40
-97.49,35.32
-97.48,35.35
-97.46,35.49
-97.44,35.44
-97.39,35.46
-95.96,35.65
-94.82,38.86
-94.78,38.88
-94.77,38.91
-74.31,40.40
-75.74,41.37
-72.38,41.30
-82.70,28.05
-89.86,34.96
-122.91,47.00
-122.84,46.99
-122.83,47.05
-96.19,41.24
-96.14,41.23
-96.14,41.23
-96.13,41.20
-96.13,41.29
-96.10,41.23
-96.09,41.26
-96.08,41.21
-96.08,41.29
-96.07,41.32
-96.05,41.29
-96.05,41.24
-96.03,41.26
-96.03,41.23
-96.02,41.25
-96.02,41.28
-96.00,41.30
-95.99,41.24
-95.99,41.21
-95.98,41.26
-95.98,41.22
-95.96,41.33
-95.96,41.30
-95.96,41.26
-95.96,41.20
-95.95,41.22
-95.93,41.24
-86.47,33.95
-75.72,37.69
-117.66,34.06
-117.63,34.03
-117.62,34.08
-117.59,34.03
-117.56,34.06
-117.55,34.08
-116.94,44.02
-85.06,35.08
-85.35,32.64
-86.25,31.28
-117.88,33.79
-117.84,33.83
-93.75,30.09
-78.12,38.26
-72.99,41.27
-87.59,30.27
-81.30,28.92
-81.74,30.16
-81.73,30.19
-81.70,30.12
-80.87,33.48
-80.86,33.51
-80.83,33.55
-75.58,40.63
-89.38,42.94
-83.48,41.64
-122.59,45.33
-111.70,40.30
-111.69,40.28
-87.85,41.62
-87.79,41.60
-81.50,28.45
-81.47,28.45
-81.46,28.50
-81.46,28.55
-81.46,28.48
-81.45,28.46
-81.44,28.58
-81.43,28.44
-81.42,28.48
-81.40,28.47
-81.39,28.61
-81.31,28.52
-81.31,28.54
-81.31,28.49
-81.29,28.52
-81.28,28.57
-81.21,28.60
-81.21,28.57
-81.13,28.56
-81.15,29.25
-81.04,29.28
-110.96,32.40
-68.69,44.90
-121.57,39.50
-88.58,44.01
-88.54,44.02
-93.46,45.10
-95.27,38.58
-88.84,41.36
-84.05,41.02
-83.69,41.80
-92.44,41.02
-94.68,38.85
-94.67,38.88
-81.25,28.62
-93.24,44.08
-87.15,37.76
-87.12,37.73
-87.12,37.73
-87.10,37.76
-76.78,39.42
-84.15,43.00
-89.56,34.36
-89.51,34.36
-85.83,33.61
-83.26,42.82
-78.58,36.30
-75.98,39.79
-119.19,34.18
-119.18,34.22
-119.15,34.22
-77.00,38.82
-76.98,38.80
-118.42,34.24
-118.41,34.27
-81.24,41.73
-82.82,37.82
-88.05,42.12
-88.01,42.09
-80.63,28.00
-80.62,28.03
-80.13,26.84
-80.30,27.17
-116.39,33.72
-116.38,33.72
-116.30,33.76
-82.77,28.09
-82.74,28.07
-116.55,33.82
-118.18,34.60
-118.08,34.58
-149.12,61.60
-72.33,42.16
-82.56,27.52
-76.57,40.32
-69.30,44.83
-87.80,41.68
-87.82,41.69
-118.38,33.78
-85.73,30.18
-85.89,30.23
-85.82,30.18
-118.45,34.22
-75.48,40.04
-121.61,39.77
-90.70,36.03
-118.16,33.89
-74.05,40.92
-95.51,33.66
-111.51,40.66
-90.51,37.88
-95.05,46.92
-87.84,42.02
-74.03,41.04
-114.29,34.15
-104.77,39.54
-81.55,39.25
-81.54,39.23
-81.52,39.35
-76.55,39.40
-76.54,39.38
-84.64,42.27
-74.40,40.86
-118.15,34.14
-118.13,34.16
-118.12,34.15
-118.07,34.14
-95.19,29.69
-95.16,29.65
-95.12,29.66
-76.52,39.16
-120.69,35.64
-74.13,40.86
-74.12,40.85
-73.04,40.78
-73.01,40.78
-74.14,40.90
-91.27,29.68
-85.89,42.21
-73.60,41.57
-71.39,41.87
-116.92,44.07
-111.32,34.24
-70.99,42.53
-157.95,21.39
-157.95,21.35
-95.28,29.56
-73.91,41.29
-86.81,33.29
-86.29,33.61
-74.69,39.97
-79.19,34.70
-70.76,42.11
-85.77,40.00
-82.78,34.62
-74.80,40.33
-75.47,39.72
-75.06,39.95
-75.03,39.99
-75.49,39.68
-87.43,30.31
-87.32,30.40
-87.28,30.40
-87.28,30.43
-87.26,30.49
-87.22,30.51
-87.21,30.47
-87.20,30.42
-112.26,33.58
-112.24,33.61
-117.23,33.80
-117.22,33.78
-94.27,41.83
-84.22,42.84
-83.74,32.47
-83.60,41.55
-89.89,37.71
-74.27,40.51
-89.15,41.37
-89.11,41.34
-86.07,40.76
-89.26,31.35
-77.47,37.20
-77.43,37.24
-77.38,37.20
-90.40,38.29
-88.25,43.08
-98.20,26.20
-98.18,26.23
-117.57,34.43
-85.03,32.47
-85.02,32.49
-89.12,32.77
-75.24,39.90
-75.23,39.89
-75.20,39.95
-75.19,39.92
-75.18,40.03
-75.17,39.95
-75.16,40.07
-75.16,39.96
-75.16,39.95
-75.15,39.95
-75.15,39.91
-75.15,40.02
-75.14,39.93
-75.13,40.01
-75.12,40.04
-75.12,40.04
-75.10,40.04
-75.09,39.99
-75.08,40.03
-75.07,40.05
-75.06,40.03
-75.03,40.07
-75.02,40.12
-75.00,40.06
-74.98,40.10
-74.97,40.09
-74.96,40.09
-75.18,40.70
-75.15,40.68
-112.24,33.47
-112.22,33.42
-112.22,33.49
-112.17,33.47
-112.15,33.50
-112.14,33.64
-112.14,33.45
-112.13,33.41
-112.13,33.61
-112.12,33.48
-112.12,33.58
-112.11,33.52
-112.11,33.55
-112.11,33.51
-112.11,33.68
-112.08,33.43
-112.07,33.48
-112.07,33.40
-112.07,33.45
-112.07,33.57
-112.07,33.80
-112.07,33.64
-112.06,33.38
-112.06,33.54
-112.06,33.41
-112.05,33.31
-112.05,33.44
-112.05,33.48
-112.03,33.49
-112.03,33.65
-112.01,33.47
-112.01,33.59
-112.00,33.44
-112.00,33.30
-112.00,33.43
-112.00,33.64
-112.00,33.41
-111.98,33.33
-111.98,33.59
-75.55,40.15
-75.55,40.14
-89.67,30.52
-82.69,34.87
-82.78,39.91
-118.08,34.00
-82.39,34.73
-83.58,35.81
-83.55,35.78
-82.53,37.50
-92.04,34.23
-92.01,34.17
-92.00,34.22
-82.73,27.84
-92.41,31.36
-80.89,35.08
-82.33,36.42
-84.27,40.14
-84.22,40.15
-74.43,40.55
-80.18,40.45
-80.16,40.45
-80.06,40.43
-80.06,40.49
-80.02,40.45
-80.01,40.37
-80.01,40.53
-79.98,40.43
-79.98,40.38
-79.96,40.44
-79.95,40.51
-79.95,40.34
-79.93,40.42
-79.89,40.45
-79.83,40.54
-79.83,40.47
-79.81,40.43
-79.71,40.45
-73.21,42.47
-75.79,41.32
-117.84,33.89
-120.78,38.73
-83.28,40.11
-88.27,41.56
-88.20,41.59
-74.44,40.60
-74.40,40.63
-75.86,41.28
-101.74,34.21
-73.50,40.77
-73.47,40.78
-72.86,41.67
-71.31,42.01
-85.66,42.45
-96.77,33.03
-88.56,41.66
-82.12,27.99
-88.83,30.42
-91.23,30.28
-94.78,39.37
-94.77,39.36
-73.49,44.70
-73.48,44.70
-73.45,44.68
-95.91,41.01
-74.53,39.39
-93.46,45.01
-86.31,41.36
-86.31,41.45
-83.48,42.40
-83.44,42.36
-71.72,43.77
-70.69,41.95
-90.96,36.25
-74.05,40.08
-117.79,34.06
-117.75,34.03
-117.75,34.04
-117.74,34.11
-117.72,34.08
-80.27,26.27
-80.25,26.24
-80.25,26.24
-80.15,26.23
-80.10,26.23
-80.10,26.27
-97.07,36.73
-90.46,30.44
-88.66,40.87
-83.30,42.68
-83.29,42.65
-83.25,42.61
-89.02,34.26
-81.24,32.11
-89.54,30.84
-91.24,30.45
-91.23,30.41
-123.41,48.11
-93.92,29.93
-82.14,27.01
-82.05,27.02
-73.67,41.00
-82.92,41.51
-82.45,42.97
-82.45,43.02
-74.69,41.38
-81.00,29.13
-122.61,47.53
-82.71,28.29
-80.39,27.31
-80.37,27.26
-80.31,27.30
-87.87,43.41
-73.70,40.84
-87.18,41.58
-85.59,42.22
-85.56,42.20
-95.24,30.10
-83.90,33.57
-119.04,36.08
-119.03,36.05
-122.79,45.45
-122.78,45.42
-122.75,45.44
-122.75,45.39
-122.69,45.47
-122.68,45.59
-122.68,45.52
-122.68,45.61
-122.66,45.51
-122.66,45.53
-122.63,45.41
-122.63,45.53
-122.61,45.50
-122.58,45.46
-122.58,45.49
-122.56,45.52
-122.54,45.50
-122.54,45.57
-122.48,45.54
-122.47,45.52
-84.98,40.45
-84.89,42.86
-72.64,41.57
-70.32,43.67
-70.29,43.70
-70.28,43.65
-70.28,43.67
-82.97,38.74
-76.38,36.81
-76.35,36.80
-76.34,36.83
-76.32,36.80
-76.32,36.80
-70.78,43.03
-94.63,35.07
-74.99,44.68
-75.63,40.27
-75.61,40.24
-76.23,40.67
-76.19,40.64
-76.17,40.70
-73.92,41.62
-73.89,41.70
-122.64,47.74
-117.06,32.95
-108.76,44.75
-86.42,32.46
-112.48,34.56
-112.43,34.55
-112.33,34.59
-110.82,39.60
-75.31,39.93
-93.59,45.57
-89.46,41.40
-87.59,38.36
-81.10,37.36
-74.66,40.35
-74.65,40.40
-93.42,44.72
-87.89,42.11
-71.44,41.82
-71.44,41.87
-71.43,41.83
-71.42,41.82
-71.41,41.86
-71.41,41.80
-111.66,40.22
-111.66,40.25
-104.66,38.24
-104.62,38.31
-104.61,38.27
-104.61,38.32
-104.57,38.29
-78.97,40.95
-95.06,47.79
-122.36,47.16
-122.30,47.20
-122.29,47.10
-122.29,47.15
-75.36,40.44
-76.18,39.90
-111.69,33.22
-73.75,40.73
-73.68,43.33
-73.67,43.33
-91.36,39.94
-84.59,30.59
-71.03,42.26
-71.00,42.25
-70.98,42.24
-83.57,30.79
-90.56,29.70
-87.84,42.70
-87.80,42.76
-85.94,37.84
-80.58,37.14
-79.19,34.98
-74.26,40.60
-86.04,33.96
-85.85,34.50
-78.71,35.86
-78.69,35.79
-78.68,35.89
-78.68,35.78
-78.65,35.90
-78.65,35.73
-78.64,35.88
-78.63,35.82
-78.61,35.84
-78.61,35.76
-78.60,35.89
-78.59,35.82
-78.58,35.77
-78.57,35.80
-116.88,33.04
-79.65,35.74
-93.45,45.23
-121.29,38.59
-121.27,38.62
-117.59,33.64
-71.04,42.16
-79.23,37.93
-76.48,40.11
-74.63,40.58
-81.23,41.16
-76.02,40.33
-75.98,40.34
-75.97,40.34
-75.93,40.34
-75.86,40.30
-71.10,42.52
-95.23,41.02
-92.58,44.57
-117.20,34.06
-118.38,33.87
-95.11,44.54
-73.86,40.73
-75.08,38.70
-76.81,39.45
-119.87,39.53
-119.83,39.51
-119.83,39.53
-119.81,39.53
-119.79,39.49
-119.79,39.56
-119.79,39.51
-119.78,39.47
-119.78,39.51
-119.77,39.45
-87.23,40.94
-122.22,47.44
-122.20,47.44
-122.20,47.49
-122.16,47.51
-77.36,38.94
-77.35,38.95
-77.35,38.98
-77.33,38.96
-71.01,42.42
-111.82,43.81
-82.83,39.93
-82.81,39.96
-117.40,34.11
-117.37,34.07
-117.36,34.11
-91.73,45.49
-96.75,32.96
-81.01,34.72
-93.28,44.88
-93.28,44.86
-81.63,41.27
-90.16,32.22
-81.81,37.09
-95.74,29.62
-95.69,29.56
-84.93,39.82
-84.89,39.87
-84.84,39.83
-84.33,37.84
-84.31,37.74
-82.74,42.80
-77.62,37.60
-77.61,37.51
-77.61,37.51
-77.57,37.49
-77.57,37.59
-77.55,37.64
-77.55,37.50
-77.52,37.62
-77.51,37.63
-77.51,37.50
-77.49,37.58
-77.48,37.50
-77.46,37.63
-77.45,37.60
-77.44,37.57
-77.44,37.46
-77.44,37.52
-77.43,37.54
-77.43,37.40
-77.40,37.58
-77.36,37.55
-81.33,31.93
-87.72,41.48
-117.67,35.65
-73.89,40.70
-75.32,39.88
-107.78,39.52
-81.24,32.29
-74.87,39.01
-106.66,35.24
-106.62,35.28
-81.69,38.76
-81.78,40.98
-92.62,44.87
-84.42,33.55
-72.67,40.93
-117.46,33.98
-117.46,33.91
-117.46,33.91
-117.45,33.94
-117.45,33.94
-117.44,34.01
-117.39,33.96
-117.39,33.94
-117.36,33.98
-117.34,33.89
-74.96,40.02
-111.94,40.52
-82.33,27.86
-85.36,33.15
-80.01,37.23
-79.99,37.29
-79.96,37.25
-79.96,37.34
-77.66,36.46
-77.64,36.43
-78.40,40.33
-87.71,30.54
-83.57,32.60
-89.07,41.94
-74.07,40.90
-92.50,44.07
-92.46,44.02
-92.46,43.98
-92.46,44.04
-92.44,44.01
-86.22,41.05
-83.19,42.68
-83.17,42.64
-83.13,42.66
-70.99,43.31
-89.69,41.77
-81.08,34.95
-81.03,34.90
-81.02,34.98
-80.99,34.97
-74.60,41.63
-74.53,40.89
-89.10,42.29
-89.08,42.27
-89.07,42.32
-89.07,42.24
-89.03,42.25
-89.03,42.23
-88.98,42.24
-88.97,42.27
-79.75,34.92
-70.91,42.12
-70.89,42.17
-69.10,44.11
-121.23,38.79
-77.21,39.10
-77.84,35.98
-77.82,35.95
-77.81,35.97
-72.95,40.95
-81.85,41.46
-81.97,34.84
-94.64,39.04
-93.55,45.20
-91.78,37.95
-88.00,42.06
-85.22,34.27
-85.16,34.25
-88.12,41.65
-88.08,41.64
-78.76,39.34
-83.39,42.22
-73.10,40.83
-89.02,42.43
-76.50,39.32
-88.11,41.97
-74.26,40.64
-74.28,40.66
-118.09,34.06
-93.14,44.73
-95.78,29.57
-121.31,38.76
-121.27,38.74
-121.26,38.76
-82.97,42.51
-82.91,42.54
-71.14,42.28
-84.39,34.06
-84.35,34.03
-84.32,34.06
-84.32,34.02
-88.09,42.38
-117.89,34.00
-96.57,32.91
-112.06,41.18
-83.19,42.52
-83.15,42.48
-83.15,42.50
-80.25,26.68
-83.13,34.28
-83.12,34.28
-78.37,38.23
-71.35,41.86
-92.98,45.68
-85.44,39.63
-83.89,40.47
-93.16,35.27
-93.12,35.28
-87.72,34.51
-92.64,32.54
-74.10,40.82
-72.97,43.61
-70.43,43.51
-121.54,38.62
-121.52,38.49
-121.50,38.58
-121.50,38.52
-121.48,38.65
-121.45,38.61
-121.44,38.53
-121.44,38.56
-121.43,38.50
-121.43,38.57
-121.43,38.60
-121.42,38.60
-121.40,38.62
-121.37,38.56
-121.37,38.53
-121.35,38.66
-121.34,38.56
-74.10,40.90
-84.08,43.42
-84.07,43.42
-84.01,43.44
-83.98,43.45
-83.98,43.47
-83.97,43.48
-83.95,43.43
-83.90,43.41
-83.89,43.45
-81.32,29.88
-81.29,28.24
-97.54,30.95
-123.05,44.95
-123.04,44.90
-123.03,44.88
-123.03,44.98
-122.98,44.96
-122.98,44.94
-122.98,44.91
-111.66,40.07
-91.55,37.64
-88.97,38.62
-88.12,42.57
-80.84,40.90
-80.34,36.07
-80.30,36.06
-80.26,36.07
-80.07,37.29
-80.03,37.32
-71.23,42.77
-71.22,42.77
-70.92,42.50
-106.00,38.52
-97.63,38.83
-97.61,38.79
-97.61,38.84
-80.49,35.65
-80.46,35.66
-75.60,38.35
-75.57,38.37
-75.57,38.41
-74.12,41.45
-113.89,45.17
-112.03,40.70
-111.99,40.67
-111.95,40.79
-111.94,40.73
-111.94,40.70
-111.94,40.65
-111.89,40.73
-111.89,40.64
-111.88,40.76
-111.88,40.70
-111.87,40.76
-111.85,40.70
-111.84,40.77
-111.83,40.63
-111.80,40.70
-81.77,34.01
-100.48,31.40
-100.45,31.46
-98.59,29.56
-98.50,29.44
-98.49,29.36
-98.45,29.45
-97.64,26.13
-117.36,34.19
-117.32,34.12
-117.31,34.09
-117.29,34.14
-117.29,34.17
-117.28,34.06
-117.28,34.12
-117.25,34.14
-117.25,32.79
-117.23,32.95
-117.21,32.87
-117.20,32.75
-117.17,32.82
-117.17,32.91
-117.17,32.72
-117.16,32.72
-117.15,32.78
-117.15,32.81
-117.15,32.83
-117.15,32.77
-117.13,32.69
-117.13,32.76
-117.12,32.92
-117.12,32.71
-117.11,32.95
-117.11,32.75
-117.09,32.82
-117.08,33.01
-117.07,32.76
-117.83,34.11
-118.44,34.30
-116.96,33.77
-120.69,35.26
-120.66,35.29
-117.18,33.14
-117.12,33.14
-118.29,33.74
-117.06,32.56
-117.03,32.55
-96.12,36.11
-82.81,32.97
-77.34,37.52
-82.85,43.42
-82.71,41.43
-82.68,41.42
-122.29,45.40
-111.89,40.59
-111.89,40.57
-111.85,40.61
-111.83,40.58
-81.33,28.81
-81.29,28.76
-81.28,28.77
-81.27,28.81
-79.20,35.50
-79.16,35.47
-79.15,35.46
-70.76,43.42
-117.92,33.75
-117.89,33.71
-117.88,33.76
-117.87,33.75
-117.86,33.71
-117.84,33.73
-117.84,33.76
-119.74,34.44
-118.54,34.43
-105.99,35.65
-105.97,35.66
-105.95,35.69
-120.44,34.92
-120.44,34.97
-120.42,34.95
-118.50,34.01
-118.47,34.02
-116.99,32.84
-80.47,33.49
-96.10,36.00
-88.07,30.83
-74.12,44.32
-74.12,44.32
-82.54,27.34
-82.53,27.32
-82.50,27.39
-82.50,27.34
-82.48,27.30
-82.45,27.34
-73.75,43.10
-80.58,28.15
-86.18,42.68
-71.03,42.46
-71.02,42.47
-71.02,42.46
-94.17,45.59
-87.57,41.49
-71.46,41.50
-88.24,35.22
-81.15,31.98
-81.12,32.01
-81.10,32.07
-81.10,32.01
-81.07,32.04
-86.60,41.89
-122.88,45.74
-70.33,43.59
-73.82,40.99
-73.81,41.00
-88.14,42.05
-88.10,42.05
-88.08,42.01
-88.07,42.04
-88.04,42.05
-87.47,41.49
-87.45,41.48
-87.88,41.95
-74.39,40.66
-89.87,38.54
-89.54,37.21
-86.05,34.63
-85.78,38.69
-111.94,33.48
-111.92,33.47
-111.91,33.57
-111.91,33.57
-111.90,33.63
-111.84,33.59
-75.68,41.41
-75.67,41.45
-75.65,41.46
-75.62,41.43
-75.59,38.65
-73.49,40.67
-118.10,33.74
-91.70,35.25
-122.37,47.67
-122.37,47.63
-122.35,47.73
-122.34,47.47
-122.34,47.63
-122.34,47.62
-122.33,47.57
-122.33,47.55
-122.32,47.62
-122.32,47.61
-122.32,47.66
-122.31,47.73
-122.30,47.59
-122.29,47.47
-122.25,47.45
-80.50,27.87
-81.49,27.50
-81.44,27.47
-74.05,40.79
-111.76,34.87
-71.33,41.80
-82.27,27.99
-76.84,40.84
-85.77,38.39
-87.04,32.43
-88.58,35.16
-82.79,27.84
-88.23,30.77
-89.97,34.63
-123.12,48.08
-83.57,35.86
-81.91,41.03
-149.44,60.12
-80.19,40.54
-85.86,38.96
-93.51,44.80
-78.38,33.98
-88.08,30.68
-75.94,41.32
-75.94,41.32
-80.49,33.97
-96.91,35.35
-94.73,39.01
-94.72,38.96
-94.69,39.01
-94.69,38.93
-94.67,38.99
-87.73,43.77
-87.72,43.76
-82.64,40.87
-81.54,35.28
-82.97,42.64
-86.46,35.48
-85.75,39.52
-85.25,38.21
-123.13,47.23
-73.13,41.26
-95.38,40.76
-76.20,40.82
-85.70,38.00
-85.69,38.00
-96.61,33.65
-118.45,34.16
-122.84,45.37
-77.50,40.06
-72.87,40.80
-110.04,34.25
-93.80,32.47
-93.77,32.54
-93.76,32.48
-93.75,32.40
-71.75,42.27
-84.18,40.29
-110.26,31.56
-79.44,35.73
-77.08,39.06
-77.08,39.10
-77.03,39.00
-122.69,47.65
-106.07,39.63
-118.78,34.27
-118.74,34.28
-82.26,34.71
-96.42,42.50
-96.42,42.51
-96.40,42.49
-96.35,42.48
-96.35,42.45
-96.35,42.44
-96.79,43.51
-96.78,43.51
-96.77,43.52
-96.76,43.54
-96.76,43.51
-96.73,43.56
-96.73,43.52
-96.71,43.60
-96.71,43.55
-96.67,43.53
-87.76,42.01
-87.72,42.04
-69.73,44.78
-89.83,30.31
-89.79,30.26
-89.77,30.31
-89.75,30.28
-88.27,43.32
-80.05,41.08
-121.10,38.50
-76.61,36.96
-76.58,36.96
-82.54,42.98
-82.50,42.96
-73.17,40.85
-84.54,33.90
-84.54,33.90
-84.52,33.89
-84.51,33.84
-84.50,33.84
-84.48,33.88
-84.04,33.80
-84.01,33.86
-122.10,47.93
-83.71,33.68
-106.89,34.07
-151.07,60.48
-76.46,38.35
-81.44,41.38
-74.60,39.32
-84.63,37.05
-79.11,40.01
-79.05,40.00
-74.49,40.51
-74.49,40.51
-71.17,41.73
-70.88,43.24
-71.09,42.38
-120.37,37.97
-120.34,37.98
-75.33,40.31
-74.30,40.50
-74.30,40.46
-86.32,41.67
-86.29,41.72
-86.25,41.68
-86.25,41.73
-86.23,41.63
-86.22,41.70
-78.92,36.74
-78.90,36.69
-73.21,44.44
-73.18,44.47
-87.64,41.48
-70.15,41.69
-118.07,34.06
-118.05,34.04
-88.30,42.00
-73.43,40.71
-118.23,33.97
-118.20,33.94
-118.16,33.95
-74.05,40.86
-86.27,42.39
-78.12,36.72
-119.98,38.93
-83.65,42.45
-87.86,42.91
-70.52,44.22
-74.40,40.60
-70.33,43.64
-73.83,40.68
-96.43,42.47
-93.03,44.89
-72.40,40.90
-90.00,34.99
-89.99,34.96
-83.31,42.50
-83.28,42.46
-83.22,42.51
-83.21,42.20
-83.19,42.20
-72.87,41.64
-122.40,47.05
-111.64,40.12
-119.74,39.54
-119.71,39.64
-85.71,43.15
-85.71,43.15
-85.48,35.93
-74.64,41.04
-82.00,34.92
-81.98,34.94
-81.97,34.98
-81.96,35.01
-81.94,34.96
-81.89,35.02
-81.89,34.97
-95.14,43.13
-86.77,39.29
-95.13,43.42
-95.52,30.02
-95.49,30.18
-95.49,30.04
-95.43,30.05
-75.55,40.18
-86.92,35.77
-82.63,28.45
-82.58,28.48
-82.54,28.46
-86.17,43.08
-78.97,35.17
-93.24,45.11
-74.03,41.14
-74.03,41.10
-123.00,44.06
-122.93,44.05
-89.71,39.77
-89.66,39.80
-89.65,39.76
-89.64,39.71
-89.61,39.79
-89.60,39.83
-83.82,39.94
-83.78,39.92
-77.19,38.77
-72.58,42.14
-72.58,42.11
-72.55,42.14
-72.50,42.09
-72.50,42.12
-73.75,40.68
-111.61,40.16
-82.05,35.87
-73.08,44.83
-90.40,38.73
-90.38,38.73
-81.41,29.92
-81.32,29.87
-81.32,29.90
-81.29,29.92
-90.53,38.79
-90.49,38.77
-88.34,41.90
-90.98,38.37
-82.49,42.82
-82.90,42.47
-82.90,42.52
-80.92,40.08
-80.87,40.07
-94.21,45.55
-94.20,45.55
-94.14,45.57
-81.30,28.25
-91.62,38.00
-84.55,42.99
-94.85,39.78
-94.83,39.76
-94.80,39.78
-94.80,39.75
-86.49,42.08
-90.47,38.68
-90.41,38.56
-90.36,38.52
-90.36,38.69
-90.36,38.49
-90.35,38.63
-90.34,38.73
-90.34,38.61
-90.33,38.58
-90.31,38.47
-90.29,38.60
-90.28,38.77
-90.26,38.65
-90.25,38.68
-90.24,38.59
-90.22,38.61
-90.22,38.77
-90.20,38.61
-93.21,44.79
-93.19,45.02
-93.17,45.01
-93.16,44.83
-93.15,45.06
-93.14,44.92
-93.11,44.96
-93.11,44.94
-93.11,45.04
-93.11,44.99
-93.08,44.93
-93.08,44.90
-93.07,44.96
-93.06,44.98
-93.05,45.08
-93.02,44.95
-92.97,44.93
-92.96,44.96
-92.91,44.95
-82.31,36.91
-78.98,34.81
-90.62,38.80
-90.59,38.75
-90.58,38.80
-82.74,27.72
-82.68,27.73
-82.64,27.81
-81.39,31.16
-82.68,27.77
-95.60,29.65
-95.56,29.61
-77.42,38.47
-73.55,41.11
-81.09,35.35
-117.99,33.78
-122.33,48.24
-94.80,46.36
-82.11,29.94
-82.70,34.39
-119.93,38.97
-74.17,40.58
-74.16,40.54
-74.14,40.62
-74.14,40.55
-74.13,40.61
-74.12,40.56
-74.09,40.59
-81.78,32.43
-80.94,35.80
-80.88,35.82
-80.86,35.79
-79.06,38.13
-79.05,38.14
-103.23,40.63
-77.44,39.01
-77.42,38.98
-77.41,39.04
-83.09,42.56
-83.05,42.62
-83.05,42.55
-83.03,42.59
-82.99,42.63
-80.70,40.38
-80.64,40.37
-86.51,42.03
-97.05,36.12
-84.20,33.54
-84.20,33.76
-84.19,33.80
-84.11,33.82
-71.10,42.49
-77.39,36.98
-95.20,42.65
-89.22,42.94
-71.07,42.10
-81.44,41.20
-81.40,41.17
-75.00,39.83
-73.14,41.20
-70.92,43.00
-88.18,42.01
-88.84,41.14
-81.37,41.25
-81.84,41.32
-75.24,40.99
-75.24,40.99
-75.23,40.99
-94.32,41.50
-80.25,27.19
-80.18,27.23
-72.09,42.11
-85.43,41.80
-87.95,42.73
-74.64,40.87
-76.64,36.72
-76.58,36.75
-76.49,36.87
-76.43,36.88
-95.64,29.67
-95.62,29.60
-95.60,29.59
-91.17,38.22
-87.42,39.10
-93.38,30.22
-93.33,30.23
-95.59,33.12
-80.84,38.27
-85.34,34.49
-80.21,33.02
-80.19,32.99
-80.17,32.97
-87.80,41.79
-122.20,47.20
-80.38,33.95
-80.33,33.92
-117.19,33.71
-82.37,27.71
-111.87,33.22
-89.23,43.19
-82.92,40.27
-76.79,40.86
-118.31,34.26
-73.92,40.74
-112.37,33.66
-112.33,33.64
-120.65,40.42
-84.16,34.06
-84.09,34.05
-84.05,34.03
-82.39,35.60
-82.39,35.60
-77.16,34.70
-71.21,41.75
-83.81,42.96
-88.72,41.97
-86.26,33.17
-85.14,41.11
-83.25,35.34
-83.74,41.72
-83.68,41.71
-73.50,40.81
-85.75,41.41
-78.86,34.16
-122.58,47.09
-122.54,47.22
-122.52,47.26
-122.47,47.22
-122.46,47.19
-122.43,47.14
-122.41,47.19
-122.36,47.24
-86.10,33.44
-84.35,30.44
-81.44,41.09
-75.97,40.80
-82.58,28.05
-82.58,28.00
-82.56,28.03
-82.54,28.06
-82.52,27.95
-82.52,27.89
-82.51,28.00
-82.51,27.94
-82.51,28.03
-82.50,28.09
-82.48,28.01
-82.46,28.09
-82.46,27.95
-82.44,27.96
-82.43,28.00
-82.43,28.07
-82.43,28.03
-82.41,28.03
-82.40,27.97
-82.39,28.03
-82.39,28.00
-82.34,27.95
-105.58,36.39
-76.87,37.90
-118.55,34.17
-71.12,41.89
-71.05,41.87
-83.30,42.20
-83.27,42.27
-83.27,42.24
-83.24,42.26
-83.23,42.21
-81.19,35.92
-89.31,39.57
-83.93,42.00
-118.44,35.13
-117.16,33.52
-117.15,33.53
-117.13,33.51
-117.10,33.48
-111.96,33.35
-111.96,33.41
-111.94,33.42
-111.94,33.39
-111.93,33.36
-111.93,33.36
-111.93,33.44
-111.91,33.35
-111.91,33.41
-118.07,34.10
-76.94,38.84
-71.27,42.63
-71.20,42.59
-94.09,33.46
-94.04,33.47
-94.93,29.40
-109.78,32.82
-109.73,32.84
-96.89,33.07
-121.20,45.61
-95.46,30.21
-90.82,29.80
-87.75,31.83
-75.75,40.00
-118.88,34.18
-118.84,34.21
-116.40,33.82
-85.65,41.94
-77.41,39.63
-83.10,41.12
-83.54,31.45
-123.84,45.47
-71.57,43.45
-87.79,41.56
-87.79,41.60
-74.08,40.34
-84.19,39.96
-86.03,40.28
-80.84,28.55
-80.81,28.62
-79.67,41.63
-83.72,41.67
-83.68,41.68
-83.66,41.64
-83.64,41.70
-83.63,41.60
-83.62,41.65
-83.60,41.68
-83.59,41.71
-83.57,41.72
-83.56,41.69
-83.56,41.63
-83.52,41.65
-83.51,41.72
-95.63,30.09
-74.24,39.97
-74.20,39.96
-74.18,39.98
-74.14,39.98
-112.30,40.57
-95.76,39.05
-95.70,39.05
-95.69,39.00
-95.68,39.04
-95.65,39.02
-118.37,33.84
-118.33,33.87
-118.30,33.83
-118.29,33.81
-73.11,41.83
-73.11,41.81
-76.45,41.78
-76.60,39.40
-76.57,39.38
-86.16,39.41
-82.43,34.96
-112.20,41.71
-85.54,34.87
-83.22,42.14
-74.76,40.25
-74.73,40.24
-74.72,40.23
-74.71,40.19
-74.69,40.25
-77.34,38.55
-104.50,37.19
-122.40,45.52
-122.39,45.54
-79.89,37.42
-90.98,38.99
-89.90,38.73
-85.96,31.78
-84.24,40.05
-83.13,42.56
-83.13,42.59
-83.11,42.53
-120.21,39.32
-90.57,35.55
-84.21,33.85
-111.09,32.36
-111.05,32.34
-111.02,32.31
-111.00,32.13
-110.99,32.18
-110.98,32.23
-110.98,32.25
-110.98,32.29
-110.95,32.27
-110.94,32.24
-110.94,32.16
-110.93,32.13
-110.92,32.48
-110.91,32.25
-110.90,32.21
-110.89,32.31
-110.87,32.25
-110.86,32.22
-110.84,32.19
-86.23,35.38
-95.98,36.06
-95.94,36.15
-95.90,36.13
-95.89,36.10
-95.89,36.00
-95.89,36.16
-95.88,36.06
-95.85,36.05
-95.85,36.08
-95.85,36.13
-95.79,36.16
-75.95,41.52
-88.72,34.26
-88.71,34.32
-87.57,33.21
-87.55,33.20
-87.54,33.23
-87.52,33.17
-87.47,33.18
-87.70,34.71
-85.69,32.43
-117.82,33.73
-117.82,33.74
-117.79,33.73
-116.10,34.14
-114.46,42.57
-81.45,41.31
-78.24,40.67
-81.64,34.73
-74.29,40.69
-89.08,36.41
-84.54,33.57
-74.03,40.77
-88.05,42.68
-88.11,30.68
-79.74,39.91
-117.67,34.11
-85.49,40.45
-75.26,39.95
-83.25,40.83
-83.74,40.11
-93.70,41.65
-83.03,42.67
-83.35,30.89
-83.32,30.84
-83.31,30.82
-85.18,32.85
-98.02,46.92
-75.45,40.10
-90.49,38.53
-120.83,38.19
-73.70,40.67
-87.14,41.55
-87.07,41.46
-87.05,41.47
-87.05,41.49
-82.25,27.92
-82.25,27.94
-118.47,34.22
-84.60,40.86
-122.66,45.68
-122.65,45.72
-122.60,45.68
-122.56,45.66
-122.56,45.62
-89.10,38.98
-84.19,39.89
-79.56,40.61
-78.78,35.59
-82.44,27.11
-119.30,34.28
-119.23,34.26
-119.21,34.28
-82.35,41.42
-96.92,42.79
-74.48,41.20
-72.43,41.86
-72.49,41.83
-80.45,27.64
-80.39,27.64
-80.37,27.56
-79.01,38.20
-90.88,32.32
-97.00,28.87
-117.40,34.51
-117.34,34.47
-117.32,34.51
-117.32,34.51
-117.29,34.49
-91.44,31.57
-82.38,32.21
-81.55,39.30
-81.52,39.34
-87.97,41.88
-84.94,33.72
-90.86,38.47
-87.52,38.69
-87.51,38.66
-75.04,39.49
-75.04,39.43
-75.00,39.48
-76.19,36.88
-76.18,36.84
-76.18,36.80
-76.18,36.86
-76.14,36.84
-76.13,36.87
-76.12,36.90
-76.11,36.82
-76.10,36.84
-76.07,36.82
-76.04,36.88
-76.02,36.85
-76.00,36.79
-75.98,36.86
-117.25,33.20
-117.25,33.20
-117.25,33.17
-75.01,39.85
-85.84,40.81
-97.19,31.53
-97.13,31.54
-95.13,46.45
-80.07,34.97
-80.06,34.97
-81.73,41.05
-96.62,41.21
-96.61,46.26
-158.18,21.44
-158.02,21.38
-78.54,35.98
-71.48,41.44
-76.93,38.61
-76.89,38.65
-74.12,41.01
-83.06,34.76
-90.86,30.47
-77.34,39.49
-83.48,42.54
-83.44,42.54
-72.81,41.48
-117.85,34.04
-75.59,40.76
-80.71,32.88
-80.71,32.88
-80.68,32.92
-71.24,42.36
-71.23,42.40
-84.63,38.92
-88.59,42.53
-86.89,41.43
-73.51,40.70
-84.18,40.56
-73.91,41.61
-82.22,34.37
-75.07,40.19
-83.67,32.55
-83.63,32.59
-83.08,42.45
-83.06,42.48
-83.05,42.50
-83.03,42.46
-83.01,42.49
-83.00,42.45
-82.99,42.52
-82.99,42.48
-80.86,41.24
-80.84,41.28
-80.82,41.21
-80.81,41.24
-80.78,41.27
-80.75,41.24
-71.27,41.72
-91.14,38.82
-77.81,38.72
-88.20,41.84
-75.14,40.21
-85.82,41.24
-74.36,41.26
-71.49,41.71
-71.48,41.73
-71.46,41.70
-71.44,41.73
-71.42,41.71
-119.35,35.60
-91.01,38.54
-91.01,38.54
-87.17,38.69
-83.01,42.78
-80.26,40.18
-80.23,40.18
-77.07,38.95
-77.06,35.56
-77.05,38.91
-77.04,38.92
-77.04,38.90
-77.04,38.97
-77.02,38.93
-77.02,38.90
-77.02,38.84
-77.00,38.91
-74.98,40.74
-83.42,39.55
-74.17,41.43
-122.38,45.58
-149.41,61.58
-73.05,41.56
-73.03,41.55
-73.00,41.54
-78.09,40.06
-88.21,42.75
-83.43,42.66
-83.39,42.69
-83.35,42.64
-72.14,41.38
-92.38,42.50
-92.36,42.46
-92.35,42.50
-92.32,42.47
-90.15,38.35
-89.00,43.18
-97.10,44.89
-88.73,43.19
-73.11,41.59
-71.18,42.37
-71.16,42.36
-69.68,44.55
-69.64,44.54
-69.63,44.56
-86.26,42.18
-87.74,40.78
-81.81,27.54
-88.15,42.26
-87.88,42.37
-87.88,42.35
-87.86,42.38
-87.85,42.41
-88.24,42.99
-88.20,43.03
-89.46,43.19
-84.14,41.57
-92.48,42.72
-82.98,39.13
-77.09,37.04
-96.84,32.41
-80.75,34.94
-82.34,31.21
-83.37,42.28
-75.44,40.08
-74.27,40.93
-74.24,40.96
-78.93,38.08
-78.90,38.07
-77.55,39.74
-80.16,39.90
-82.99,35.50
-93.50,44.97
-97.79,32.73
-82.57,35.70
-95.14,29.56
-71.87,42.06
-80.55,40.40
-105.00,40.70
-82.22,41.18
-111.91,41.64
-120.31,47.42
-89.06,41.03
-90.82,38.81
-97.99,26.17
-82.35,28.24
-73.34,40.69
-70.34,41.69
-88.20,43.43
-88.18,43.40
-74.30,40.85
-75.60,39.96
-75.59,39.93
-75.53,39.97
-88.19,41.88
-81.13,33.92
-81.11,34.00
-81.09,33.96
-81.08,33.98
-117.89,34.07
-93.81,41.59
-93.78,41.60
-93.70,41.58
-88.95,37.90
-72.95,41.28
-73.65,40.71
-111.94,40.59
-111.93,40.62
-86.92,40.45
-86.91,40.43
-86.87,40.50
-72.32,43.63
-90.19,35.15
-90.16,35.16
-92.16,32.52
-74.01,40.79
-73.96,41.10
-74.26,40.81
-80.27,26.66
-80.23,26.71
-80.23,26.68
-80.21,26.67
-80.15,26.71
-80.12,26.68
-80.11,26.65
-80.11,26.72
-80.10,26.78
-80.09,26.76
-80.09,26.67
-80.08,26.81
-80.08,26.69
-80.05,26.72
-88.66,33.63
-73.98,41.38
-71.17,42.27
-72.63,42.13
-72.60,42.10
-70.24,41.65
-71.61,42.29
-73.60,40.75
-87.90,41.83
-87.88,41.86
-71.81,41.36
-82.93,40.11
-82.93,40.15
-82.90,40.08
-89.49,43.89
-72.75,42.12
-71.42,42.57
-118.84,34.16
-83.39,42.31
-83.35,42.31
-83.33,42.35
-77.01,39.59
-76.98,39.56
-87.97,41.77
-73.33,41.14
-90.20,29.91
-90.15,29.90
-72.66,41.70
-86.21,32.52
-80.06,40.62
-70.96,42.21
-70.94,42.24
-105.11,39.79
-105.05,39.76
-88.14,41.86
-88.10,41.83
-82.86,38.72
-87.93,42.14
-80.73,40.07
-80.70,40.11
-86.31,43.41
-75.49,40.65
-75.48,40.63
-86.09,39.56
-86.35,39.95
-87.50,41.68
-71.65,42.12
-70.95,42.08
-83.79,42.45
-118.07,33.97
-118.04,33.96
-118.04,33.98
-98.54,33.87
-98.50,33.90
-112.72,33.97
-81.48,41.58
-89.15,30.85
-82.06,28.85
-82.05,28.86
-74.81,38.99
-75.81,41.25
-82.72,41.04
-109.84,32.26
-76.76,37.27
-76.74,37.26
-76.72,37.29
-76.71,37.27
-76.70,37.28
-82.47,34.63
-77.06,35.84
-74.99,39.69
-72.23,41.72
-74.89,40.05
-74.89,40.02
-95.04,45.11
-95.03,45.12
-95.02,45.12
-81.44,41.62
-81.37,41.64
-75.11,40.14
-76.28,39.99
-87.95,41.76
-118.27,33.78
-88.16,41.31
-77.94,34.23
-77.93,34.21
-77.92,34.29
-77.89,34.14
-77.89,34.24
-77.88,34.22
-77.88,34.31
-77.82,34.27
-75.64,39.73
-75.59,39.73
-75.55,39.80
-75.55,39.82
-71.14,42.54
-77.95,35.74
-77.93,35.75
-77.89,35.72
-122.77,45.30
-122.77,45.33
-84.96,40.17
-84.20,38.00
-71.14,42.46
-75.30,40.84
-83.72,33.99
-81.04,41.23
-70.44,43.84
-76.95,36.00
-76.75,36.81
-72.67,41.92
-76.76,39.35
-76.75,39.31
-87.82,33.93
-80.45,34.98
-118.57,34.20
-94.39,29.83
-91.67,44.05
-75.00,39.74
-81.58,28.55
-81.73,28.04
-81.73,28.00
-81.36,28.59
-81.31,28.60
-81.31,28.58
-81.30,28.60
-81.27,28.65
-77.41,35.55
-89.80,43.63
-87.99,41.97
-74.09,40.85
-77.30,38.59
-77.30,38.65
-77.28,38.68
-77.26,38.65
-74.27,40.55
-73.26,42.40
-122.88,45.15
-122.83,45.15
-75.17,39.80
-75.13,39.83
-75.09,39.81
-77.51,38.13
-122.16,47.75
-118.60,34.17
-105.05,38.98
-82.04,34.74
-73.90,40.74
-88.43,42.31
-84.56,34.11
-84.52,34.09
-84.52,34.09
-122.25,48.51
-71.51,42.01
-81.95,40.85
-81.93,40.82
-71.84,42.24
-71.80,42.26
-71.80,42.26
-71.80,42.32
-71.76,42.25
-95.60,43.63
-90.78,35.25
-85.70,42.91
-85.69,42.88
-75.85,41.30
-81.07,36.95
-81.05,36.95
-83.94,39.68
-120.59,46.60
-120.54,46.59
-120.49,46.57
-120.48,46.61
-97.40,42.87
-90.39,32.86
-122.60,46.94
-73.86,40.93
-73.85,40.93
-73.83,40.98
-97.60,40.83
-81.23,34.99
-76.77,39.96
-76.74,39.98
-76.68,39.91
-76.68,39.96
-76.46,37.14
-73.81,41.33
-73.78,41.27
-88.44,41.66
-80.71,41.10
-80.66,41.06
-80.59,41.09
-80.59,41.02
-83.66,42.22
-83.65,42.23
-83.60,42.24
-121.64,39.14
-121.62,39.14
-117.05,34.03
-97.72,35.46
-81.71,30.62
-114.65,32.70
-114.62,32.68
-114.62,32.73
-114.62,32.60
-114.58,32.66
-82.02,39.90
-82.01,39.97
-78.33,35.82
-86.02,42.81
-87.83,42.46
-86.28,39.95
-119.19,35.53
